Count order,Area,Section,Count item,Unit of Measure,Pack,Supplier (count list),Suggested main SKU
1,General Ingredients,DRY STOCK,Caster Sugar,Kg,25kg,Brakes,BAKE-CAST-SUGR
2,General Ingredients,DRY STOCK,Light Brown Sugar,Kg,3kg,Brakes,LGHT-BROW-SUGR
3,General Ingredients,DRY STOCK,Icing Sugar,Kg,25kg,Brakes,BAKE-ICNG-SUGR
4,General Ingredients,DRY STOCK,HP Plain Flour,Kg,X,Homepride,BAKE-PLAN-FLOR
5,General Ingredients,DRY STOCK,HP Self Raising Flour,Kg,X,Homepride,SELF-RASG-FLOR
6,General Ingredients,DRY STOCK,Baking Powder,Kg,3.5kg,Brakes,ADD ITEM
7,General Ingredients,DRY STOCK,Bicarbonate of Soda,Kg,1kg,Brakes,ADD ITEM
8,General Ingredients,DRY STOCK,Salt,Kg,3kg,Brakes,ADD ITEM
9,General Ingredients,DRY STOCK,Cornflour,Kg,3.5kg,Brakes,BAKE-CORN-FLOR
10,General Ingredients,WET STOCK,Long Life Rapeseed Oil,l,20l,Brakes,ADD ITEM
11,General Ingredients,WET STOCK,Long Life Semi Skimmed Milk,l,1l,Brakes,SEMI-SKIM-MILK — Semi-Skimmed Milk
12,General Ingredients,WET STOCK,Whole Eggs,each,180,Brakes,DAIR-MEDM-EGGS
13,General Ingredients,WET STOCK,Egg Whites,Kg,1kg,Brakes,LIQD-EGG-WHIT — Liquid Egg White
14,General Ingredients,WET STOCK,Unsalted Butter,Kg,250g,Brakes,DAIR-UNSL-BUTR
15,General Ingredients,WET STOCK,Stork,Kg,2kg,Brakes,STOR-BUTR-ALTN
16,General Ingredients,WET STOCK,Cream Cheese,Kg,2kg,Brakes,ADD ITEM
17,General Ingredients,WET STOCK,Frozen Fruits,Kg,1kg,Brakes,FRUT-FORE-MIX
18,General Ingredients,CHOCOLATE,White Chocolate,Kg,12kg,JM Posner,ADD ITEM
19,General Ingredients,CHOCOLATE,Milk Chocolate,Kg,12kg,JM Posner,MILK-CHOC-COUV — Milk Chocolate (Couverture)
20,General Ingredients,CHOCOLATE,Dark Chocolate,Kg,10kg,JM Posner,DARK-CHOC-COUV — Dark Chocolate (Couverture)
21,General Ingredients,DIETARIES,GF Plain Flour,Kg,5kg,Brakes,ADD ITEM
22,General Ingredients,DIETARIES,GF Self Raising Flour,Kg,5kg,Brakes,ADD ITEM
23,General Ingredients,DIETARIES,GF Baking Powder,Kg,500g,Brakes,ADD ITEM
24,General Ingredients,DIETARIES,Aquafaba - Oggs,l,1Ltr,Brakes,ADD ITEM
25,General Ingredients,DIETARIES,Long Life Soya Milk,l,1l,Brakes,DAIR-SOYA-MILK — Soya Milk
26,General Ingredients,DIETARIES,Long Life Oat Milk,l,1l,Brakes,DAIR-OAT-MILK — Oat Milk
27,General Ingredients,DIETARIES,Vegan Double Cream,l,1l,Brakes,ADD ITEM
28,General Ingredients,DIETARIES,Vegan (sheese) Cream Cheese,Kg,255g,Brakes,ADD ITEM
29,General Ingredients,DIETARIES,Vegan White Chocolate,Kg,2g,JM Posner,ADD ITEM
30,General Ingredients,DIETARIES,Vegan Milk/dark Chocolate,Kg,2kg,JM Posner,ADD ITEM
31,General Ingredients,FONDANT,White Fondant,Kg,10kg,Culpitt,BAKE-FOND-WHIT
32,General Ingredients,FONDANT,Black Fondant,Kg,10kg,Culpitt,BAKE-FOND-BLAK
33,General Ingredients,FONDANT,Red Fondant,Kg,10kg,Culpitt,BAKE-FOND-RED
34,General Ingredients,FONDANT,Pink Fondant,Kg,10kg,Culpitt,BAKE-FOND-PINK
35,General Ingredients,FONDANT,Yellow Fondant,Kg,10kg,Culpitt,BAKE-FOND-YELW
36,General Ingredients,FONDANT,Orange Fondant,Kg,10kg,Ren,BAKE-FOND-ORNG
37,General Ingredients,FONDANT,Blue Fondant,Kg,10kg,Culpitt,BAKE-FOND-BLUE
38,General Ingredients,FONDANT,Green Fondant,Kg,10kg,Culpitt,BAKE-FOND-GREN
39,General Ingredients,FONDANT,brown fondant,Kg,250g,culpitt,ADD ITEM
40,Creation Corner Ingredients,Essences,Vanilla,l,500ml,,BAKE-ESSN-VANL — Vanilla Essence
41,Creation Corner Ingredients,Essences,Lemon,l,500ml,,BAKE-ESSN-LEMN
42,Creation Corner Ingredients,Essences,Almond,l,500ml,,BAKE-ESSN-ALMD
43,Creation Corner Ingredients,Essences,Coffee,l,500ml,,BAKE-ESSN-COFF — Coffee Essence
44,Creation Corner Ingredients,Essences,Banana,l,500ml,,BAKE-ESSN-BANA — Banana Essence
45,Creation Corner Ingredients,Essences,Raspberry,l,500ml,,PROD-RASP-BERY
46,Creation Corner Ingredients,Essences,Strawberry,l,500ml,,BAKE-ESSN-STRW
47,Creation Corner Ingredients,Essences,Blackberry,l,500ml,,PROD-BLAK-BERY
48,Creation Corner Ingredients,Essences,Orange Blossom,l,500ml,,BAKE-ESSN-ORBL — Orange Blossom Essence
49,Creation Corner Ingredients,Essences,Mango,l,500ml,,BAKE-ESSN-MANG
50,Creation Corner Ingredients,Essences,Black Cherry,l,500ml,,BAKE-ESSN-BLCH — Black Cherry Essence
51,Creation Corner Ingredients,Essences,Butterscotch,l,500ml,,BAKE-ESSN-BTSC — Butterscotch Essence
52,Creation Corner Ingredients,Essences,Elderflower,l,500ml,,BAKE-ESSN-ELDR — Elderflower Essence
53,Creation Corner Ingredients,Essences,Rum & Raisin,l,500ml,,BAKE-ESSN-RMRS — Rum & Raisin Essence
54,Creation Corner Ingredients,Essences,Caramel,l,500ml,,BAKE-ESSN-CARA — Caramel Essence
55,Creation Corner Ingredients,Spices/Powders,Cinnamon,Kg,450g,,ADD ITEM
56,Creation Corner Ingredients,Spices/Powders,Ginger,Kg,450g,,ADD ITEM
57,Creation Corner Ingredients,Spices/Powders,Dessicated Coconut,Kg,2kg,,BAKE-DESI-COCO
58,Creation Corner Ingredients,Spices/Powders,Cocoa Powder,Kg,500g,,BAKE-COCO-POWD
59,Creation Corner Ingredients,Nuts,Hazelnuts,Kg,1kg,,NUTS-WHOL-HAZL — Whole Hazelnuts
60,Creation Corner Ingredients,Nuts,Walnuts,Kg,1kg,,NUTS-WALN-PIEC — Walnut Pieces
61,Creation Corner Ingredients,Nuts,Flaked Almonds,Kg,1kg,,BAKE-FLAK-ALMD
62,Creation Corner Ingredients,Nuts,Chopped Pistachio,Kg,1kg,,ADD ITEM
63,Creation Corner Ingredients,Sweets,Jelly Beans,Kg,3kg,,SWET-JELY-BEAN
64,Creation Corner Ingredients,Sweets,Chocolate Beans,Kg,5kg,,ADD ITEM
65,Creation Corner Ingredients,Sweets,Oreo Crumb,Kg,1kg,,ADD ITEM
66,Creation Corner Ingredients,Sweets,Biscoff Crumb,Kg,750g,,BAKE-BISC-CRUM
67,Creation Corner Ingredients,Sweets,Skittles,Kg,1.6kg,,ADD ITEM
68,Creation Corner Ingredients,Sweets,Pretzels,Kg,1kg,,ADD ITEM
69,Creation Corner Ingredients,Sprinkles,Green Confetti,Kg,4kg,,ADD ITEM
70,Creation Corner Ingredients,Sprinkles,Rainbow Sprinkles,Kg,12.5kg,,ADD ITEM
71,Creation Corner Ingredients,Sprinkles,Silver Pearl Mix,Kg,5kg,,ADD ITEM
72,Creation Corner Ingredients,Sprinkles,mini eggs,Kg,3kg,,ADD ITEM
73,Creation Corner Ingredients,Sprinkles,Sprinkletti Frosty,Kg,5kg,,ADD ITEM
74,Creation Corner Ingredients,Sprinkles,Mother of Pearl,Kg,12.5kg,,ADD ITEM
75,Creation Corner Ingredients,Sprinkles,Party Mix,Kg,5kg,,ADD ITEM
76,Creation Corner Ingredients,Sprinkles,"Red, Green & White Strands",Kg,5kg,,ADD ITEM
77,Creation Corner Ingredients,Sprinkles,Gold Pearls,Kg,4kg,,ADD ITEM
78,Creation Corner Ingredients,Sprinkles,Sprinkletti - Turquoise,Kg,5kg,,ADD ITEM
79,Creation Corner Ingredients,Sprinkles,Sugar Crunch Berry,Kg,5kg,,ADD ITEM
80,Creation Corner Ingredients,Sprinkles,happy flower mix,Kg,5kg,,ADD ITEM
81,Creation Corner Ingredients,Food Colouring - RB,Orange,l,100ml,ColourMill,ADD ITEM
82,Creation Corner Ingredients,Food Colouring - RB,Mint,l,100ml,ColourMill,ADD ITEM
83,Creation Corner Ingredients,Food Colouring - RB,Sky blue,l,100ml,ColourMill,ADD ITEM
84,Creation Corner Ingredients,Food Colouring - RB,Baby Pink,l,100ml,ColourMill,ADD ITEM
85,Creation Corner Ingredients,Food Colouring - RB,Candy,l,100ml,ColourMill,ADD ITEM
86,Creation Corner Ingredients,Food Colouring - RB,Purple,l,100ml,ColourMill,ADD ITEM
87,Creation Corner Ingredients,Food Colouring - RB,Red,l,100ml,ColourMill,COLR-MILL-RED
88,Creation Corner Ingredients,Food Colouring - RB,Brown,l,100ml,ColourMill,ADD ITEM
89,Creation Corner Ingredients,Food Colouring - RB,Yellow,l,100ml,ColourMill,COLR-MILL-YELL
90,Creation Corner Ingredients,Food Colouring - RB,Green,l,100ml,ColourMill,ADD ITEM
91,Creation Corner Ingredients,Food Colouring - RB,Royal blue,l,100ml,ColourMill,ADD ITEM
92,Creation Corner Ingredients,Food Colouring - RB,Black,l,100ml,ColourMill,ADD ITEM
93,Creation Corner Ingredients,Food Colouring - RB,White,l,100ml,ColourMill,ADD ITEM
94,Creation Corner Ingredients,Fondant,White Fondant,Kg,10kg,Culpitt,BAKE-FOND-WHIT
95,Creation Corner Ingredients,Fondant,Black Fondant,Kg,10kg,Culpitt,BAKE-FOND-BLAK
96,Creation Corner Ingredients,Fondant,Brown,Kg,10kg,,ADD ITEM
97,Creation Corner Ingredients,Fondant,Red Fondant,Kg,10kg,Culpitt,BAKE-FOND-RED
98,Creation Corner Ingredients,Fondant,Pink Fondant,Kg,10kg,Culpitt,BAKE-FOND-PINK
99,Creation Corner Ingredients,Fondant,Yellow Fondant,Kg,10kg,Culpitt,BAKE-FOND-YELW
100,Creation Corner Ingredients,Fondant,Orange Fondant,Kg,10kg,MADE IN HOUSE,BAKE-FOND-ORNG
101,Creation Corner Ingredients,Fondant,Purple Fondant,Kg,10kg,,ADD ITEM
102,Creation Corner Ingredients,Fondant,Dark Blue Fondant,Kg,10kg,Culpitt,ADD ITEM
103,Creation Corner Ingredients,Fondant,Light Blue Fondant,Kg,10kg,,ADD ITEM
104,Creation Corner Ingredients,Fondant,Green Fondant,Kg,10kg,Culpitt,BAKE-FOND-GREN
105,CAFE STOCK,Pastries,All Butter Crossiant,Kg,60g,Brakes,PSTY-BUTR-CROI
106,CAFE STOCK,Pastries,Almond Crossiant,Kg,95g,Brakes,PSTY-ALMD-CROI
107,CAFE STOCK,Pastries,Pain au Raisin,Kg,96g,Brakes,ADD ITEM
108,CAFE STOCK,Pastries,Pain au Chocolat,Kg,75g,Brakes,PSTY-PAIN-CHOC
109,CAFE STOCK,Pastries,Cheese Twist,Kg,90g,Brakes,PSTY-CHEE-TWST
110,CAFE STOCK,Pastries,Sausage Rolls,Kg,190g,Brakes,ADD ITEM
111,CAFE STOCK,Cakes,Vegan Chocolate Cake,each,1,Brakes,VEGN-CHOC-FUDG
112,CAFE STOCK,Cakes,GF Carrot Cake,each,1,Brakes,ADD ITEM
113,CAFE STOCK,Cakes,Caramel Cake,each,1,Brakes,BAKE-CARA-COOK
114,CAFE STOCK,Cakes,Banana & Toffee Loaf,each,1 x 19pt,Brakes,BANA-TOFF-LOAF
115,CAFE STOCK,Cakes,Lemon & Poppyseed Loaf,each,1 x 19pt,Brakes,LEMN-POPY-LOAF
116,CAFE STOCK,Breads,Sourdough,each,800g,Brakes,ADD ITEM
117,CAFE STOCK,Breads,Foccacia,each,6x6,Brakes,ADD ITEM
118,CAFE STOCK,Sandwich Fillings,Cheddar,Kg,1kg,Brakes,ADD ITEM
119,CAFE STOCK,Sandwich Fillings,Red Onion Chutney,Kg,2kg,Brakes,CARA-ONIO-CHUT
120,CAFE STOCK,Sandwich Fillings,Ham,Kg,454g,Brakes,SLIC-GAMM-HAM
121,CAFE STOCK,Sandwich Fillings,Emmental,Kg,500g (25 slices),Brakes,EMME-CHEE-SLIC
122,CAFE STOCK,Sandwich Fillings,Colmans Dijon Mustard,Kg,2.25l,Brakes,ADD ITEM
123,CAFE STOCK,Sandwich Fillings,Pesto,Kg,1.2kg,Brakes,ADD ITEM
124,CAFE STOCK,Sandwich Fillings,Fresh Mozzarella,Kg,125g,Brakes,CHEE-MOZZ-BALL
125,CAFE STOCK,Sandwich Fillings,Beef Tomato,Kg,1 x 5,Brakes,PROD-BEEF-TOMA
126,CAFE STOCK,Sandwich Fillings,Salt Beef,Kg,1kg,Brakes,ADD ITEM
127,CAFE STOCK,Sandwich Fillings,Smoked Cheddar Slices,Kg,1kg (50 slices),Brakes,SMOK-CHED-SLIC
128,CAFE STOCK,Sandwich Fillings,Sliced Pickles,Kg,2.3kg,Brakes,ADD ITEM
129,CAFE STOCK,Pre Packed Offering,Vegan Flapjack,Kg,85g,Brakes,ADD ITEM
130,CAFE STOCK,Pre Packed Offering,Gluten Free Caramel Shortcake,each,1 x 24,Brakes,ADD ITEM
131,CAFE STOCK,Pre Packed Offering,Raspberry & Almond Slice,Kg,60g,Brakes,ADD ITEM
132,CAFE STOCK,Pre Packed Offering,Shortbread,Kg,40g,Brakes,ADD ITEM
133,CAFE STOCK,Extras,Napkins,each,2000,Brakes,PACK-WHIT-NAPK — White Napkins
134,Bar Stock,Wines,Fat Barrel Sauvignon Blanc,bottle,75cl,LWC,ADD ITEM
135,Bar Stock,Wines,Sangiovese Primi soli,bottle,75cl,LWC,ADD ITEM
136,Bar Stock,Wines,Sea Change Pinot Grigio Rose,bottle,75cl,LWC,ADD ITEM
137,Bar Stock,Wines,Sea Change Provence Rosé,bottle,75cl,LWC,ADD ITEM
138,Bar Stock,Wines,Famiglia Botter Prosecco,bottle,75cl,LWC,ADD ITEM
139,Bar Stock,Wines,Castelli Pinot Grigio Doc,bottle,75cl,LWC,ADD ITEM
140,Bar Stock,Wines,Macon Lugny Les Genievres Louis,bottle,75cl,LWC,ADD ITEM
141,Bar Stock,Wines,Cramele Recas Pinot Noir,bottle,75cl,LWC,WINE-PINO-NOIR
142,Bar Stock,Wines,Alma De Chile Merlot Reserva,bottle,75cl,LWC,WINE-ALMA-MERL
143,Bar Stock,Wines,Champagne - Charles Joubert NV,bottle,75cl,LWC,WINE-CHAM-PAGN
144,Bar Stock,"Beer, Cider & Seltzer",Peroni 5.1% Nrb,bottle,330ml,Booker,ADD ITEM
145,Bar Stock,"Beer, Cider & Seltzer",Corona Extra Nrb,bottle,330ml,Booker,BEER-CORO-EXTR
146,Bar Stock,"Beer, Cider & Seltzer",Birra Moretti Nrb,bottle,330ml,Booker,BEER-BIRR-MORE
147,Bar Stock,"Beer, Cider & Seltzer",Kopparberg MF,bottle,500ml,Booker,ADD ITEM
148,Bar Stock,"Beer, Cider & Seltzer",Kopparberg S&L,bottle,500ml,Booker,ADD ITEM
149,Bar Stock,"Beer, Cider & Seltzer",Orchard Pig Reveller,bottle,12,LWC,ADD ITEM
150,Bar Stock,"Beer, Cider & Seltzer",Beavertown Gamma Ray,bottle,12,LWC,BEAV-GAMA-RAY
151,Bar Stock,"Beer, Cider & Seltzer",White Claw Rasp Seltzer,bottle,12,Booker,ADD ITEM
152,Bar Stock,"Beer, Cider & Seltzer",White Claw Black Cherry Seltzer,bottle,12,Booker,ADD ITEM
153,Bar Stock,Spirits,EAST SUPPLIER - 58&co Vodka (house vodka),bottle,5l,58&co,ADD ITEM
154,Bar Stock,Spirits,EAST SUPPLIER - 58&co Apple & Hisbiscus (summer crumble),bottle,5l,58&c0,ADD ITEM
155,Bar Stock,Spirits,EAST SUPPLIER - 58&co Gin (house gin),bottle,5l,58&c0,ADD ITEM
156,Bar Stock,Spirits,Absolut Vodka (house vodka),bottle,70cl,Booker,SPIR-ABSL-VODK — Absolut Vodka
157,Bar Stock,Spirits,Smirnoff Vodka,bottle,70cl,Booker,ADD ITEM
158,Bar Stock,Spirits,Belvedere Vodka,bottle,,Booker,SPIR-BELV-VODK
159,Bar Stock,Spirits,Bacardi White Rum,bottle,70cl,Booker,BACA-CART-BLAN
160,Bar Stock,Spirits,Captain Morgan Spiced,bottle,70cl,Booker,CAPT-MORG-SPIC
161,Bar Stock,Spirits,Jack Daniels Whiskey,bottle,70cl,Booker,ADD ITEM
162,Bar Stock,Spirits,Buffalo Trace Bourbon,bottle,70cl,Booker,BUFF-TRAC-BURB
163,Bar Stock,Spirits,Tanqueray Gin 43.1% (house gin),bottle,70cl,Booker,ADD ITEM
164,Bar Stock,Spirits,Tanqueray Royal,bottle,70cl,Booker,ADD ITEM
165,Bar Stock,Spirits,Gordons Gin,bottle,70cl,Booker,ADD ITEM
166,Bar Stock,Spirits,Gordons Pink Gin,bottle,,Booker,ADD ITEM
167,Bar Stock,Spirits,Glenfiddich 12 yr,bottle,70cl,Booker,ADD ITEM
168,Bar Stock,Spirits,Woodford Reserve,bottle,70cl,Booker,ADD ITEM
169,Bar Stock,Spirits,Olmeca Silver Tequila,bottle,70cl,Booker,ADD ITEM
170,Bar Stock,Spirits,Olmeca GoldTequila,bottle,70cl,Booker,ADD ITEM
171,Bar Stock,Spirits,Amaretto Disaronno,bottle,70cl,Booker,LIQR-DISA-AMAR
172,Bar Stock,Spirits,Baileys Irish Cream,bottle,70cl,Booker,BAIL-IRSH-CREM
173,Bar Stock,Spirits,Campari,bottle,70cl,Booker,LIQR-CAMP-ARI
174,Bar Stock,Spirits,Chambord Rasberry,bottle,1,LWC,LIQR-CHAM-BORD — Chambord
175,Bar Stock,Spirits,Aperol,bottle,70cl,Booker,LIQR-APER-APRT
176,Bar Stock,Spirits,Cointreau,bottle,70cl,Booker,LIQR-COIN-TREA
177,Bar Stock,Spirits,Pimm's No.1,bottle,70cl,LWC,ADD ITEM
178,Bar Stock,Spirits,Kahlua,bottle,70cl,Booker,ADD ITEM
179,Bar Stock,Spirits,Gordons Mediterranean Orange Gin,bottle,70cl,Booker,ADD ITEM
180,Bar Stock,Spirits,Mozart - Dark,bottle,50cl,Booker,ADD ITEM
181,Bar Stock,Spirits,Mozart - White Chocolate,bottle,50cl,Booker,ADD ITEM
182,Bar Stock,EXTRA'S - Cocktail Mix Ingredients,Orange Bitters,l,10cl,LWC,ANGO-ORNG-BITT — Angostura Orange Bitters
183,Bar Stock,EXTRA'S - Cocktail Mix Ingredients,Cocktail Bitters,l,10cl,Booker,SPIR-ANGO-BITT
184,Bar Stock,EXTRA'S - Cocktail Mix Ingredients,Simple Syrup/Sugar Syrup,l,Made in house 1:1 water & sugar,In House,ADD ITEM
185,Bar Stock,EXTRA'S - Cocktail Mix Ingredients,Agave Nectar,l,360ml,LWC,BAKE-AGAV-SYRP — Agave Syrup
186,Bar Stock,EXTRA'S - Cocktail Mix Ingredients,Martini Rosso,l,70cl,LWC,ADD ITEM
187,Bar Stock,EXTRA'S - Cocktail Mix Ingredients,Rooibos Tea Simple Syrup,l,Made in house 1:1 water & sugar & rooibos tea added during boiling,In House,ADD ITEM
188,Bar Stock,EXTRA'S - Cocktail Mix Ingredients,Bacardi Gold Rum,l,70cl,Booker,ADD ITEM
189,Bar Stock,EXTRA'S - Cocktail Mix Ingredients,Monin Cherry Syrup,l,70cl,Booker,ADD ITEM
190,Bar Stock,EXTRA'S - Cocktail Mix Ingredients,Kakuzo Yuzu Gin Liqueur,l,70cl,LWC,ADD ITEM
191,Bar Stock,EXTRA'S - Cocktail Mix Ingredients,Chase Rhubarb & Apple Gin - TO REPLACE 58&CO APPLE & HIBISCUS for bham & mcr,l,70cl,Booker,ADD ITEM
192,Bar Stock,EXTRA'S - Cocktail Mix Ingredients,Strawberry Shrub,l,75cl,LWC,BAR-STRW-SYRP
193,Bar Stock,EXTRA'S - Cocktail Mix Ingredients,Raspberry Shrub,l,,,BAR-RASP-SYRP
194,Bar Stock,EXTRA'S - Cocktail Mix Ingredients,Peach Puree Funkin,Kg,1kg,Booker,ADD ITEM
195,Bar Stock,EXTRA'S - Cocktail Mix Ingredients,Lime Puree Funkin,Kg,1kg,Booker,ADD ITEM
196,Bar Stock,EXTRA'S - Cocktail Mix Ingredients,Passion Fruit Puree Funkin,Kg,1kg,Booker,ADD ITEM
197,Bar Stock,EXTRA'S - Cocktail Mix Ingredients,cherry Puree Funkin,Kg,1kg,Booker,ADD ITEM
198,Bar Stock,EXTRA'S - Cocktail Mix Ingredients,Mango Puree Funkin,Kg,1kg,Booker,ADD ITEM
199,Bar Stock,EXTRA'S - Cocktail Mix Ingredients,Strawberry Puree Funkin,Kg,1kg,Booker,ADD ITEM
200,Bar Stock,EXTRA'S - Cocktail Mix Ingredients,Monin Grenadine,l,1l,LWC,BAR-GREN-SYRP — Grenadine Syrup
201,Bar Stock,Soft/Mixers,Marlish Sparkling Water,l,330ml,LWC,ADD ITEM
202,Bar Stock,Soft/Mixers,Marlish Still Water,l,330ml,LWC,STIL-BOTL-WATR
203,Bar Stock,Soft/Mixers,Coca Cola,l,330ml,Booker,SOFT-COKE-BOTL
204,Bar Stock,Soft/Mixers,Coca Cola Zero,l,330ml,Booker,COKE-ZERO-CANS
205,Bar Stock,Soft/Mixers,Diet Coca Cola,l,200ml,Booker,COKE-DIET-CANS
206,Bar Stock,Soft/Mixers,R.Whites Lemonade Can,l,330ml,Booker,SOFT-RWHT-LEMN
207,Bar Stock,Soft/Mixers,Fever Tree Ginger Beer,l,200ml,LWC,ADD ITEM
208,Bar Stock,Soft/Mixers,Fever Tree Indian Tonic Water,l,200ml,Booker,ADD ITEM
209,Bar Stock,Soft/Mixers,Fever Tree Light Tonic Water,l,200ml,Booker,ADD ITEM
210,Bar Stock,Soft/Mixers,Cranberry Juice,l,1ltr,Booker,ADD ITEM
211,Bar Stock,Soft/Mixers,Orange Juice,l,1ltr,Booker,JUIC-FRUT-ORG
212,Bar Stock,Soft/Mixers,Pineapple Juice,l,1ltr,Booker,JUIC-FRUT-PIN
213,Bar Stock,Soft/Mixers,Apple Juice,l,1ltr,Booker,JUIC-FRUT-APP
214,Bar Stock,Soft/Mixers,Fever Tree Soda Water,l,200ml,Booker,ADD ITEM
215,Bar Stock,Soft/Mixers,London Essence Peach & Jasmine Soda,l,200ml,LWC,ADD ITEM
216,Bar Stock,Soft/Mixers,London Essence Roasted Pineapple Soda,l,200ml,LWC,ADD ITEM
217,Bar Stock,Soft/Mixers,Redbull,l,250ml,Booker,ADD ITEM
218,Bar Stock,Soft/Mixers,J20 O&P,l,275ml,Booker,ADD ITEM
219,Bar Stock,Soft/Mixers,J20 A&R,l,275ml,Booker,ADD ITEM
220,Bar Stock,Soft/Mixers,Fruit Shoot Orange,l,275ml,Booker,ADD ITEM
221,Bar Stock,Soft/Mixers,Fruit Shoot Apple & Blackcurrant,l,275ml,Booker,ADD ITEM
222,Bar Stock,Soft/Mixers,Apple & Blackcurrant Squash,l,750ml,Booker,ADD ITEM
223,Bar Stock,Alcohol Free,Corona 0.0% Alc-free,l,24,LWC,CORO-CERO-NALC — Corona Cero (Alcohol-Free)
224,Bar Stock,Alcohol Free,Nozecco,l,75cl,Booker,ADD ITEM
225,Bar Stock,Alcohol Free,0% S&L Koppaberg,l,8,Booker,ADD ITEM
226,Bar Stock,Other,Luxardo Cherries,Kg,950g/400g,LWC,ADD ITEM
227,Bar Stock,Other,Agave,l,360ml,LWC,BAKE-AGAV-SYRP — Agave Syrup
228,Bar Stock,Other,Cocktail Sticks,each,2000pk,Booker,BAMB-COCK-STIK
229,Bar Stock,Other,Bamboo Cocktail Skewers,each,200pk,Booker,ADD ITEM
230,Bar Stock,Other,Large Ice Cubes,Kg,10kg,Brakes/Booker,ADD ITEM
231,Bar Stock,Other,Fizzy Cherry Sweets,Kg,2.5kg,Wholesale Sweets,FIZZ-PRTY-SWET — Fizzy Party Mix Sweets
232,Bar Stock,Other,Lemon Jelly Sweets,Kg,1kg,Wholesale Sweets,ADD ITEM
233,Bar Stock,Other,Rainbow Sprinkles (from CC),Kg,5kg (CC),Twist Ingredients,ADD ITEM
234,Bar Stock,Other,Demerara Sugar,Kg,3kg,Booker,BAKE-DEME-SUGR
235,Bar Stock,Other,Meringue,Kg,,Tesco (minimal amount),ADD ITEM
236,Bar Stock,Other,Jasmin Flowers,Kg,60g,Amazon,ADD ITEM
237,Bar Stock,Other,Milk,l,1l,Brakes,DAIR-WHOL-MILK — Whole Milk
238,Bar Stock,Other,Oat Milk,l,1l,Booker,DAIR-OAT-MILK
239,Bar Stock,Other,Soya Milk,l,1l,Booker,DAIR-SOYA-MILK
240,Bar Stock,Other,Whipped Cream (aerosol),Kg,500g,Booker,DAIR-AERO-CREM
241,Bar Stock,Other,Rock/Sea Salt (Margarita),Kg,500g,Brakes/Booker,ADD ITEM
242,Bar Stock,Other,Dehydrated Orange Slices,Kg,,Made in House,ADD ITEM
243,Bar Stock,Other,Dried Apple Chips,Kg,,Made in House,ADD ITEM
244,Bar Stock,Other,Mint,Kg,100g,Brakes/Booker,PROD-FRSH-MINT
245,Bar Stock,Other,Strawberries,Kg,400g,Brakes/Booker,ADD ITEM
246,Bar Stock,Other,Cucumber,Kg,,Brakes/Booker,PROD-CUCU-MBER
247,Bar Stock,Other,Lemons,Kg,20,Brakes/Booker,ADD ITEM
248,Bar Stock,Other,Limes,Kg,4kg,Brakes/Booker,ADD ITEM
249,Bar Stock,Other,Oranges,each,10 pack,Brakes/Booker,ADD ITEM
250,Bar Stock,Hot Drinks,Hot Chocolate Powder,Kg,2kg,Booker,ADD ITEM
251,Bar Stock,Hot Drinks,Coffee Beans,Kg,1kg,PACT,ADD ITEM
252,Bar Stock,Hot Drinks,Decaff Coffee - Ground,Kg,1kg,PACT,ADD ITEM
253,Bar Stock,Hot Drinks,Tea Bags,each,2040,Brakes,ADD ITEM
254,Bar Stock,Hot Drinks,Earl Grey Tea,each,100,Brakes,ADD ITEM
255,Bar Stock,Hot Drinks,Peppermint Tea,each,20,Brakes,ADD ITEM
256,Bar Stock,Hot Drinks,Green Tea,each,20,Brakes,ADD ITEM
257,Bar Stock,Hot Drinks,Rooibos Tea,each,20,Amazon,ADD ITEM
258,Bar Stock,Hot Drinks,Strawberry & Raspberry Tea,each,12 x 20,Brakes,ADD ITEM
259,Bar Stock,Hot Drinks,Decaff Tea,each,200,Brakes,ADD ITEM
260,Corporate Food,BREAKFAST,Pastries,each,120 pieces,Brakes,MINI-PSTY-SELN
261,Corporate Food,BREAKFAST,GF Pastries,each,,Brakes,ADD ITEM
262,Corporate Food,LUNCH,Quiche Lorraine & Leek quiche,each,4,Brakes,FOOD-QUIC-LORR — Quiche Lorraine
263,Corporate Food,LUNCH,Tater Tots,each,4,Brakes,ADD ITEM
264,Corporate Food,LUNCH,Chicken Strips,Kg,2kg (approx 80),Brakes,ADD ITEM
265,Corporate Food,LUNCH,Gluten Free Chicken Strips,Kg,2kg,Brakes,ADD ITEM
266,Corporate Food,LUNCH,Vegan Chicken Strips,Kg,1kg,Brakes,VEGN-CHIK-TEND — Vegan Chicken Tenders
267,Corporate Food,LUNCH,Sysco Simply Plant Based Veg & Sundried Tomato Tart,each,18,Brakes,ADD ITEM
268,Corporate Food,LUNCH,Sysco Simply Plant Based Veg Tagine Tart,each,18,Brakes,ADD ITEM
269,Corporate Food,LUNCH,Sausage Rolls,each,40 pieces,Brakes,ADD ITEM
270,Corporate Food,LUNCH,Vegan Sausage roll,each,60 pieces,Brakes,VEGN-SAUS-ROLL
271,Corporate Food,LUNCH,Pea Shoots,Kg,100g,Brakes,ADD ITEM
272,Corporate Food,LUNCH,Roquette,Kg,250g,Brakes,PROD-ROCK-LEAF
273,Corporate Food,LUNCH,Lettuce,Kg,250g,Brakes,ADD ITEM
274,Corporate Food,LUNCH,Vinegrette,l,1l,Brakes,ADD ITEM
275,Corporate Food,LUNCH,Carrots,Kg,1,Brakes,ADD ITEM
276,Corporate Food,LUNCH,Cucumber,Kg,1,Brakes,PROD-CUCU-MBER
277,Corporate Food,LUNCH,Tomatoes,Kg,250g,Brakes,PROD-BEEF-TOMA — Beef Tomatoes
278,Corporate Food,LUNCH,Figs,Kg,6,Brakes,ADD ITEM
279,Corporate Food,LUNCH,Strawberries,Kg,400g,Brakes,ADD ITEM
280,Corporate Food,LUNCH,Cheese,each,4 x Cheeses,Brakes,BRIT-CHEE-SELN
281,Corporate Food,LUNCH,Crackers,Kg,800g,Brakes,SNAC-CRAC-KERS
282,Corporate Food,LUNCH,Red Grapes,Kg,500g,Brakes,PROD-GREN-GRAP
283,Corporate Food,LUNCH,Green Grapes,Kg,500g,Brakes,PROD-GREN-GRAP
284,Corporate Food,LUNCH,Red Onion Chutney,Kg,2.35kg,Brakes,CARA-ONIO-CHUT
285,Corporate Food,LUNCH,Hummus,Kg,1kg,Brakes,ADD ITEM
286,Corporate Food,LUNCH,Guacamole,Kg,1 tubs,Brakes,FOOD-GUAC-MOLE
287,Corporate Food,LUNCH,Tortilla Chips,each,14 bags,Brakes,ADD ITEM
288,Corporate Food,LUNCH,Falafel,Kg,25g,Brakes,ADD ITEM
289,Corporate Food,LUNCH,Mushroom Arancini,Kg,1.4kg,Brakes,PORC-MUSH-ARAN
290,Corporate Food,LUNCH,Salsa,Kg,1 tub,,ADD ITEM
291,Corporate Food,LUNCH,Olives,Kg,1kg,Brakes,PITT-MIXD-OLIV
292,Corporate Food,LUNCH,Crisps,Kg,450g,Brakes,ADD ITEM
293,Corporate Food,LUNCH,Popcorn,Kg,90g,Brakes,ADD ITEM
294,Corporate Food,BAR FOOD,Chicken Strips,Kg,2kg (approx 80),Brakes,ADD ITEM
295,Corporate Food,BAR FOOD,Halloumi Fries,Kg,1kg,Brakes,ADD ITEM
296,Corporate Food,BAR FOOD,Tater Tots,Kg,1kg,Brakes,ADD ITEM
297,Corporate Food,BAR FOOD,Flatbreads,each,18,Brakes,ADD ITEM
298,Corporate Food,BAR FOOD,Pizza/Marinara Sauce,Kg,3kg,Brakes,COND-PIZA-SAUC — Pizza Sauce
299,Corporate Food,BAR FOOD,Beef Pepperoni,Kg,1kg,Brakes,HALA-BEEF-PEPP
300,Corporate Food,BAR FOOD,Grated Mozzarella,Kg,2kg,Brakes,ADD ITEM
301,Corporate Food,BAR FOOD,Grated Cheddar (nachos only),Kg,1kg,Brakes,ADD ITEM
302,Corporate Food,BAR FOOD,Pitta Breads,each,pack of 6,Brakes,ADD ITEM
303,Corporate Food,BAR FOOD,Tortilla Chips,Kg,300g,Brakes,ADD ITEM
304,Corporate Food,BAR FOOD,Vegan Chicken Strips,Kg,3kg,Brakes,ADD ITEM
305,Corporate Food,BAR FOOD,Vegan Cheese,Kg,1kg,Brakes,ADD ITEM
306,Corporate Food,BAR FOOD,Hot Honey,Kg,1kg,Booker,ADD ITEM
307,Corporate Food,BAR FOOD,Basil,Kg,100g,Brakes,PROD-FRSH-BASL — Fresh Basil
308,Corporate Food,BAR FOOD,Garlic Spread,Kg,1.5kg,Brakes,COND-GARL-SPRD
309,Corporate Food,BAR FOOD,Foccacia,each,36,Brakes,ADD ITEM
310,Corporate Food,BAR FOOD,Mushroom Arancini,Kg,40,Brakes,PORC-MUSH-ARAN
311,Corporate Food,BAR FOOD,Cauliflower wings,Kg,1kg,Brakes,SAVR-CAUL-WING
312,Corporate Food,BAR FOOD,Beef Tomatoes,Kg,5,Brakes,PROD-BEEF-TOMA
313,Corporate Food,BAR FOOD,Whole Mozzarella,Kg,125g,Brakes,CHEE-BUFF-MOZZ — Buffalo Mozzarella
314,Corporate Food,BAR FOOD,Camembert,Kg,240g,Brakes,CHEE-CAME-BERT
315,Corporate Food,BAR FOOD,Baby Salad,Kg,80g,Brakes,ADD ITEM
316,Corporate Food,Sauces/Dips,Mayonnaise,l,2.2l,Brakes,ADD ITEM
317,Corporate Food,Sauces/Dips,Ketchup,l,2.15,Brakes,ADD ITEM
318,Corporate Food,Sauces/Dips,Ranch,l,2.27,Brakes,ADD ITEM
319,Corporate Food,Sauces/Dips,Chilli Jam,l,1.25l,Brakes,COND-CHIL-JAM
320,Corporate Food,Sauces/Dips,BBQ,l,2.15l,Brakes,ADD ITEM
321,Corporate Food,Sauces/Dips,Vegan Mayonnaise,l,1l,Brakes,ADD ITEM
322,Corporate Food,Sauces/Dips,Olive Oil,l,5l,Brakes,ADD ITEM
323,Corporate Food,Sauces/Dips,Guacamole,Kg,1kg,Brakes,FOOD-GUAC-MOLE
324,Corporate Food,Sauces/Dips,Hummus,Kg,1kg,Brakes,ADD ITEM
325,Corporate Food,Sauces/Dips,Sour Cream,Kg,890g,Brakes,DAIR-SOUR-CREM
326,Corporate Food,Sauces/Dips,Buffalo Sauce,Kg,3.78l,Brakes,ADD ITEM
327,Corporate Food,Sauces/Dips,Balsamic Glaze,l,400ml,Brakes,COND-BALS-GLAZ
328,Corporate Food,Sauces/Dips,Schwartz Sriracha Seasoning,Kg,320g,Brakes,ADD ITEM
329,Corporate Food,Bar Snacks,Olives,Kg,1kg,Brakes,ADD ITEM
330,Corporate Food,Bar Snacks,Chilli Peanuts,Kg,1kg,Brakes,ADD ITEM
331,Corporate Food,Bar Snacks,Salted Mixed Nuts & Corn,Kg,1kg,Brakes,ADD ITEM
332,Corporate Food,Bar Snacks,Popcorn,Kg,90g,Brakes,ADD ITEM
333,Corporate Food,Bar Snacks,Kettle Salted,Kg,40g,Brakes,KETL-CHIP-SALT — Kettle Chips - Lightly Salted
334,Corporate Food,Bar Snacks,Kettle Salt & Vinegar,Kg,40g,Brakes,ADD ITEM
335,Corporate Food,Bar Snacks,Kettle Cheese & Onion,Kg,40g,Brakes,ADD ITEM
336,Corporate Food,Bar Snacks,Kettle Sweet Chilli,Kg,40g,Brakes,KETL-CHIP-SWCH
337,MERCHANDISE,Boxes and Bags,Large 'The Big Bakes' cake boxes with handle,each,,Alibaba - Shenzhen Zhencheng Packing Products Co Ltd,ADD ITEM
338,MERCHANDISE,Boxes and Bags,Small 'The Big Bakes' cake boxes with handle,each,,Alibaba - Shenzhen Zhencheng Packing Products Co Ltd,ADD ITEM
339,MERCHANDISE,Boxes and Bags,Pizza Boxes,each,,Alibaba - Shenzhen Zhencheng Packing Products Co Ltd,ADD ITEM
340,MERCHANDISE,Boxes and Bags,Chicken Takeaway Boxes,each,,Alibaba - Shenzhen Zhencheng Packing Products Co Ltd,ADD ITEM
341,MERCHANDISE,Boxes and Bags,Grease Proof Bags,each,,Alibaba - Shenzhen Zhencheng Packing Products Co Ltd,ADD ITEM
342,MERCHANDISE,Cups,12oz paper cups + white plastic lids,each,,Alibaba - Shenzhen Zhencheng Packing Products Co Ltd,ADD ITEM
343,MERCHANDISE,Cups,16oz paper cups + white plastic lids,each,,Alibaba - Shenzhen Zhencheng Packing Products Co Ltd,ADD ITEM
344,MERCHANDISE,Cups,4oz paper cups + white plastic lids,each,,Alibaba - Shenzhen Zhencheng Packing Products Co Ltd,ADD ITEM
345,MERCHANDISE,Cups,14oz Plastic Cups + Clear Plastic Flat Lids,each,,Alibaba - Shenzhen Zhencheng Packing Products Co Ltd,ADD ITEM
346,MERCHANDISE,Parchment,27 x 25 cm Parchment Food Paper,each,,Alibaba - Shenzhen Zhencheng Packing Products Co Ltd,ADD ITEM
347,MERCHANDISE,Pins,The Big London Bake Logo Pin,each,single pin,Alibaba - Shenzhen Zhencheng Packing Products Co Ltd,ADD ITEM
348,MERCHANDISE,Pins,The Big Manchester Bake Logo Pin,each,single pin,Alibaba - Shenzhen Zhencheng Packing Products Co Ltd,ADD ITEM
349,MERCHANDISE,Pins,The Big Birmingham Bake Logo Pin,each,single pin,Alibaba - Shenzhen Zhencheng Packing Products Co Ltd,ADD ITEM
350,MERCHANDISE,Pins,The Big Liverpool Bake Logo Pin,each,single pin,Alibaba - Shenzhen Zhencheng Packing Products Co Ltd,ADD ITEM
351,MERCHANDISE,Pins,The Big Bakes Logo Pin,each,single pin,Alibaba - Shenzhen Zhencheng Packing Products Co Ltd,ADD ITEM
352,MERCHANDISE,Pins,The Big Bakes Logo Pin (Gold variant),each,single pin,Alibaba - Shenzhen Zhencheng Packing Products Co Ltd,ADD ITEM
353,MERCHANDISE,Pins,The Birthday Baker Logo Pin,each,single pin,Alibaba - Shenzhen Zhencheng Packing Products Co Ltd,ADD ITEM
354,MERCHANDISE,Pins,The Young Baker Logo Pin,each,single pin,Alibaba - Shenzhen Zhencheng Packing Products Co Ltd,ADD ITEM
355,MERCHANDISE,Pins,Bakers hats,each,single pin,Alibaba - Shenzhen Zhencheng Packing Products Co Ltd,ADD ITEM
356,MERCHANDISE,Pins,London Set: Victoria Sponge + City Cake + Mixer Pin,each,three pin packs,Alibaba - Shenzhen Zhencheng Packing Products Co Ltd,ADD ITEM
357,MERCHANDISE,Pins,Manchester Set: Manchester Tart Cake + Logo + Oven Mit Pin,each,three pin packs,Alibaba - Shenzhen Zhencheng Packing Products Co Ltd,ADD ITEM
358,MERCHANDISE,Pins,Birmingham Set: Cadbury Bar + Logo + Flour Bag Pin,each,three pin packs,Alibaba - Shenzhen Zhencheng Packing Products Co Ltd,ADD ITEM
359,MERCHANDISE,Pins,Liverpool Set: Wet Nelly + Logo + Scales Pin,each,three pin packs,Alibaba - Shenzhen Zhencheng Packing Products Co Ltd,ADD ITEM
360,MERCHANDISE,Aprons,Teal TBB Apron,each,60 per box,Supreme Creations,ADD ITEM
361,MERCHANDISE,Aprons,Orange Birthday Baker Apron,each,40 per box,Supreme Creations,ADD ITEM
362,MERCHANDISE,Aprons,White Bride to Be Apron,each,30 per box,Supreme Creations,ADD ITEM
363,MERCHANDISE,Aprons,Peach Bride Tribe Apron,each,40 per box,Supreme Creations,ADD ITEM
364,MERCHANDISE,T shirts,Cake it till you make it - size XS,each,,,ADD ITEM
365,MERCHANDISE,T shirts,Cake it till you make it - size S,each,,,ADD ITEM
366,MERCHANDISE,T shirts,Cake it till you make it - size M,each,,,ADD ITEM
367,MERCHANDISE,T shirts,Cake it till you make it - size L,each,,,ADD ITEM
368,MERCHANDISE,T shirts,Cake it till you make it - size XL,each,,,ADD ITEM
369,MERCHANDISE,T shirts,Cake it till you make it - size XXL,each,,,ADD ITEM
370,MERCHANDISE,T shirts,Grey TBB Logo - size XS,each,,,ADD ITEM
371,MERCHANDISE,T shirts,Grey TBB Logo - size S,each,,,ADD ITEM
372,MERCHANDISE,T shirts,Grey TBB Logo - size M,each,,,ADD ITEM
373,MERCHANDISE,T shirts,Grey TBB Logo - size L,each,,,ADD ITEM
374,MERCHANDISE,T shirts,Grey TBB Logo - size XL,each,,,ADD ITEM
375,MERCHANDISE,T shirts,Grey TBB Logo - size XXL,each,,,ADD ITEM
376,MERCHANDISE,T shirts,Legend in the Baking - size XS,each,,,ADD ITEM
377,MERCHANDISE,T shirts,Legend in the Baking - size S,each,,,ADD ITEM
378,MERCHANDISE,T shirts,Legend in the Baking - size M,each,,,ADD ITEM
379,MERCHANDISE,T shirts,Legend in the Baking - size L,each,,,ADD ITEM
380,MERCHANDISE,T shirts,Legend in the Baking - size XL,each,,,ADD ITEM
381,MERCHANDISE,T shirts,Legend in the Baking - size XXL,each,,,ADD ITEM
382,MERCHANDISE,Tote Bags,Cotton Basic Tote Bag,each,,,ADD ITEM
383,MERCHANDISE,Wooden Spoons,Wooden Spoons,each,,,ADD ITEM
384,MERCHANDISE,Wooden Spoons,Cake Slicers,each,each,Alibaba,ADD ITEM
385,MERCHANDISE,Wooden Spoons,Hats,each,each,Alibaba,ADD ITEM
386,MERCHANDISE,Wooden Spoons,Golden egg pins,each,,,ADD ITEM