suggested_name,stock_item,category,group_id,sku,supplier,pack_size,sheet
"8"" Parchment Circles","100 Pcs Baking Parchment Circles, 8 Inch Round Cake Liners Baking Parchment Circles Baking Paper for Round Cake Tin Air Fryer Springform Cake Tin Tortilla Press",equipment,4,B09B4XC389,Amazon,,Sheet1
"8"" Parchment Circles","8"" Round Plain Greaseproof Paper",equipment,4,19P-GRR08,Culpitt,1000,Sheet1
"8"" Parchment Circles","8 Inch Baking Parchment Circles, Set of 100, 7/9/10/12inch Cake Tin Liners Available, Round Parchment Papers for Springform Cake Tin, Pizza Maker, Tortilla Press and More",equipment,4,B08HVC5HBG,Amazon,Set of 100,Sheet1
A4 Laminating Pouches,"120 Sheets Deskit Laminating Pouches A4, Gloss, 150 Microns - Clear and Durable Presentations - Ideal Rigidity for Everyday Use",equipment,7,,Amazon,120 Sheets,Sheet1
A4 Laminating Pouches,"120 Sheets Deskit Laminating Pouches A4, Gloss, 150 Microns - Clear and Durable Presentations - Ideal Rigidity for Everyday Use",equipment,7,B0170BUOCA,Amazon,,Sheet1
Till Rolls,"20 Rolls of Premium 80 x 80mm Thermal Paper Till Rolls, Receipt for EPOS POS, Cash Register, Credit Card Machine PDQ, for Epson Citizen Printer",equipment,18,TH243 CBM232 CBM233 CBM253,Amazon,20 Rolls,Sheet1
Till Rolls,"20 Rolls of Premium 80 x 80mm Thermal Paper Till Rolls, Receipt for EPOS POS, Cash Register, Credit Card Machine PDQ, for Epson Citizen Printer TH243 CBM232 CBM233 CBM253",equipment,18,,Amazon,20 Rolls,Sheet1
"6"" Parchment Circles","200 Pcs Baking Parchment Circles, 6 Inch Cake Liner Parchment CirclesRound Parchment Paper Cake Tin Liners for Round Cake Tin Air Fryer Springform Tortilla Press",equipment,19,B09B4WSWGC,Amazon,,Sheet1
"6"" Parchment Circles","6"" Round Plain Greaseproof Paper",equipment,19,19P-GRR06,Culpitt,1000,Sheet1
"21"" Piping Bags","18"" Blue High Grip Savoy Piping Bags - Required:",equipment,21,BAGS0001,Cater 4 You,Box of 500,Sheet1
"21"" Piping Bags","21"" Stronghold Disposable Piping Bags",equipment,21,25100021,Cater 4 You,Box of 500,Sheet1
"21"" Piping Bags","21"" Stronghold Disposable Piping Bags",equipment,21,,Cater 4 You,Box of 500,Sheet1
"21"" Piping Bags","21"" Stronghold Disposable Piping Bags",equipment,21,25100021,Cater for you,Box of 500,Sheet1
"21"" Piping Bags","21"" Stronghold Disposable Piping Bags - Box / Case",equipment,21,,Cater 4 You,,Sheet1
"21"" Piping Bags","21"" Stronghold Disposable Piping Bags - Required:",equipment,21,25100021,Cater 4 You,Box of 500,Sheet1
"21"" Piping Bags","21"" Stronghold Disposable Piping Bags - Required:",equipment,21,25100021,Cater for you,Box of 500,Sheet1
"21"" Piping Bags","21"" Stronghold Disposable Piping Bags - Required: Box",equipment,21,25100021,Cater for you,Box of 500,Sheet1
"21"" Piping Bags","21"" Stronghold Disposable Piping Bags - Required: Box of 500",equipment,21,25100021,Cater for you,Box of 500,Sheet1
"21"" Piping Bags","21"" Stronghold Disposable Piping Bags - Required: Box of 500",equipment,21,,Cater 4 You,Box of 500,Sheet1
"21"" Piping Bags","21"" Stronghold Disposable Piping Bags - Required: Roll of 100",equipment,21,25100021-C4U,Cater for you,Roll of 100,Sheet1
"21"" Piping Bags","21"" Stronghold Disposable Piping Bags: Roll of 100",equipment,21,25100021-C4U,Cater for you,Roll of 100,Sheet1
"21"" Piping Bags",Blue Piping Bag,equipment,21,A 20954,Brakes,1 x 100,Sheet1
"21"" Piping Bags",Blue Piping Bag,equipment,21,A20954,Brakes,1 x 100,Sheet1
"21"" Piping Bags",Blue Piping Bag 003 21inch,equipment,21,20954,Brakes,1x100,Sheet1
"21"" Piping Bags",Blue Piping Bag 003 21inch,equipment,21,A 20954,Brakes,1X100EA,Sheet1
"21"" Piping Bags","Blue Piping Bag 20""",equipment,21,A 20954,Brakes,1 x 100,Sheet1
"21"" Piping Bags","Blue Piping Bag 20""",equipment,21,A20954,Brakes,1 x 100,Sheet1
"21"" Piping Bags","Bakery Direct 100% Recyclable 21"" Savoy Piping Bags",equipment,21,,Amazon,x 100,Sheet1
"21"" Piping Bags","Bakery Direct 100% Recyclable 21"" Savoy Piping Bags",equipment,21,B07YL17367,Amazon,x 100,Sheet1
Black Edible Markers,"3 Pack Black Edible Ink Markers Set, Food-Grade Baking Tools for Cake Decorating, Cookies, Frosting & Fondant, Dual Tip Fine & Thick Food Coloring Pens, Safe for Home & Professional Bakers",equipment,25,B0F9W5W1T6,Amazon,3 Pack,Sheet1
Black Edible Markers,"3pcs Black Edible Markers,Dual-ended Fondant Decorating Pen, Safe Food Drawing Tool for Creative Family Bonding, Professional Cake Design",equipment,25,FANWINKJ,Amazon,,Sheet1
Black Edible Markers,"Black Edible Markers,Dual-ended Fondant Decorating Pen, Safe Food Drawing Tool for Creative Family Bonding, Professional Cake Design",equipment,25,FANWINKJ,Amazon,,Sheet1
A4 Coloured Paper (Light Blue),"50 Sheets A4 Coloured Paper, 70g Light Blue Printer Paper for Office Printing Crafts Projects ASIN:B0FM862GKW",equipment,36,B0FM862GKW,Amazon,,Sheet1
"12"" Clear Piping Bags","50PCS Disposable Piping Bags, 12-Inch Clear Plastic Icing Bags, Dispose After Wse with No Washing Required, Crush-Resistant and Tear-Proof, Ideal for Frosting Decorating Cakes and Cookieses",equipment,37,B0G5W5TWFV,Amazon,,Sheet1
Sticky Notes,"800pcs Coloured Sticky Notes, 75 x 75mm, 8 Pads of 100 Sheets Self-Stick Notes, Sticky Notes Set for Marking and Highlighting Pages",equipment,43,BOBDRJSZYB,Amazon,,Sheet1
Sticky Notes,"(18 Pads) Sticky Notes 76 mm x 76 mm Post, Self-Stick Pads Bright Colors Sticky Note, Recyclable, Easy to Post for Home, Office, Notebook, 56 Sheets/Pad, 1008 Sheets Total",equipment,43,B0F6CZ4RGQ,Amazon,,Sheet1
Sticky Notes,"500Pcs Sticky Notes, 100mm x 150mm 10 Colors Post It Notes, Post It Notes Pack, Sticky Notes Set for Notebook Office School Home, 50 Sheets/Pad",equipment,43,B0D7BS6P5G,Amazon,,Sheet1
Cocoa Powder,A 10678 - Freshers Fat Reduced Cocoa Powder 1 x 500g,ingredient,69,A 10678,Brakes,1 x 500g,Sheet1
Cocoa Powder,CL Cocoa Powder,ingredient,69,101523,Booker,1 1kg,Sheet1
Cocoa Powder,"Cacao Powder 1kg, by Yin & Yang Superfoods. Pure and Raw, Baking Grade, 100% Natural, High in Fibre and Protein, GMO and Palm Oil Free - Ethically Sourced ASIN: BOCHMYMG2C",ingredient,69,BOCHMYMG2C,Amazon,1kg,Sheet1
Medium Eggs,15 Dozen British Fresh Medium Eggs,ingredient,75,A70893,Sysco,1 x 180,Sheet1
Medium Eggs,15 Dozen British Fresh Medium Eggs,ingredient,75,A 70893,Sysco,1 x 180,Sheet1
Medium Eggs,15 Dozen British Fresh Medium Eggs,ingredient,75,A70893,Brakes,1 x 180,Sheet1
Medium Eggs,15 Dozen British Fresh Medium Eggs,ingredient,75,A 70893,Brakes,1 x 180,Sheet1
Medium Eggs,15 Dozen British Fresh Medium Eggs,ingredient,75,70893,Brakes,1 x 180,Sheet1
Medium Eggs,Ballygarvey 60 British Barn Eggs Med,ingredient,75,152412,Brakes,,Sheet1
Medium Eggs,Ballygarvey 60 British Barn Eggs Med,ingredient,75,A 152412,Brakes,1 x 60,Sheet1
Medium Eggs,Brakes 15 Dozen British Fresh Free Medium Eggs,ingredient,75,A70327,Brakes,1 x 180,Sheet1
Medium Eggs,Brakes 15 Dozen British Fresh Free Range Medium Eggs,ingredient,75,A 70327,Brakes,1 x 180,Sheet1
Medium Eggs,Brakes 15 Dozen British Fresh Free Range Medium Eggs,ingredient,75,A70327,Brakes,1 x 180,Sheet1
Medium Eggs,Brakes 15 Dozen British Fresh Medium Eggs,ingredient,75,A 70893,Brakes,1 x 180,Sheet1
Medium Eggs,Brakes 15 Dozen British Fresh Medium Eggs,ingredient,75,A70893,Brakes,1 x 180,Sheet1
Medium Eggs,Brakes 15 Dozen Fresh Free Range Medium Eggs,ingredient,75,A 70327,Brakes,1 x 180,Sheet1
Medium Eggs,Brakes 15 Dozen Fresh Free Range Medium Eggs,ingredient,75,A70327,Brakes,1 x 180,Sheet1
Medium Eggs,Brakes Med Eggs (Shell On),ingredient,75,135575,Brakes,1X180,Sheet1
Medium Eggs,Brakes Med Eggs (Shell On),ingredient,75,70893,Brakes,15Dozen,Sheet1
Medium Eggs,Brakes Med Eggs (Shell On) 15Dozen,ingredient,75,70893,Brakes,1X180,Sheet1
Medium Eggs,Brakes Med Eggs (Shell On) 15Dozen,ingredient,75,4111,Brakes,1X180,Sheet1
Medium Eggs,Brakes Med Eggs (Shell On) 15Dozen,ingredient,75,26089,Brakes,1X180,Sheet1
Medium Eggs,Brakes Med Eggs (Shell On) 15Dozen 1X180,ingredient,75,70893,Brakes,,Sheet1
Medium Eggs,CL Medium Barn Eggs 180,ingredient,75,273856,Booker,1 180,Sheet1
Medium Eggs,CL Medium Eggs,ingredient,75,168776,Booker,1 180,Sheet1
Medium Eggs,Brakes 15 Dozen Fresh Free Range Medium,ingredient,75,A70327,Brakes,1 x 180,Sheet1
Medium Eggs,Brakes 15 Dozen Fresh Free Range Medium,ingredient,75,A 70327,Brakes,1 x 180,Sheet1
Waterproof Aprons,"2 Set Waterproof Apron, 45.27"" Heavy Duty Work Apron, Chemical Acid Stain Oil Resistant Aprons, Butcher Aprons with Adjustable Strap for Men, Women Professional Kitchen Apron for Pet Shop Car Wash BBQ",equipment,77,B0CKHY72GH,Amazon,,Sheet1
Bamboo Cocktail Sticks,"200 Pcs Cocktail Sticks - Bamboo Toothpicks 12 cm Japaneses Style Natural Bamboo Knotted Skewers Food Sticks Tooth Picks for Drinks, Fruit, Appetizer, Cocktail Garnish Accessories, Party Supplies",equipment,78,B0BF8XN11D,Amazon,,Sheet1
Bamboo Cocktail Sticks,200 Pcs Cocktail Sticks - Bamboo Toothpicks,equipment,78,,Amazon,12 cm,Sheet1
Bamboo Cocktail Sticks,"AooQie Cocktail Sticks 200 Counts Food Picks Japaneses Style Bamboo Knotted Skewers Bamboo Toothpicks with Twisted Ends party supplies-4.7 inches, 12cm",equipment,78,B07L63GSHL,Amazon,200 Counts,Sheet1
Icing Sugar,25 KG ICING SUGAR,ingredient,79,55437,SLR Supplies,25 KG,Sheet1
Icing Sugar,25 KG ICING SUGAR -55437,ingredient,79,55437,SLR Supplies,25 KG,Sheet1
Icing Sugar,274528 Silver Spoon Icing Sugar,ingredient,79,274528,makro,1 25kg,Sheet1
Multicoloured Paper Straws,"250 Pcs Paper Straws Multicolors Stripped Straw - Alternative to Plastic Straws Disposable, Biodegradable and Compostable Perfect for Drinking, can be use for Cocktail, Milk, Ocassions and Parties.",packaging,81,,Amazon,,Sheet1
Multicoloured Paper Straws,"250 Pcs Paper Straws Multicolors Stripped Straw - Alternative to Plastic Straws Disposable, Biodegradable and Compostable Perfect for Drinking, can be use for Cocktail, Milk, Ocassions and Parties.",packaging,81,B0B88BMCN8,Amazon,,Sheet1
Toilet Roll,2ply Whisper Eco 4pk Toilet Roll,cleaning,83,151574,Brakes,1x40,Sheet1
Toilet Roll,Blossomsoft White Toilet Tis,cleaning,83,259488,Booker,1 24pk,Sheet1
Hair Bands,"300Pcs Elastic Hair Bands, 2mm Hair Ties Ponytail Holders for Women, No Metal Gentle Hair Bands for Women Girls (Multicolor)",other,84,B0B9C58KT1,Amazon,,Sheet1
Hair Bands,"120 PCS Elastic Hair Bands, 2mm Hair Ties Elastic Bobbles Hairbands Ponytail Holders No Metal Gentle Hair Bands for Women Girls Kids",other,84,B08NXK3C48,Amazon,,Sheet1
Hair Bands,"100 PCS Elastic Hair Bobbles - Black Elastic Hair Ties Ponytail Holders for Women, Girls, Kids, Men",other,84,KTHZI,Amazon,,Sheet1
Hair Bands,200 PCS Hair Bobbles 2mm Hair Bands for All Hair Durable Hair Ties Hair Elastics Strong Elasticity Hair Accessories for Long Term Use No Damage Hair Bands for Girls Women and Men (Black),other,84,BODTHS69T9,Amazon,,Sheet1
Hair Bands,"300 PCS Hair Bands, 2mm Elastic Hair Ties Hair Bobbles Stretch Ponytail Holders for Women Girls",other,84,B0FZ8J5NK2,Amazon,,Sheet1
Hair Bands,"500 PCS Hair Bands, Elastic Hair Ties Seamless Small Hair Bobbles Stretch Ponytail Holders for Girls Women",other,84,B0FZ8PSV1B,Amazon,,Sheet1
7up Zero Cans,7up Zero Sugar Lemon & Lime Cans,drink,90,,Tesco,8 X 330ml,Sheet1
Granulated Sugar,A 150847 - Tate & Lyle Granulated Sugar 1 x 3kg,ingredient,93,A 150847,Brakes,1 x 3kg,Sheet1
Dark Chocolate (Couverture),A 152602 - Sephra Belgian Dark Couverture Chocolate 2.5kg 1 x 2.5kg,ingredient,94,A 152602,Brakes,2.5kg,Sheet1
Dark Chocolate (Couverture),Blanxart Raval Dark Chocolate 71%,ingredient,94,BL41172C5,JMPosner,5KG Bag,Sheet1
Dark Chocolate (Couverture),Callebaut Dark Chocolate,ingredient,94,285779,Booker,10kg,Sheet1
Dark Chocolate (Couverture),Callebaut D Choc Drops,ingredient,94,205004,Booker,1 2.5kg,Sheet1
Kettle Chips - Sweet Chilli,A 25412 - KETTLE® Chips Sweet Chilli & Sour Cream 40g 18 x 40g,ingredient,95,A 25412,Brakes,18 x 40g,Sheet1
Caster Sugar,A 301 - Brakes Caster Sugar 1 x 25kg,ingredient,96,A 301,Brakes,1 x 25kg,Sheet1
Caster Sugar,Brakes Caster Sugar,ingredient,96,5007095,Brakes,1kg,Sheet1
Caster Sugar,Brakes Caster Sugar,ingredient,96,301,Brakes,1x25kg,Sheet1
Caster Sugar,Brakes Caster Sugar,ingredient,96,33568,Brakes,2kg,Sheet1
Caster Sugar,Brakes Caster Sugar,ingredient,96,A 301,Brakes,1 x 25kg,Sheet1
Caster Sugar,Brakes Caster Sugar,ingredient,96,A301,Brakes,1 x 25kg,Sheet1
Caster Sugar,Brakes Caster Sugar,ingredient,96,70893,Brakes,2kg,Sheet1
Caster Sugar,Brakes Caster Sugar,ingredient,96,A301,Sysco,1 x 25kg,Sheet1
Caster Sugar,Brakes Caster Sugar,ingredient,96,A 301,Sysco,1 x 25kg,Sheet1
Caster Sugar,Brakes Caster Sugar,ingredient,96,555634,Brakes,1x25kg,Sheet1
Caster Sugar,Brakes Caster Sugar,ingredient,96,11127,Brakes,2kg,Sheet1
Caster Sugar,Brakes Caster Sugar,ingredient,96,135575,Brakes,1x3kg,Sheet1
Caster Sugar,Brakes Caster Sugar,ingredient,96,23178,Brakes,1x25kg,Sheet1
Caster Sugar,Brakes Caster Sugar,ingredient,96,743,Brakes,1x25kg,Sheet1
Caster Sugar,Brakes Caster Sugar (L-AE) A 3 UN,ingredient,96,301,Brakes,1x25kg,Sheet1
Caster Sugar,Brakes Caster Sugar 1x25kg,ingredient,96,301,Brakes,1x25kg,Sheet1
Caster Sugar,Brakes Caster Sugar 1x25kg,ingredient,96,,Brakes,1x25kg,Sheet1
Caster Sugar,Brakes Caster Sugar AB-2) A,ingredient,96,301,Brakes,1x25kg,Sheet1
Caster Sugar,Brakes Caster Sugar AB-2) A 5 UN,ingredient,96,301,Brakes,1x25kg,Sheet1
A4 Plastic Wallets,A4 Plastic Wallets 7PCS Folders Waterproof Plastic Wallet Transparent Colours with Button Storage and Organization Office Supplies,ingredient,98,,Amazon,7PCS,Sheet1
Agave Syrup,AQUARIVA ORGAN AGAVE SYRUP,ingredient,101,50121110,LWC Drinks,360ML,Sheet1
Agave Syrup,AQUARIVA ORGAN AGAVE SYRUP 360ML,ingredient,101,50121110,LWC Drinks,360ML,Sheet1
Dishwasher Apron,Adjustable Dishwasher Apron Custom Logo Cotton Polyester Pure Color Black Cooking Food Aprons Kitchen Man Women Garden Bib Chef,equipment,102,,Alibaba,,Sheet1
Butter Croissants,All Butter Croissants,ingredient,103,,Tesco,8 Pack,Sheet1
Yeast,Allinson Easy Bake Yeast,ingredient,104,,Tesco,6x7g,Sheet1
Yeast,BRWCKS YEAST,ingredient,104,29107094,M&S,,Sheet1
Yeast,ALLINSON YEAST,ingredient,104,,Sainsburys,,Sheet1
Almond Flavouring,Almond Flavouring,ingredient,106,86876,Brakes,1x500ml,Sheet1
Almond Flavouring,Almond Flavouring 1x500ml,ingredient,106,86876,Brakes,1x500ml,Sheet1
Soya Milk,Alpro Soya No Sugar Chilled Dairy Free Drink,ingredient,107,,Tesco,1l,Sheet1
Soya Milk,"Alpro Soya No Sugars Plant-Based Long Life Drink, Vegan & Dairy Free",ingredient,107,C128154,Brakes,8 x 1ltr,Sheet1
Soya Milk,"Alpro Soya No Sugars Plant-Based Long Life Drink, Vegan & Dairy Free",ingredient,107,C 128154,Brakes,8 x 1ltr,Sheet1
Soya Milk,"Alpro Soya No Sugars Plant-Based Long Life Drink, Vegan & Dairy Free, 1L",ingredient,107,C128154,Brakes,8 x 1ltr,Sheet1
Soya Milk,"Alpro Soya No Sugars Plant-Based Long Life Drink, Vegan & Dairy Free, 1L",ingredient,107,C 128154,Brakes,8 x 1ltr,Sheet1
Soya Milk,"C 128154 - Alpro Soya No Sugars Plant-Based Long Life Drink, Vegan & Dairy Free, 1L 8 x 1ltr",ingredient,107,C 128154,Brakes,8 x 1ltr,Sheet1
Soya Milk,Alpro For Professionals Soya Long Life Drink,ingredient,107,C 113654,Brakes,1 x 1ltr,Sheet1
Soya Milk,Alpro For Professionals Soya Long Life Drink,ingredient,107,C113654,Brakes,1 x 1ltr,Sheet1
Soya Milk,Alpro For Professionals Soya Long Life Drink 1L,ingredient,107,C113654,Brakes,1 x 1ltr,Sheet1
Soya Milk,Alpro For Professionals Soya Long Life Drink 1L,ingredient,107,C 113654,Brakes,1 x 1ltr,Sheet1
Soya Milk,Alpro For Professionals Soya Long Life Drir,ingredient,107,C 113654,Sysco,1 x 1ltr,Sheet1
Soya Milk,Alpro For Professionals Soya Long Life Drir,ingredient,107,C 113654,Brakes,1 x 1ltr,Sheet1
Soya Milk,ALPRO Soya For Professionals,ingredient,107,113654,Brakes,1x1ltr,Sheet1
Soya Milk,ALPRO FRESH SOYA MLK,ingredient,107,,Sainsburys,,Sheet1
Soya Milk,ALPRO Soya For Professionals,ingredient,107,135584,Brakes,1x1ltr,Sheet1
Soya Milk,Alpro Original Soya Sweetened,ingredient,107,109618,Brakes,8x1L,Sheet1
Soya Milk,"Alpro Soya Plant-Based Long Life Drink, Vegan & Dairy Free, 1L",ingredient,107,C109618,Brakes,8 x 1ltr,Sheet1
Soya Milk,Alpro Soya Wholebean Unsweetened,ingredient,107,128154,Brakes,8x1Ltr,Sheet1
Soya Milk,Alpro Soya Wholebean Unsweetened 8x1Ltr (L-CB) C 1 UN,ingredient,107,128154,Brakes,,Sheet1
Soya Vanilla Yoghurt,Alpro Vanilla Dairy Free Soya Yoghurt Alternative,ingredient,108,,Tesco,500g,Sheet1
UHT Skimmed Milk,Arla Long Life UHT Skimmed Milk,ingredient,109,C123028,Brakes,12 x 1ltr,Sheet1
UHT Skimmed Milk,Arla Long Life UHT Skimmed Milk 1L,ingredient,109,C 123028,Brakes,12 x 1ltr,Sheet1
Whole Milk,Arla Long life UHT Whole Milk,ingredient,110,C 123027,Brakes,1L 12 x 1ltr,Sheet1
Whole Milk,Arla Long life UHT Whole Milk,ingredient,110,C123027,Brakes,12 x 1ltr,Sheet1
Whole Milk,Arla Long life UHT Whole Milk 1L,ingredient,110,C123027,Brakes,12 x 1ltr,Sheet1
Whole Milk,Arla Long life UHT Whole Milk 1L,ingredient,110,C 123027,Brakes,12 x 1ltr,Sheet1
Whole Milk,CRAVENDALE WHOLE,ingredient,110,,Sainsburys,,Sheet1
Whole Milk,Arla UHT Whole Milk,ingredient,110,123027,Brakes,12x1ltr,Sheet1
Lactose-Free Cheddar,Arla Lactofree Mature Cheddar Cheese,ingredient,114,,Tesco,200g,Sheet1
Semi-Skimmed Milk,CO OP 2PT FRESH SEMI SKIMM,ingredient,115,,Nisa,2PT,Sheet1
Semi-Skimmed Milk,CO OP 4PT SEMI SKIM MILK,ingredient,115,,Nisa,4PT,Sheet1
Semi-Skimmed Milk,CO OP 4PT SEMI SKIMM MILK,ingredient,115,,Nisa,4PT,Sheet1
Semi-Skimmed Milk,Arla Long Life UHT Semi Skimmed Milk,ingredient,115,C 19665,Sysco,12 x 1ltr,Sheet1
Semi-Skimmed Milk,Arla Long Life UHT Semi Skimmed Milk,ingredient,115,C 19665,Brakes,12 x 1ltr,Sheet1
Semi-Skimmed Milk,Arla Long Life UHT Semi Skimmed Milk,ingredient,115,C19665,Brakes,12 x 1ltr,Sheet1
Semi-Skimmed Milk,Arla Long Life UHT Semi Skimmed Milk,ingredient,115,19665,Brakes,12 x 1ltr,Sheet1
Semi-Skimmed Milk,Arla Long Life UHT Semi Skimmed Milk 1L,ingredient,115,C19665,Sysco,12 x 1ltr,Sheet1
Semi-Skimmed Milk,Arla Long Life UHT Semi Skimmed Milk 1L,ingredient,115,C19665,Brakes,12 x 1ltr,Sheet1
Semi-Skimmed Milk,Arla Long Life UHT Semi Skimmed Milk 1L,ingredient,115,C 19665,Brakes,12 x 1ltr,Sheet1
Semi-Skimmed Milk,Arla Long Life UHT Semi-Skimmed Milk 1 Lit,ingredient,115,C19665,Brakes,12 x 1ltr,Sheet1
Semi-Skimmed Milk,Arla Long Life UHT Semi-Skimmed Milk 1 Litre,ingredient,115,C19665,Brakes,12 x 1ltr,Sheet1
Semi-Skimmed Milk,British Semi Skimmed,ingredient,115,,Lidl,,Sheet1
Semi-Skimmed Milk,Arla UHT Semi Skim Milk,ingredient,115,19665,Brakes,12x1L,Sheet1
Semi-Skimmed Milk,CO OP SEMI SKIMM MILK,ingredient,115,2,Nisa,4PT,Sheet1
Semi-Skimmed Milk,CO OP SEMI SKIMM MILK,ingredient,115,,Nisa,4PT,Sheet1
Aerosol Cream,Arla Aerosol Cream,ingredient,116,71123,Brakes,1x500g,Sheet1
Aerosol Cream,Arla Pro Aerosol Cream,ingredient,116,263374,Booker,1 500g,Sheet1
Aerosol Cream,Arla Pro Aerosol Cream,ingredient,116,71123,Brakes,1x500g,Sheet1
Aerosol Cream,Arla Pro Aerosol Cream,ingredient,116,21357,Brakes,1x500g,Sheet1
Aerosol Cream,Arla Pro Aerosol Cream,ingredient,116,70893,Brakes,1x500g,Sheet1
Aerosol Cream,Arla Pro Aerosol Cream 1x500g,ingredient,116,71123,Brakes,1x500g,Sheet1
Aerosol Cream,Arla Pro Instant Whipped UHT Aerosol Cream,ingredient,116,C71123,Brakes,1 x 500g,Sheet1
Aerosol Cream,Arla Pro Instant Whipped UHT Aerosol Cream,ingredient,116,C 71123,Brakes,1 x 500g,Sheet1
Aerosol Cream,Arla Pro Instant Whipped UHT Aerosol Cream,ingredient,116,71123,Brakes,1 x 500g,Sheet1
Aerosol Cream,Arla Pro Instant Whipped UHT Aerosol Cream 500g,ingredient,116,C71123,Brakes,1 x 500g,Sheet1
Aerosol Cream,Arla Pro Instant Whipped UHT Aerosol Cream 500g,ingredient,116,C 71123,Brakes,1 x 500g,Sheet1
Aerosol Cream,Arla Pro Whipped Aerosol Cream,ingredient,116,C 71123,Brakes,1 x 500g,Sheet1
Aerosol Cream,Arla Pro Instant Whipped UHT Aerosol Crean,ingredient,116,C 71123,Brakes,1 x 500g,Sheet1
Aerosol Cream,Brakes UHT Aerosol Cream Sweetened,ingredient,116,C18502,Brakes,1 x 500g,Sheet1
Aerosol Cream,Brakes UHT Aerosol Cream Sweetened,ingredient,116,C18502,Sysco,1 x 500g,Sheet1
Aerosol Cream,Brakes UHT Aerosol Cream Sweetened,ingredient,116,C 18502,Sysco,1 x 500g,Sheet1
Aerosol Cream,Brakes UHT Aerosol Cream Sweetened,ingredient,116,C 18502,Brakes,1 x 500g,Sheet1
Aerosol Cream,Brakes UHT Aerosol Crm Sweetnd,ingredient,116,10478,Brakes,1x500g,Sheet1
Aerosol Cream,Brakes UHT Aerosol Crm Sweetnd,ingredient,116,18502,Brakes,1x500g,Sheet1
Salted Butter,Anchor Salted Butter,ingredient,118,,Tesco,200g,Sheet1
Baileys Irish Cream,BAILEYS IRISH CREAM 70CL,drink,124,36040047,LWC Drinks,,Sheet1
Baileys Irish Cream,BAILEYS IRISH CREAM DIAGEO CODE,drink,124,36040047,LWC Drinks,70CL,Sheet1
Baileys Irish Cream,Baileys Irish Cream,drink,124,772426,makro,1 70cl,Sheet1
Baileys Irish Cream,Baileys Irish Cream,drink,124,772434,Booker,6 70cl,Sheet1
Baileys Irish Cream,Baileys Irish Cream,drink,124,772426,Booker,1 70cl,Sheet1
White Icing,BETTY W WHITEICING,ingredient,126,,B&M,1KG,Sheet1
Cheese Twists,BH Cheese Twist,ingredient,127,62730,Brakes,1x50,Sheet1
Grenadine Syrup,BRISTOL GRENADINE SYRUP 75CL,ingredient,129,50006287,LWC Drinks,,Sheet1
Raspberry Syrup,BRISTOL SYRUP RASPBERRY 75CL,ingredient,130,50006281,LWC Drinks,,Sheet1
Strawberry Syrup,BRISTOL SYRUP STRAWBERRY,ingredient,131,50006285,LWC Drinks,75CL,Sheet1
Strawberry Syrup,BRISTOL SYRUP STRAWBERRY 75CL,ingredient,131,50006285,LWC Drinks,,Sheet1
Strawberry Syrup,Bristol Syrup Company No.16 Strawberry Shrub,ingredient,131,,Amazon,,Sheet1
Bumbu Cream Liqueur,BUMBU CREAM LIQUEUR,drink,134,61001302,LWC Drinks,70CL,Sheet1
Bumbu Cream Liqueur,BUMBU CREAM LIQUEUR *FREE*,drink,134,,LWC Drinks,70CL,Sheet1
Dishwasher Salt,BUT Granular Dishwasher Salt,cleaning,135,151047,Brakes,1x25Kg,Sheet1
Dishwasher Salt,BWT Granular Dishwasher Salt,cleaning,135,151047,Brakes,1x25Kg,Sheet1
Dishwasher Salt,BWT Granular Salt,cleaning,135,A151047,Brakes,1 x 25kg,Sheet1
Dishwasher Salt,BWT Granular Salt,cleaning,135,A 151047,Brakes,1 x 25kg,Sheet1
Soured Cream,BV Dairy Set Soured Cream,cleaning,136,C 526841,Brakes,1 x 1kg,Sheet1
Baking Parchment Roll,Baking Parch Refil,equipment,140,86647,Brakes,145cmx50m(cs) 21C32 1x3,Sheet1
Baking Parchment Roll,Baking Parch Refil145cmx50m(cs),equipment,140,86647,Brakes,21C32 1x3,Sheet1
Baking Parchment Roll,Baking Parch Refil145cmx50m(cs) 21C32,equipment,140,86647,Brakes,1x3,Sheet1
Baking Parchment Roll,Baking Parch Refill,equipment,140,86647,Brakes,45cmx50m,Sheet1
Baking Parchment Roll,Baking Parch Refill,equipment,140,21957,Brakes,45cmx50m(cs)21C32 1x3,Sheet1
Baking Parchment Roll,Baking Parch Refill,equipment,140,86681,Brakes,45cmx50m(cs)2 1x3,Sheet1
Baking Parchment Roll,Baking Parch Refill45cmx50m,equipment,140,86647,Brakes,1x3,Sheet1
Baking Parchment Roll,Baking Parch Refill45cmx50m(cs),equipment,140,86647,Brakes,1x3,Sheet1
Baking Parchment Roll,Baking Parch Refill45cmx50m(cs)21032,equipment,140,86647,Brakes,1x3,Sheet1
Baking Parchment Roll,Baking Parch Refill45cmx50m(cs)21C32,equipment,140,86647,Brakes,1x3,Sheet1
Baking Parchment Roll,Baking Parch Refill45cmx50m(cs)21C32,equipment,140,10678,Brakes,1x3,Sheet1
Baking Parchment Roll,Baking Parch Refill45cmx50m(cs)21C32,equipment,140,71123,Brakes,1x3,Sheet1
Baking Parchment Roll,Baking Parch Refill45cmx50m(cs)21C32 1x3,equipment,140,,Brakes,1x3,Sheet1
Baking Parchment Roll,Baking Parch Refill45cmx50m(cs)21C32 1x3,equipment,140,86647,Brakes,1x3,Sheet1
Baking Parchment Roll,Baking Parch Refli45cmx50mics121032,equipment,140,86647,Brakes,1x3,Sheet1
Baking Parchment Roll,CL Prof Baking Parchment,equipment,140,131352,Booker,50m,Sheet1
Baking Parchment Roll,CL Prof Baking Parchment,equipment,140,235956,Booker,9 50m,Sheet1
Baking Parchment Roll,CL Prof Baking Parchment,equipment,140,235956,makro,9 50m,Sheet1
Baking Parchment Roll,CTS BakingParchment,equipment,140,302788,Booker,9 Sgl,Sheet1
Baking Parchment Roll,CTS BakingParchment,equipment,140,302788,makro,50Mx450mm 9 Sgl,Sheet1
Baking Parchment Roll,CTS BakingParchment50Mx450mm,equipment,140,302788,Booker,9 Sgl,Sheet1
Baking Parchment Roll,"Baking Parchment Paper Roll - Silicone-Coated, Double-Sided Non-Stick & Greaseproof - 40gsm Virgin Pulp - Oven & Microwave Safe - BPA Free Halal & Kosher - Cutter Box",equipment,140,B0FHGHB2YK,Amazon,30cm x 60m,Sheet1
"Beetroot, Labneh & Candied Nuts","Beetroot, Labneh, Candied Nuts",ingredient,142,,The red burn farm,,Sheet1
Demerara Sugar,Billingtons Demerera Sugar,ingredient,143,069555,Booker,1 3kg,Sheet1
Light Brown Sugar,Billingtons Light Brown Sugar,ingredient,144,,Tesco,500g,Sheet1
Biscoff Crumble,Biscoff - Caramelised Biscuit Crumble - Ingredients from natural origin - Vegan - No colours or added flavours,ingredient,146,B013TAVSA8,Amazon,750g,Sheet1
Biscoff Crumble,Biscoff - Caramelised Biscuit Crumble - Ingredients from natural origin - Vegan - No colours or added flavours - 750g ASIN: B013TAVSA8,ingredient,146,B013TAVSA8,Amazon,750g,Sheet1
Tomato & Cheese Quiche,Brake Esse Tom & Cheese Quiche,ingredient,149,133561,Brakes,4x1kg,Sheet1
Four Cheese Quiche,Brake Essential Four Cheese Quiche 4x1kg,ingredient,150,,Brakes,4x1kg,Sheet1
Fruits of the Forest Mix,Brake Fruits Of The Forest Mix,ingredient,151,23178,Brakes,2kg,Sheet1
Fruits of the Forest Mix,Brake Fruits Of The Forest Mix,ingredient,151,4111,Brakes,1kg,Sheet1
Fruits of the Forest Mix,Brake Fruits Of The Forest Mix,ingredient,151,10292,Brakes,1kg,Sheet1
Fruits of the Forest Mix,Brake Fruits Of The Forest Mix,ingredient,151,135575,Brakes,1kg,Sheet1
Fruits of the Forest Mix,Brake Fruits Of The Forest Mix,ingredient,151,F 4111,Brakes,1KG,Sheet1
Fruits of the Forest Mix,Brake Fruits Of The Forest Mix,ingredient,151,F4111,Brakes,1KG,Sheet1
Fruits of the Forest Mix,Brake Fruits Of The Forest Mix,ingredient,151,350101,Brakes,1kg,Sheet1
Fruits of the Forest Mix,Brake Fruits Of The Forest Mix,ingredient,151,450610,Brakes,1kg,Sheet1
Fruits of the Forest Mix,Brake Fruits Of The Forest Mix 1kg,ingredient,151,,Brakes,1kg,Sheet1
Fruits of the Forest Mix,Brake Fruits Of The Forest Mix 1kg,ingredient,151,F4111,Brakes,1KG,Sheet1
Fruits of the Forest Mix,Brake Fruits Of The Forest Mix 1kg,ingredient,151,4111,Brakes,1kg,Sheet1
Fruits of the Forest Mix,Brakes Fruits of the Forest,ingredient,151,F4111,Brakes,1 x 1kg,Sheet1
Fruits of the Forest Mix,Brakes Fruits of the Forest,ingredient,151,F4111,Sysco,1 x 1kg,Sheet1
Fruits of the Forest Mix,Brakes Fruits of the Forest,ingredient,151,F 4111,Sysco,1 x 1kg,Sheet1
Fruits of the Forest Mix,Brakes Fruits of the Forest,ingredient,151,F 4111,Brakes,1 x 1kg,Sheet1
Fruits of the Forest Mix,Brakes Fruits of the Forest,ingredient,151,4111,Brakes,1 x 1kg,Sheet1
Fruits of the Forest Mix,CL Frozen Summer Fruits Mix,ingredient,151,255065,makro,10 1kg,Sheet1
Fruits of the Forest Mix,CL Frozen Summer Fruits Mix,ingredient,151,255066,Booker,1 1kg,Sheet1
Fruits of the Forest Mix,CL Frozen Summer Fruits Mix,ingredient,151,255065,Booker,10 1kg,Sheet1
Garlic Butter,Brake Garlic Butter,ingredient,152,136396,Brakes,1x1.75kg,Sheet1
Garlic Butter,Brakes Garlic Butter,ingredient,152,C136396,Sysco,1 x 1.75kg,Sheet1
Garlic Butter,Brakes Garlic Butter,ingredient,152,C 136396,Brakes,1 x 1.75kg,Sheet1
Plain Flour,Brake Plain Flour,ingredient,153,114951,Brakes,6x1.5kg,Sheet1
Unsalted Butter,C 11127 - Sysco Classic Unsalted Butter 40 x 250g,ingredient,155,C 11127,Brakes,40 x 250g,Sheet1
Unsalted Butter,Brake Unsaled Butter,ingredient,155,11127,Brakes,40x250g,Sheet1
Unsalted Butter,Brake Unsalted Butter,ingredient,155,11127,Brakes,40x250g,Sheet1
Unsalted Butter,Brake Unsalted Butter,ingredient,155,74826,Brakes,1x250g,Sheet1
Unsalted Butter,Brake Unsalted Butter,ingredient,155,178,Brakes,40x250g,Sheet1
Unsalted Butter,Brake Unsalted Butter (L-CB) C 1 UN,ingredient,155,11127,Brakes,40x250g,Sheet1
Unsalted Butter,Brake Unsalted Butter (L-CB) C6 UN,ingredient,155,11127,Brakes,40x250g,Sheet1
Unsalted Butter,Brake Unsalted Butter 40x250g,ingredient,155,11127,Brakes,40x250g,Sheet1
Unsalted Butter,Brakes Unsalted Butter,ingredient,155,C 11127,Brakes,40 x 250g,Sheet1
Unsalted Butter,Brakes Unsalted Butter,ingredient,155,C11127,Brakes,40 x 250g,Sheet1
Unsalted Butter,Brakes Unsalted Butter,ingredient,155,C11127,Sysco,40 x 250g,Sheet1
Unsalted Butter,Brakes Unsalted Butter,ingredient,155,C 11127,Sysco,40 x 250g,Sheet1
Unsalted Butter,Brakes Unsalted Butter,ingredient,155,C74088,Brakes,20 x 250g,Sheet1
Unsalted Butter,Brakes Unsalted Butter,ingredient,155,C74826,Brakes,1 x 250g,Sheet1
Unsalted Butter,Brakes Unsalted Butter,ingredient,155,11127,Brakes,40 x 250g,Sheet1
Unsalted Butter,Arla Pro Unsalted Butter,ingredient,155,305935,Booker,40 250g,Sheet1
Unsalted Butter,C 11127 - Brakes Unsalted Butter 40 x 250g,ingredient,155,C 11127,Brakes,40 x 250g,Sheet1
Unsalted Butter,BRIT UNSLTED BTR,ingredient,155,JS,Sainsburys,,Sheet1
Kettle Chips - Lightly Salted,A 88433 - KETTLE® Lightly Salted 18x40g Crisps 18 x 40g,ingredient,157,A 88433,Brakes,18 x 40g,Sheet1
Chilli Jam,Brakes Chilli Jam,ingredient,158,126918,Brakes,1x1.25kg,Sheet1
Chilli Jam,Brakes Chilli Jam,ingredient,158,A 126918,Brakes,1 x 1.25kg,Sheet1
Chilli Jam,Brakes Chilli Jam,ingredient,158,A126918,Brakes,1 x 1.25kg,Sheet1
Demerara Sugar Sticks,Brakes Demerara Sugar Stick,ingredient,159,34031,Brakes,1x1000,Sheet1
Demerara Sugar Sticks,Brakes Demerara Sugar Sticks,ingredient,159,A 34031,Brakes,1 x 1000,Sheet1
Desiccated Coconut,Brakes Desiccated Coconut,ingredient,160,A255,Brakes,1 x 2kg,Sheet1
Desiccated Coconut,Brakes Desiccated Coconut,ingredient,160,A 255,Brakes,1 x 2kg,Sheet1
Emmental Cheese Slices,Brakes Emmental Cheese Slices,ingredient,161,C 71917,Brakes,1 x 500g (25 slices),Sheet1
Emmental Cheese Slices,Brakes Emmental Cheese Slices,ingredient,161,C71917,Brakes,1 x 500g (25 slices),Sheet1
Aluminium Foil,ALUMINIUM FOIL,equipment,162,,Deniz London,,Sheet1
Aluminium Foil,Brakes Essentials Foil,equipment,162,15515,Brakes,50cmx75m,Sheet1
Aluminium Foil,Brakes Essentials Foil 50cmx75m,equipment,162,15515,Brakes,1x1,Sheet1
Flaked Almonds,Brakes Flaked Almonds,ingredient,163,A 5874,Brakes,1 x 1kg,Sheet1
Flaked Almonds,Brakes Flaked Almonds,ingredient,163,A5874,Brakes,1 x 1kg,Sheet1
Ground Almonds,Brakes Ground Almonds,ingredient,166,5154,Brakes,1x1kg,Sheet1
Salt Sachets,Brakes Salt Sachets,ingredient,168,A 89409,Brakes,1 x 2000,Sheet1
Smoked Cheddar Slices,Brakes Smoked Cheddar Cheese Slices,ingredient,169,C 110817,Brakes,1 x 1kg (50 slices),Sheet1
Smoked Cheddar Slices,Brakes Smoked Cheddar Cheese Slices,ingredient,169,C110817,Brakes,1 x 1kg (50 slices),Sheet1
Squeezy Clear Honey,Brakes Squeezy Clear Blossom Honey,ingredient,170,A 350157,Brakes,1 x 680g,Sheet1
Vegan Chocolate Fudge Cake,Brakes Vegan Chocolate Fudge Cake,ingredient,173,F130803,Brakes,1 x 16ptns,Sheet1
Vegan Chocolate Fudge Cake,Brakes Vegan Chocolate Fudge Cake,ingredient,173,F130803,Sysco,1 x 16ptns,Sheet1
Vegan Chocolate Fudge Cake,Brakes Vegan Chocolate Fudge Cake,ingredient,173,F 130803,Brakes,1 x 16ptns,Sheet1
Vegan Chocolate Fudge Cake,Brakes Vegan Chocolate Fudge Cake,ingredient,173,130803,Brakes,1 x 16ptns,Sheet1
Vegan Chocolate Fudge Cake,Brake Vegan Choc Fudge Cake Pre-Cut,ingredient,173,130803,Brakes,1x16,Sheet1
Vegan Chocolate Fudge Cake,Brake Vegan Choc Fudge Cake Pre-Cut,ingredient,173,5874,Brakes,1x16,Sheet1
Vegan Chocolate Fudge Cake,Brake Vegan Choc Fudge Cake Pre-Cut 1x16,ingredient,173,,Brakes,1x16,Sheet1
Walnut Pieces,Brakes Walnut Halves,ingredient,175,A100256,Brakes,1 x 1kg,Sheet1
Walnut Pieces,Brakes Walnut Pieces,ingredient,175,2926,Brakes,1x1kg,Sheet1
Walnut Pieces,Brakes Walnut Pieces,ingredient,175,A2926,Brakes,1kg,Sheet1
Walnut Pieces,Brakes Walnut Pieces,ingredient,175,86647,Brakes,1x1kg,Sheet1
Walnut Pieces,Brakes Walnut Pieces,ingredient,175,2925,Brakes,1x1kg,Sheet1
Walnut Pieces,Brakes Walnut Pieces (L-AH) A 2 UN,ingredient,175,2926,Brakes,1x1kg,Sheet1
Walnut Pieces,Brakes Walnut Pieces 1x1kg,ingredient,175,,Brakes,1x1kg,Sheet1
Walnut Pieces,Brakes Walnut Pieces 1x1kg,ingredient,175,2926,Brakes,,Sheet1
White Sugar Sticks,Brakes White Sugar Sticks,ingredient,176,A 34030,Brakes,2.5g x 1000,Sheet1
White Sugar Sticks,Brakes White Sugar Sticks,ingredient,176,34030,Brakes,1x1000,Sheet1
Whole Hazelnuts,Brakes Whole Hazelnuts,ingredient,177,4617,Brakes,1x1kg,Sheet1
Whole Hazelnuts,Brakes Whole Hazelnuts,ingredient,177,86874,Brakes,1x1kg,Sheet1
Whole Hazelnuts,Brakes Whole Hazelnuts,ingredient,177,A4617,Sysco,1 x 1kg,Sheet1
Whole Hazelnuts,Brakes Whole Hazelnuts,ingredient,177,A4617,Brakes,1 x 1kg,Sheet1
Whole Hazelnuts,Brakes Whole Hazelnuts,ingredient,177,A 4617,Brakes,1 x 1kg,Sheet1
Cheese Selection,Butlers Cheese Selection,ingredient,180,C134490,Brakes,1 x 650g,Sheet1
Cheese Selection,Butlers Cheese Selection,ingredient,180,C 134490,Brakes,1 x 650g,Sheet1
Cheese Selection,Butlers of Lanc Cheese Selection,ingredient,180,134490,Brakes,650g,Sheet1
Cornflour,Bysco Classic Cornflour,ingredient,182,5946,Brakes,1x3.5kg,Sheet1
Cornflour,Brown & Polson Cornflour,ingredient,182,,Tesco,500g,Sheet1
Cornflour,CORNFLOUR,ingredient,182,732504,Aldi,,Sheet1
Cornflour,CORNFLOUR,ingredient,182,,Sainsburys,,Sheet1
Liquid Egg White,C 135575 - Noble Free Range Liquid Egg White 1 x 1kg,ingredient,186,C 135575,Brakes,1 x 1kg,Sheet1
Stork Butter Alternative,"C 23178 - Stork Professional Butter Alternative 70% Fat, 2kg 1 x 2kg",ingredient,187,C 23178,Brakes,1 x 2kg,Sheet1
Mozzarella Balls,C 75350 - Cow's Milk Mozzarella Balls 12 x 125g,ingredient,188,C 75350,Brakes,12 x 125g,Sheet1
Cadbury Mini Eggs,CADBURY MINI EGGS,ingredient,191,,Tesco,74g,Sheet1
Cadbury Mini Eggs,CADBURY MINI EGGS,ingredient,191,,Tooting Mini Market,,Sheet1
Cadbury Mini Eggs,Cadbury Mini Eggs Chocolate Bag,ingredient,191,A5020338,Brakes,24 x 74g,Sheet1
Cazcabel Honey Tequila,CAZCABEL HONEY,ingredient,194,,Be at one Liverpool,,Sheet1
Cheese (unspecified),CHEESE,ingredient,195,,Tesco,,Sheet1
Cheese (unspecified),CHEESE,ingredient,195,,ASDA,,Sheet1
Cheese (unspecified),CHEESE,ingredient,195,4653,ASDA,,Sheet1
Cheese (unspecified 2),CHEESE 2 F,ingredient,196,,ASDA,,Sheet1
Blue Stilton,CHEESE BLUE STILT,ingredient,197,470032,Aldi,,Sheet1
French Cheese,CHEESE FRENCH,ingredient,198,283099,Aldi,,Sheet1
Brie,CHEESE SS BRI,ingredient,199,552214,Aldi,220G,Sheet1
Liquid Egg White (Two Chicks),CHICKS EGG WHITE,ingredient,200,TWO,Sainsburys,,Sheet1
Chocolate (unspecified),CHOCOLATE,ingredient,201,,ASDA,,Sheet1
Chocolate Cake,CHOCOLATE CAKE,ingredient,202,TTD,Sainsburys,,Sheet1
Sea Salt Crystals,CL Sea Salt Crystals,ingredient,208,156598,Booker,1 1.1kg,Sheet1
Self-Raising Flour,CL Self Raising Flour,ingredient,209,483860,Booker,4 3kg,Sheet1
Self-Raising Flour,CL Self Raising Flour,ingredient,209,483870,Booker,1 3kg,Sheet1
Colour Mill Food Colouring,COLOUR-COLOUR MILL-RED,ingredient,213,27C-134,Culpitt,20ml,Sheet1
Colour Mill Food Colouring,COLOUR-COLOUR MILL-YELLOW,ingredient,213,27C-145,Culpitt,20ml,Sheet1
Gel Food Colouring,COLOUR-CSP-GEL-DARK BROWN,ingredient,214,75076,Culpitt,25g,Sheet1
Gel Food Colouring,COLOUR-CSP-GEL-LEMON,ingredient,214,75056,Culpitt,25g,Sheet1
Gel Food Colouring,COLOUR-CSP-GEL-NAVY BLUE,ingredient,214,75065,Culpitt,25g,Sheet1
Gel Food Colouring,COLOUR-CSP-GEL-RED,ingredient,214,75069,Culpitt,25g,Sheet1
Gel Food Colouring,COLOUR-CSP-GEL-VIOLET,ingredient,214,75060,Culpitt,25g,Sheet1
Cornish Vanilla Ice Cream,CORNISH VANILLA,ingredient,216,29221240,M&S,,Sheet1
Cadbury Hot Chocolate,CADBURY COCOA TIN,Ingredient,223,,Sainsburys,,Sheet1
Cadbury Hot Chocolate,Cad Drink Choc Add Milk,ingredient,223,509,Brakes,1x2kg,Sheet1
Cadbury Hot Chocolate,Cad Drink Choc Add Milk 1x2kg,ingredient,223,509,Brakes,1x2kg,Sheet1
Cadbury Hot Chocolate,Cad Drinking Chocolate,ingredient,223,468991,Booker,1 2kg,Sheet1
Cadbury Hot Chocolate,Cadbury Drinking Chocolate,ingredient,223,508,Brakes,1x5kg,Sheet1
Cadbury Hot Chocolate,Cadbury Drinking Chocolate AF-2) A,ingredient,223,508,Brakes,1x5kg,Sheet1
Cadbury Hot Chocolate,Cadbury Drinking Chocolate Drum,ingredient,223,510,Brakes,1x500g,Sheet1
Cadbury Hot Chocolate,Cadbury Drinking Hot Chocolate,ingredient,223,A 508,Brakes,1 x 5kg,Sheet1
Cadbury Hot Chocolate,Cadbury Drinking Hot Chocolate,ingredient,223,A508,Brakes,1 x 5kg,Sheet1
Cadbury Hot Chocolate,Cadbury Drinking Hot Chocolate 500g,ingredient,223,A510,Brakes,1 x 500g,Sheet1
Cadbury Hot Chocolate,Cadbury Hot Chocolate Cocoa Powder,ingredient,223,,Tesco,500g,Sheet1
Cadbury Hot Chocolate,Cadbury Instant Hot Chocolate,ingredient,223,A 5596,Brakes,1 x 2kg,Sheet1
Cadbury Hot Chocolate,Cadbury Instant Hot Chocolate,ingredient,223,A5596,Brakes,1 x 2kg,Sheet1
Cadbury Hot Chocolate,Cadbury Instant Hot Chocolate 2kg,ingredient,223,A5596,Sysco,1 x 2kg,Sheet1
Cadbury Hot Chocolate,Cadbury Instant Hot Chocolate 2kg,ingredient,223,A 5596,Brakes,1 x 2kg,Sheet1
Cadbury Hot Chocolate,Cadbury Instant Hot Chocolate 2kg,ingredient,223,A5596,Brakes,1 x 2kg,Sheet1
Cadbury Hot Chocolate,Cadbury Instart Hot Chocolate Powder,ingredient,223,,Tesco,300g,Sheet1
Cadbury Hot Chocolate,Cadbury Original Drinking Hot Chocolate Large Tub,ingredient,223,A 509,Brakes,2kg 1 x 2kg,Sheet1
Cadbury Hot Chocolate,Cadbury Original Drinking Hot Chocolate Large Tub,ingredient,223,A509,Brakes,1 x 2kg,Sheet1
Cadbury Hot Chocolate,Cadbury Original Drinking Hot Chocolate Large Tub 2kg,ingredient,223,A509,Brakes,1 x 2kg,Sheet1
Cadbury Hot Chocolate,Cadbury Original Drinking Hot Chocolate Large Tub 2kg,ingredient,223,A 509,Brakes,1 x 2kg,Sheet1
Cadbury Hot Chocolate,Cad Hot Choc Inst Add Water,ingredient,223,5596,Brakes,1x2kg,Sheet1
Cadbury Twirl,Cadbury Twirl Chocolate Bar,ingredient,228,,Tesco,Single 43g,Sheet1
Cadbury Mini Rolls,Cadbury milk chocolate Mini Roll cakes,ingredient,229,,Tesco,10 Pack,Sheet1
Milk Chocolate (Couverture),Callebaut Milk Choc Calleta,ingredient,231,266084,Booker,10kg,Sheet1
Milk Chocolate (Couverture),Callebaut Milk Choc Drops,ingredient,231,205018,Booker,1 2.5kg,Sheet1
Milk Chocolate (Couverture),Belgian Couverture Choc,ingredient,231,152601,Brakes,1x2.5kg,Sheet1
Captain Morgan Spiced Rum,CAPTAIN MORGAN SPICED,ingredient,232,33070047,LWC Drinks,70CL,Sheet1
Captain Morgan Spiced Rum,Captain Morgans Spiced Rum,ingredient,232,975813,makro,1 70cl,Sheet1
Captain Morgan Spiced Rum,Captain Morgans Spiced Rum,ingredient,232,975813,Booker,1 70cl,Sheet1
"10"" Round Cake Cards","10"" Round Silver Cake Card:",packaging,242,P/VCE63,Cater 4 You,Pack of 100,Sheet1
"10"" Square Cake Cards","10"" (254mm) Square Cut Edge Cake Cards (1.1mm thick)",packaging,243,CES10,Culpitt,,Sheet1
"10"" Square Cake Cards","10"" Square Silver Cake Card",packaging,243,P/VCE25,Cater 4 You,Pack of 100,Sheet1
"10"" Square Cake Cards","10"" Square Silver Cake Card",packaging,243,,Cater 4 You,Box / Case,Sheet1
"10"" Square Cake Cards","10"" Square Silver Cake Card - Required:",packaging,243,P/VCE25,Cater 4 You,Pack of 100,Sheet1
"10"" Square Cake Cards","10"" Square Silver Cake Card - Required:",packaging,243,P/VCE25,Cater for you,Pack of 100,Sheet1
"10"" Square Cake Cards","10"" Square Silver Cake Card - Required:",packaging,243,,Cater for you,Pack of 100 x 7,Sheet1
"10"" Square Cake Cards","10"" Square Silver Cake Card - Box / Case",packaging,243,,Cater 4 You,,Sheet1
"10"" Square Cake Cards","10"" Square Silver Cake Card - Required: Pack of 100",packaging,243,P/VCE25,Cater for you,Pack of 100,Sheet1
Hair Nets,"100 Disposable Hair Nets - 21"" Blue Mob Caps Non-Woven Double Elastic Hair Caps for Catering, Hairnets for Kitchen & Food Prep - Lightweight Breathable Disposable Shower Caps & Hair Net for catering",other,244,,Amazon,,Sheet1
"8"" Cake Cards",100 PE Coated Cake Cards 1.5mm thick x,packaging,246,16J-STR08,Culpitt,"8""",Sheet1
"8"" Cake Cards","100 PE Coated Cake Cards 1.5mm thick x 8""",packaging,246,16J-STR08,Culpitt,,Sheet1
Cake Dowels,50 Pack Unfinished Natural Wood Dowel Rods Hardwood Sticks for Crafts and DIY (250mm x 5mm),equipment,247,SZCXDKJ,Amazon,50 Pack,Sheet1
Cake Dowels,"100PCS Cake Supports, 30cm/12inch Plastic Cake Dowels for Tiered Cakes, White Cake Supports, Easy Cut Cake Dowels For Cake Making and Stacking Support",equipment,247,B0BFLCPHSP,Amazon,,Sheet1
Cake Dowels,100Pcs Premium Wooden Dowel Rods 3mm x 300mm Unfinished Craft Sticks for DIY Model Making Cake Tier Support Home Decor & Handcraft Projects,equipment,247,B0GF7KQJJM,Amazon,,Sheet1
Cake Dowels,ASelected Cake Dowels 50 Pcs Cake Support Rods 9.45 In(24 Cm) Plastic White Cake Dowel Rods For Tiered Cake Construction And Stacking Supporting (1.2 Cm Diameter),equipment,247,B0D6RLTKS8,Amazon,50 Pcs,Sheet1
Cake Dowels,"200 Pcs Square Wooden Sticks Dowels, 300 * 3 mm Unfinished Natural Wooden Sticks, Candy Floss Cotton Candy Food Grade Wood Sticks, Rods Hardwood Sticks for Crafts and DIY (Round)",equipment,247,B0C7Q18TVG,Amazon,,Sheet1
Cake Dowels,24 PCS White Cake Dowel Rods Easy Cut Reused Cake Stand Sticks Cake Support Dowels Reused Cake Support Rods Cake Dowel Straws Cake Stacking Dowels Cake Rods For Cake Stacking,equipment,247,B09C195JJ4,Amazon,,Sheet1
Cake Dowels,"150 Pieces Natural Wooden Skewers for BBQ, Appetizer, Cocktail, Kabob, Fruit and Chocolate Fountain",equipment,247,B0938KPKBF,Amazon,250 MM(10INCH),Sheet1
Broom Handle - Yellow,135cm RHP Handle Yellow,cleaning,257,A591188,Brakes,1 x 1,Sheet1
Broom Handle - Yellow,135cm RHP Handle Yellow,cleaning,257,A 591188,Brakes,1 x 1,Sheet1
Broom Handles - Red & Blue,137cm RHP Handle Blue,cleaning,258,A 591186,Brakes,1 x 1,Sheet1
Broom Handles - Red & Blue,137cm RHP Handle Red,cleaning,258,A 591187,Brakes,1 x 1,Sheet1
"10"" Cake Cards & Boards",16J-STR10,packaging,261,16J-STR10,Culpitt,,Sheet1
"10"" Cake Cards & Boards",50 PE Coated Cake Cards 1.5mm thick x,packaging,261,16J-STR10,Culpitt,"10""",Sheet1
"10"" Cake Cards & Boards","50 PE Coated Cake Cards 1.5mm thick x 10""",packaging,261,16J-STR10,Culpitt,50,Sheet1
"10"" Cake Cards & Boards","10"" Round Masonite 5mm Cake Board - Gloss White",packaging,261,CUL-90406,The Vanilla Valley Limited,,Sheet1
"10"" Cake Cards & Boards","50 Pcs 10 Inch Round Cake Cardboard, White Food Grade Cake Card Boards Bases for Baking, 3mm Thick Circles Grease-Proof Disposable Cake Plate Trays for Birthdays, Weddings, Desserts, Pizza, DIY",packaging,261,YFNVH,Amazon,,Sheet1
Still Bottled Water,189805 Ice Valley Still Sprng Water,drink,263,189805,makro,24 500ml,Sheet1
Coca-Cola Cans,282574 Coca Cola Can,drink,280,282574,makro,24 330ml,Sheet1
Coca-Cola Cans,A 742 - Coca-Cola Original Taste 330ml Can 24 x 330ml,drink,280,A 742,Brakes,24 x 330ml,Sheet1
Coca-Cola Cans,CCA COLA ORGNL TSTE,drink,280,,Sainsburys,,Sheet1
Coca-Cola Cans,COCA COLA 24X330ML CAN,drink,280,58310023,LWC Drinks,,Sheet1
Diet Coke Cans,282673 Diet Coke Can,drink,281,282673,makro,24 330ml,Sheet1
Diet Coke Cans,A 743 - Diet Coke 330ml Can 24 x 330ml,drink,281,A 743,Brakes,24 x 330ml,Sheet1
Paper Portion Pots (1oz & 2oz),1oz Paper Portion Pot,equipment,284,75000,Cater for you,"Box Of 5,000",Sheet1
Paper Portion Pots (1oz & 2oz),2fl.oz Paper Sauce Pot,equipment,284,75001,Cater 4 You,Box / Case,Sheet1
Paper Portion Pots (1oz & 2oz),2oz Paper Portion Pot:,equipment,284,GEPAPPW50000,Cater for you,"Box Of 5,000",Sheet1
Paper Portion Pots (1oz & 2oz),2oz Paper Portion Pot:,equipment,284,75001,Cater for you,"Box Of 5,000",Sheet1
Paper Portion Pots (1oz & 2oz),2fl.oz Genpak Paper Sauce Pot - Required: Box of 5000,equipment,284,GEPAPPW50000,Cater for you,Box of 5000,Sheet1
3-Ply Face Masks,3 Ply IIR Face Covering (Mask) DK01,equipment,286,133833,Brakes,1x50,Sheet1
Dust Mop,"36"" Large Wrestling mat mop Commercial Dust Mops for Floor Cleaning Push mop with Adjustable Handle for Company Hotel Household Cleaning Supplies",cleaning,288,,Amazon,,Sheet1
"UNKNOWN - ""4 x 2.5kg"" (check invoice)",4 x 2.5kg,ingredient,290,21M-MBYE10,Culpitt,4 x 2.5kg,Sheet1
"White Napkins (16"")",50 white Inch napkin,equipment,304,,Sainsburys,,Sheet1
Absolut Vodka,503500 Absolut Vodka Blue,drink,306,503500,makro,6 70cl,Sheet1
Absolut Vodka,Absolut Vodka Blue,drink,306,503510,Booker,1 70cl,Sheet1
Absolut Vodka,Absolut Vodka Blue,drink,306,503500,makro,6 70cl,Sheet1
Absolut Vodka,Absolut Vodka Blue,drink,306,503510,makro,1 70cl,Sheet1
Absolut Vodka,Absolut Vodka Blue,drink,306,503500,Booker,6 70cl,Sheet1
Absolut Vodka,Absolut Vodka PM1999,drink,306,318639,Booker,1 70cl,Sheet1
Absolut Vodka,ABSOLUT VODKA,drink,306,35320047,LWC Drinks,70CL,Sheet1
Absolut Vodka,ABSOLUT VODKA,drink,306,,LWC Drinks,70CL,Sheet1
Absolut Vodka,ABSOLUT VODKA 70CL,drink,306,35320047,LWC Drinks,70cl,Sheet1
R Whites Lemonade,533927 R Whites Lemonade,drink,307,533927,makro,24 330ml,Sheet1
Pink & White 2-Ply Rolls,76 x 76 2 ply White and Pink Rolls,equipment,314,,Amazon,20 Rolls in A Box,Sheet1
Pink & White 2-Ply Rolls,76 x 76 2 ply White and Pink Rolls,equipment,314,B0762HG4TR,Amazon,20 Rolls in A Box,Sheet1
Pink & White 2-Ply Rolls,76 x 76 2 ply White and Pink Rolls 20 Rolls in A Box,equipment,314,,Amazon,,Sheet1
Pink & White 2-Ply Rolls,76 x 76 2 ply White and Pink Rolls 20 Rolls in A Box,equipment,314,B0762HG4TR,Amazon,,Sheet1
"UNKNOWN - ""A 75 LS"" (check invoice)",A 75 LS,cleaning,319,20007583,classeq,1kg,Sheet1
Microfibre Cloths,"AIDEA Microfibre Cloth, Lint Free Reusable Cleaning Cloths, Highly Absorbent Streak Free Washable Cleaning Towels Rags Dish Cloth for House, Kitchen, Car, Motorbike, Windows 30 X 30 CM, Blue",equipment,328,BOBWY76MWD,Amazon,Pack of 50,Sheet1
Alma de Chile Merlot,ALMA DE CHILE MERLOT RES,drink,331,49224858,LWC Drinks,75CL,Sheet1
Alma de Chile Merlot,ALMA DE CHILE MERLOT RES 13.5%,drink,331,49224858,LWC Drinks,75CL,Sheet1
Alma de Chile Merlot,ALMA DE CHILE MERLOT RES 75CL,drink,331,49224858,LWC Drinks,75CL,Sheet1
Alma de Chile Merlot,ALMA DE CHILE MERLOT RES 75CL 13.5%,drink,331,49224858,LWC Drinks,,Sheet1
Alma de Chile Merlot,Alma de Chile Merlot Reserva,drink,331,49224858,LWC Drinks,75cl,Sheet1
Alma de Chile Merlot,Alma de Chile Merlot Reserva 75cl,drink,331,49224858,Culpitt,,Sheet1
Alma de Chile Merlot,Alma de Chile Merlot Reserva 75cl,drink,331,49224858,LWC Drinks,,Sheet1
Alska Cider,ALSKA 3.4%,drink,335,739754,Aldi,4X330ML,Sheet1
Alma de Chile Merlot (duplicate group),ALUNA DE CHILE MERLOT RES 75CL,drink,336,4922058,LWC Drinks,,Sheet1
Disaronno Amaretto,AMARETTO DISARONNO,drink,337,36030047,LWC Drinks,70CL,Sheet1
Angostura Bitters,ANGOSTURA BITTERS 20CL,drink,338,37390042,LWC Drinks,,Sheet1
Angostura Orange Bitters,ANGOSTURA ORANGE BITTERS,drink,339,37390043,LWC Drinks,10CL,Sheet1
Angostura Orange Bitters,ANGOSTURA ORANGE BITTERS,drink,339,ANGORANGE,Booker,10CL,Sheet1
Angostura Orange Bitters,ANGOSTURA ORANGE BITTERS 10CL,drink,339,37390043,LWC Drinks,,Sheet1
Aperol,APEROL 70CL,drink,341,48040247,LWC Drinks,70CL,Sheet1
Aperol,Aperol,drink,341,118658,Booker,1 70cl,Sheet1
Aperol,Aperol,drink,341,118657,Booker,6 70cl,Sheet1
Aperol,Aperol,drink,341,118658,makro,1 70cl,Sheet1
Aperol,Aperol,drink,341,118657,makro,6 70cl,Sheet1
Aperol,Aperol,drink,341,48040247,LWC Drinks,70CL,Sheet1
Aperol,Aperol Aperitivo,drink,341,131395,Brakes,1x70cl,Sheet1
Aperol,Aperol Aperitivo,drink,341,A 131395,Brakes,1 x 70cl,Sheet1
Aperol,Aperol Aperitivo 70cl 11% (Italy),drink,341,A131395,Brakes,1 x 70cl,Sheet1
Aperol,Aperol Aperitivo 70cl 11% (Italy),drink,341,A 131395,Brakes,1 x 70cl,Sheet1
Custom-Made Aprons,APRONS SPEC MAKE,equipment,342,APRONS SPEC MAKE,Supreme Creations,,Sheet1
Extendable Duster,"ASelected Extendable Microfiber Duster Duster with 108"" Telescoping Extension Pole No Scratch to Ceiling Washable Hand Duster for Cleaning High Ceiling Fans Blinds Cobweb Cars",cleaning,351,B0C96NDG3C,Amazon,,Sheet1
Carpet Spot Cleaner,"Akitas X6 Spot Cleaner Carpet Washer Remove Spills and Stains from Carpets, Stairs, Upholstery Portable and Compact",cleaning,362,BOCV114QCJ,Amazon,,Sheet1
Carpet Spot Cleaner,"Akitas X6 Spot Cleaner Carpet Washer Remove Spills and Stains from Carpets, Stairs, Upholstery Portable and Compact",cleaning,362,B0CV114QCJ,Amazon,,Sheet1
Alpro Fruit Yoghurt,Alpro Greek Style Mango Dairy Free Yoghurt Alternative,ingredient,369,,Tesco,150g,Sheet1
Alpro Fruit Yoghurt,Alpro Greek Style Strawberry Raspberry Yoghurt Alternative,ingredient,369,,Tesco,150g,Sheet1
Oat Milk,Alpro Oat Drink,ingredient,370,118560,Brakes,1 litr,Sheet1
Oat Milk,Alpro Oat Drink 1 litr,ingredient,370,,Brakes,1 litr,Sheet1
Oat Milk,Alpro Oat Original UHT,ingredient,370,226268,Booker,8 1ltr,Sheet1
Oat Milk,"Alpro Oat Plant-Based Long Life Drink, Vegan & Dairy Free, 1L",ingredient,370,C118560,Brakes,1 x 1ltr,Sheet1
A4 Printer Paper,"Amazon Basics Multi-Purpose Copy Printer Paper, A4 75 GSM, 2,500 Count (Pack of 5), White",equipment,381,B0FQNP9YTN,Amazon,Pack of 5,Sheet1
A4 Printer Paper,"Amazon Basics Multi-Purpose Copy Printer Paper, A4 80 GSM, 2500 Count",equipment,381,,Amazon,Pack of 5,Sheet1
A4 Printer Paper,"Amazon Basics Multi-Purpose Copy Printer Paper, A4 80 GSM, 2500 Count (Pack of 5), White",equipment,381,B01FSGVN4M,Amazon,Pack of 5,Sheet1
A4 Printer Paper,"Amazon Basics Multi-Purpose Copy Printer Paper, A4 80 GSM, 2500 Count, White",equipment,381,B01FSGVN4M,Amazon,Pack of 5,Sheet1
A4 Printer Paper,"Amazon Basics Multi-Purpose Copy Printer Paper, A4 80 GSM, White",equipment,381,,Amazon,Pack of 5,Sheet1
A4 Printer Paper,"Amazon Basics Multi-Purpose Copy Printer Paper, A4 80 GSM, White",equipment,381,B01FSGVN4M,Amazon,Pack of 5,Sheet1
Halal Beef Pepperoni,Aminah Halal Slicd Beef Pepperoni,ingredient,384,134730,Brakes,1Kg,Sheet1
Halal Beef Pepperoni,Aminah Halal Slicd Beef Pepperoni 1Kg,ingredient,384,134730,Brakes,1Kg,Sheet1
Angostura Bitters (duplicate group),Angostura Bitters 44.7%,drink,387,148700,Booker,1 200ml,Sheet1
Apple & Raspberry (check what this is),Apple & Raspberry,drink,397,,Tesco,250ml,Sheet1
Ariel Laundry Powder,Ariel Prof Formula Pro Plus Pwdr,cleaning,400,149492,Brakes,1x6.5kg,Sheet1
Ariel Laundry Powder,Ariel Prof Formula Pro Plus Pwdr,cleaning,400,A 149492,Brakes,1X6.5KG,Sheet1
Ariel Laundry Powder,Ariel Professional Formula Pro Plus Powder,cleaning,400,A149492,Brakes,1 x 6.5kg,Sheet1
Ariel Laundry Powder,Ariel Professional Formula Pro Plus Powder,cleaning,400,A149492,Sysco,1 x 6.5kg,Sheet1
Ariel Laundry Powder,Ariel Professional Formula Pro Plus Powder,cleaning,400,A 149492,Brakes,1 x 6.5kg,Sheet1
Skyr Natural Yoghurt,Arla Skyr Natural Icelandic Style Yogurt,ingredient,403,,Tesco,450g,Sheet1
Caramelised Onion Chutney,Arran Fine Foods Caramelised Onion Chut,ingredient,404,A 129497,Brakes,1 x 2.35kg,Sheet1
Caramelised Onion Chutney,Arran Fine Foods Caramelised Onion Chutney,ingredient,404,A129497,Brakes,1 x 2.35kg,Sheet1
Caramelised Onion Chutney,Arran Fine Foods Caramelised Onion Chutney,ingredient,404,A 129497,Brakes,1 x 2.35kg,Sheet1
Dairy-Free Chai Latte,Artisan Dairy Free Chai Latte,drink,405,120016,Brakes,1x1,Sheet1
White Wine Vinegar,Aspall White Wine Vinegar,ingredient,407,,Tesco,350ml,Sheet1
Black Face Masks,"Aspect Black Disposable Face Masks, Comfortable Dust Masks for Nose, Mouth Coverings with Sturdy Elastic Ear Loops Ideal for Adults and Children",equipment,409,B08P7TYX46,Amazon,100,Sheet1
Rosti Bites,Aviko Rosti Bites,ingredient,412,149766,Brakes,1x2.5kg,Sheet1
Guacamole,Avogrande Classic Guacamole,ingredient,413,5026322,Brakes,1x1kg,Sheet1
Guacamole,Avogrande Guacamole,ingredient,413,F5026322,Brakes,1 x 1kg,Sheet1
Baby Plum Tomatoes,BABY PLUM TOMATOES,ingredient,418,852170,Aldi,,Sheet1
Baby Plum Tomatoes,Baby Plum Tomatoes BB,ingredient,418,150628,Brakes,1x250g,Sheet1
Bacardi Carta Oro,BACARDI GOLD ORO,drink,419,33013147,LWC Drinks,70CL,Sheet1
Bacardi Carta Oro,BACARDI GOLD ORO 70CL,drink,419,33013147,LWC Drinks,,Sheet1
Bacardi Carta Oro,Bacardi Carta Oro,drink,419,190602,Booker,6 70cl,Sheet1
Bacardi Carta Oro,Bacardi Carta Oro,drink,419,190604,Booker,1 70cl,Sheet1
Bacardi Carta Oro,Bacardi Carta Oro,drink,419,0,Booker,,Sheet1
Bacardi Carta Blanca,BACARDI RUM,drink,420,33010047,LWC Drinks,70cl,Sheet1
Bacardi Carta Blanca,BACARDI RUM,drink,420,,LWC Drinks,70CL,Sheet1
Bacardi Carta Blanca,BACARDI RUM 70CL,drink,420,33010047,LWC Drinks,,Sheet1
Bacardi Carta Blanca,BACARDI RUM 70CL,drink,420,33010047,Culpitt,,Sheet1
Bacardi Carta Blanca,Bacardi,drink,420,33010047,LWC Drinks,,Sheet1
Bacardi Carta Blanca,Bacardi Carta Blanca,drink,420,190616,Booker,6 1ltr,Sheet1
Bacardi Carta Blanca,Bacardi Carta Blanca,drink,420,190617,Booker,1 1ltr,Sheet1
Bacardi Carta Blanca,Bacardi Carta Blanca,drink,420,190617,makro,1ltr,Sheet1
Bacardi Carta Blanca,Bacardi Carta Blanca,drink,420,190607,Booker,6 70cl,Sheet1
Bacardi Carta Blanca,Bacardi Carta Blanca,drink,420,190608,Booker,1 70cl,Sheet1
Bacardi Carta Blanca,Bacardi Carta Blanca,drink,420,,Tesco,70cl,Sheet1
Bacardi Carta Blanca,Bacardi Carta Blanca,drink,420,191244,Booker,1.5ltr,Sheet1
Bacardi Carta Blanca,Bacardi Carta Blanca PM1799,drink,420,292035,makro,1 70cl,Sheet1
Bacardi Carta Blanca,Bacardi Carta Blanca PM1799,drink,420,292034,makro,6 70cl,Sheet1
Bacardi Carta Blanca,Bacardi Carta Blanca PM1799,drink,420,292034,Booker,6 70cl,Sheet1
Bacardi Carta Blanca,Bacardi Carta Blanca PM1799,drink,420,292035,Booker,1 70cl,Sheet1
Bacardi Carta Blanca,Bacardi Carta Blanca Rum,drink,420,,Tesco,1 Litre,Sheet1
Bacardi Carta Blanca,Bacardi CartaBlan Whte Rum,drink,420,130921,Brakes,1x70cl,Sheet1
Bacardi Carta Blanca,Bacardi Carta Blanca Rum 37.5% (Cuba),drink,420,A130921,Brakes,1 x 70cl,Sheet1
Belvedere Vodka,BELVEDERE VODKA 1.75L,drink,432,35252847,LWC Drinks,,Sheet1
Birra Moretti,BIRRA MORETTI 24X330ML NRB,drink,439,26680023,LWC Drinks,24X330ML,Sheet1
Birra Moretti,BIRRA MORETTI NRB,drink,439,26680023,LWC Drinks,24X330ML,Sheet1
Birra Moretti,Birra Moretti,drink,439,115483,Brakes,1x24,Sheet1
Birra Moretti,Birra Moretti,drink,439,A 115483,Brakes,1X24,Sheet1
Birra Moretti,Birra Moretti,drink,439,26680023,LWC Drinks,24X330ML NRB,Sheet1
Birra Moretti,Birra Moretti Lager Beer,drink,439,A115483,Brakes,24 x 330ml,Sheet1
Birra Moretti,Birra Moretti Lager Beer 330ml Bottle,drink,439,A 115483,Brakes,24 x 330ml,Sheet1
Birra Moretti,Birra Moretti Lager Beer 330ml Bottle,drink,439,A115483,Brakes,24 x 330ml,Sheet1
Birra Moretti,Birra Moretti Lager Beer 330ml Bottle,drink,439,115483,Brakes,24 x 330ml,Sheet1
Birra Moretti,Birra Moretti NRB UK,drink,439,232387,Booker,24 330ml,Sheet1
Birra Moretti,Birra Moretti NRB UK,drink,439,232387,makro,24 330ml,Sheet1
Blackberries,BLACKBERRIES,ingredient,443,80913,Aldi,,Sheet1
Blueberries & Strawberries,BLUEBERIE/STRAWBS,ingredient,446,,Sainsburys,,Sheet1
Bottled Water,BRTWATER,drink,452,,Sainsburys,2L,Sheet1
Kinder Bueno (3 Pack),BUENO MLK3PK,ingredient,453,KINDER,Sainsburys,,Sheet1
Buxton Water,BUXTON,drink,454,,Sainsburys,1L,Sheet1
Buxton Water,BUXTON 1L,drink,454,,Sainsburys,1L,Sheet1
Pitted Mixed Olives,Bar Mix Olives (Pitted),ingredient,473,119649,Brakes,1x1kg,Sheet1
Pitted Mixed Olives,Bar Mix Olives (Pitted),ingredient,473,27544,Brakes,1x1kg,Sheet1
Pitted Mixed Olives,Bar Mix Olives (Pitted),ingredient,473,C119649,Brakes,1X1KG,Sheet1
Pitted Mixed Olives,Bar Mix Olives (Pitted),ingredient,473,742,Brakes,1x1kg,Sheet1
Pitted Mixed Olives,Bar Mix Olives (Pitted),ingredient,473,150624,Brakes,1x1kg,Sheet1
Pitted Mixed Olives,Bar Mix Olives (Pitted),ingredient,473,119849,Brakes,1x1kg,Sheet1
Pitted Mixed Olives,Bar Mix Olives (Pitted) 1x1kg,ingredient,473,119649,Brakes,1x1kg,Sheet1
Jelly Beans,Barratt Jelly Beans,ingredient,474,301018,Wholesale Sweets,1 x 3kg Bag,Sheet1
Jelly Beans,Barratt Jelly Beans - 1 x 3kg Bag,ingredient,474,301018,Wholesale Sweets,3kg Bag,Sheet1
Jelly Beans,"Barratt Jelly Beans 3kg Bulk Bag, Classic Fruity Flavoured Chewy Sweets | Large Sharing Bag for Parties, Events and Sweet Tables | Professionally Packed for Freshness",ingredient,474,B0GQJVRVWM,Amazon,3kg,Sheet1
Jelly Beans,"Barratt Jelly Beans Bulk Bag, Classic Fruity Flavoured Chewy Sweets | Large Sharing Bag for Parties, Events and Sweet Tables | Professionally Packed for Freshness",ingredient,474,,Amazon,3kg,Sheet1
Jelly Beans,"Barratt Jelly Beans Bulk Bag, Classic Fruity Flavoured Chewy Sweets | Large Sharing Bag for Parties, Events and Sweet Tables | Professionally Packed for Freshness",ingredient,474,B0GQJVRVWM,Amazon,3kg,Sheet1
Antibacterial Hand Wash,B&H Jas Apple Anti Bac Hand Wash 3x500ml,cleaning,475,146274,Brakes,3x500ml,Sheet1
Antibacterial Hand Wash,B&H Jasmine & Apple Blossom H/Wash,cleaning,475,133732,Brakes,1x5ltr,Sheet1
Antibacterial Hand Wash,B&H Jasmne & Apple Blossom H/Wash,cleaning,475,133732,Brakes,1x5ltr,Sheet1
Antibacterial Hand Wash,B&H Jasmne & Apple Blossom H/Wash,cleaning,475,A 133732,Brakes,1X5LTR,Sheet1
Antibacterial Hand Wash,Baylis & Harding Jasmine & Apple Blossom,cleaning,475,A133732,Brakes,1 x 5ltr,Sheet1
Antibacterial Hand Wash,Baylis & Harding Jasmine & Apple Blossom Anti-Bacterial Hand Wash,cleaning,475,A146274,Brakes,3 x 500ml,Sheet1
Antibacterial Hand Wash,Baylis & Harding Jasmine & Apple Blossom Anti-Bacterial Hand Wash,cleaning,475,A 146274,Brakes,3 x 500ml,Sheet1
Antibacterial Hand Wash,Baylis & Harding Jasmine & Apple Blossom Bacterial Hand Wash,cleaning,475,A146274,Brakes,3 x 500ml,Sheet1
Antibacterial Hand Wash,Baylis & Harding Jasmine & Apple Blossom Bacterial Hand Wash 500ml,cleaning,475,A146274,Brakes,3 x 500ml,Sheet1
Antibacterial Hand Wash,Baylis & Harding Jasmine & Apple Blossom Hand Wash,cleaning,475,A133732,Brakes,1 x 5ltr,Sheet1
Antibacterial Hand Wash,Baylis & Harding Jasmine & Apple Blossom Hand Wash,cleaning,475,A 133732,Brakes,1 x 5ltr,Sheet1
Antibacterial Hand Wash,Brakes Essentials Antibacterial Hand Wash,cleaning,475,A136380,Sysco,2 x 5ltr,Sheet1
Antibacterial Hand Wash,Brakes Essentials Antibacterial Hand Wash,cleaning,475,A136380,Brakes,2 x 5ltr,Sheet1
Antibacterial Hand Wash,Brakes Essentials Antibacterial Hand Wash,cleaning,475,A 136380,Brakes,2 x 5ltr,Sheet1
Antibacterial Hand Wash,Brakes Essentials Antibacterial Hand Wash,cleaning,475,136380,Brakes,2 x 5ltr,Sheet1
Antibacterial Hand Wash,Brake Essent Antibacterial Handwash,cleaning,475,136380,Brakes,2x5l,Sheet1
Beavertown Gamma Ray,BEAVERTOWN GAMMA RAY 12X330ML,drink,476,26633328,LWC Drinks,,Sheet1
Beavertown Gamma Ray,BEAVERTOWN GAMMA RAY APA 12 X 330ML CANS,drink,476,BTGAM,makro,12 X 330ML,Sheet1
Beavertown Gamma Ray,Beavertown Gamma Ray,drink,476,26633328,LWC Drinks,12X330ML,Sheet1
Beavertown Gamma Ray,Beavertown Gamma Ray,drink,476,292357,Booker,6 4x330ml,Sheet1
Beavertown Gamma Ray,Beavertown Gamma Ray,drink,476,,LWC Drinks,12X330ML,Sheet1
Beavertown Gamma Ray,Beavertown Gamma Ray 12 x 330ml Can,drink,476,26633328,LWC Drinks,12 x 330ml,Sheet1
Fizzy Party Mix Sweets,Bebeto Fizzy Party Mix Tub,ingredient,477,317018,Booker,1 400g,Sheet1
Rainbow Belts & Cables Sweets,Bebeto Rainbow Belts Tub,ingredient,478,317016,Booker,1 400g,Sheet1
Rainbow Belts & Cables Sweets,Bebeto Rainbow Cables Tub,ingredient,478,317017,Booker,1 400g,Sheet1
Beef Tomatoes,Beef Tomatoes,ingredient,481,C 450671,Brakes,1 x 5,Sheet1
Beef Tomatoes,Beef Tomatoes,ingredient,481,C450671,Brakes,1 x 5,Sheet1
Beef Tomatoes,Beef Tomatoes,ingredient,481,450671,Brakes,1x5 Pack,Sheet1
Vegan Chicken Tenders,Beyond Meat Chicken Tenders,ingredient,485,F5027450,Brakes,4 x 1kg,Sheet1
Gluten-Free Pitta Bread,Bfree Gluten Free Stone Baked Pitta Bread,ingredient,486,,Tesco,220g,Sheet1
Black Biro Pens,Bic Stationery Cristal Pens Black,equipment,487,,Tesco,10 Pack,Sheet1
Biscoff Spread,Biscoff Spread,ingredient,491,152061,Brakes,1x3kg,Sheet1
Black Refuse Sacks,Black Back Compactor (P B111),cleaning,493,21357,Brakes,100x1,Sheet1
Black Refuse Sacks,Black Compactor Sack (P B116),cleaning,493,124230,Brakes,1x100,Sheet1
Black Refuse Sacks,Black Compactor Sacks.,cleaning,493,A 28990,Brakes,1 x 200 Sacks,Sheet1
Black Refuse Sacks,Black Ex Heavy Duty Sacks (PB114),cleaning,493,87722,Brakes,1x100,Sheet1
Black Refuse Sacks,Black H/Duty Refuse Sack,cleaning,493,28990,Brakes,1x200,Sheet1
Black Refuse Sacks,Black H/Duty Refuse Sack (P/B106),cleaning,493,151084,Brakes,1x200,Sheet1
Black Refuse Sacks,Black H/Duty Refuse Sack (P/B106),cleaning,493,28990,Brakes,1x200,Sheet1
Black Refuse Sacks,Black Sack Compactor,cleaning,493,124230,Brakes,1x100,Sheet1
Black Refuse Sacks,Black Sack Compactor,cleaning,493,21357,Brakes,100x1,Sheet1
Black Refuse Sacks,Black Sack Compactor (P B111),cleaning,493,21357,Brakes,100x1,Sheet1
Black Refuse Sacks,Black Sack Compactor (P B111),cleaning,493,10678,Brakes,100x1,Sheet1
Black Refuse Sacks,Black Sack Compactor (P B111),cleaning,493,301,Brakes,100x1,Sheet1
Black Refuse Sacks,Black Sack Compactor (P B111),cleaning,493,58919,Brakes,100x1,Sheet1
Black Refuse Sacks,Black Sack Compactor (P B111),cleaning,493,A 21357,Brakes,100X1EA,Sheet1
Black Refuse Sacks,Black Sack Compactor (PB111),cleaning,493,21357,Brakes,100x1,Sheet1
Black Refuse Sacks,CP Ex Large HD Refuse Sacks,cleaning,493,233125,makro,1 90pk,Sheet1
Black Refuse Sacks,"60 x 50 Litre Bin Lines, 13Gallon/50L large Garbage Bags Big Food Waste Bags for Kitchen Office Bathroom",cleaning,493,,Amazon,,Sheet1
Black Refuse Sacks,"60 x 50 Litre Bin Lines, 13Gallon/50L large Garbage Bags Big Food Waste Bags for Kitchen Office Bathroom",cleaning,493,B0CBK5C2KL,Amazon,60 x 50 Litre,Sheet1
Black Paper Straws,Black Paper Cocktail Straw,equipment,496,129916,Brakes,,Sheet1
Black Paper Straws,Black Paper Cocktail Straw 4x250,equipment,496,,Brakes,4x250,Sheet1
Black Paper Straws,Black Paper Straw 6mmx200mm,equipment,496,10230,Brakes,4x250,Sheet1
Black Paper Straws,Black Paper Straw 6mmx200mm,equipment,496,130698,Brakes,4x250,Sheet1
Black Paper Straws,Black Paper Straw 6mmx200mm 4x250,equipment,496,,Brakes,4x250,Sheet1
Blue Centrefeed Rolls,Blue Centrefeed 2ply,cleaning,500,306564,makro,1 6pk,Sheet1
Blue Centrefeed Rolls,CLE 2 Ply Blue Centrefeed,cleaning,500,299225,Booker,1 6pk,Sheet1
Blue Centrefeed Rolls,CLE 2 Ply Blue Centrefeed,cleaning,500,299225,makro,1 6pk,Sheet1
Blue Centrefeed Rolls,CP Prem Hvy Dty Blue CFeed,cleaning,500,278992,Booker,1 6pk,Sheet1
Blue Centrefeed Rolls,CP Std Blue 2Ply C/Feed Roll,cleaning,500,247807,Booker,1 6pk,Sheet1
Blue Microfibre Cloths,Blue Exel Microfibre Cloth,cleaning,501,107568,Brakes,1x10,Sheet1
Blue Vinyl Gloves - Medium,ADDIS LATEX/FREE GLOVE,equipment,502,,B&M,30,Sheet1
Blue Vinyl Gloves - Medium,Blue Powder-free Vinyl,equipment,502,29548,Brakes,LARGE GD13L 1x100,Sheet1
Blue Vinyl Gloves - Medium,Blue Powder-free Vinyl MED,equipment,502,29547,Brakes,1x100,Sheet1
Blue Vinyl Gloves - Medium,Blue Powder-free Vinyl MED GD13M,equipment,502,29547,Brakes,1x100,Sheet1
Blue Vinyl Gloves - Medium,Blue Powder-free Vinyl MED GD13M,equipment,502,29548,Brakes,1x100,Sheet1
Blue Vinyl Gloves - Medium,Blue Powder-free Vinyl MED GD13M 1x100,equipment,502,135584,Brakes,1x100,Sheet1
Blue Vinyl Gloves - Large,Blue Powder-free Vinyl LARGE,equipment,503,29548,Brakes,1x100,Sheet1
Blue Vinyl Gloves - Large,Blue Powder-free Vinyl LARGE GD13L,equipment,503,29548,Brakes,1x100,Sheet1
Blue Vinyl Gloves - Large,Blue Powder-free Vinyl LARGE GD13L,equipment,503,591184,Brakes,1x100,Sheet1
Blue Vinyl Gloves - Large,Blue Powder-free Vinyl LARGE GD13L 1x100,equipment,503,29548,Brakes,1x100,Sheet1
Blue Vinyl Gloves - Large,Blue Powder-free Vinyl LARGE GD13L AM-3) N,equipment,503,29548,Brakes,1x100,Sheet1
Blue Vinyl Gloves - Large,Blue Powderfree -Vinyl LARGE GD13L,equipment,503,29548,Brakes,1x100,Sheet1
Blue Striped Paper Straws,Blue Striped Paper Straws,equipment,504,,Amazon,"7.75 Inches, Pack of 100",Sheet1
Blue Striped Paper Straws,"Blue Striped Paper Straws 7.75 Inches, Pack of 100 Biodegradable Disposable Blue White Drinking Straws for Bar Drinks Bridal Shower Birthday Party Suppliers",equipment,504,B0FBW7R8M8,Amazon,Pack of 100,Sheet1
Blueberries,Blueberries,ingredient,505,C591248,Brakes,1 x 300g,Sheet1
Blueberries,Blueberries,ingredient,505,C 591248,Brakes,1 x 300g,Sheet1
Blueberries,Blueberries,ingredient,505,JS,Sainsburys,400G,Sheet1
Blueberries,Blueberries,ingredient,505,591248,Brakes,1x300g,Sheet1
Blueberries,Blueberries,ingredient,505,33325,Brakes,1x1kg,Sheet1
Blueberries,Blueberries,ingredient,505,C 5028744,Brakes,1 x 1kg,Sheet1
Blueberries,Blueberries,ingredient,505,JS,Sainsbury's - Sainsbury's - S2029,300G,Sheet1
Blueberries,Blueberries,ingredient,505,,Tesco,250g,Sheet1
Blueberries,Blueberries,ingredient,505,,Sainsburys,150G,Sheet1
Blueberries,Blueberries OC,ingredient,505,591248,Brakes,149605 BB 1x300g,Sheet1
Blueberries,Blueberries OC 149605,ingredient,505,591248,Brakes,1x300g,Sheet1
Blueberries,Blueberries OC 149605 BB,ingredient,505,591248,Brakes,1x300g,Sheet1
Blueberries,Blueberries OC 149605 BB,ingredient,505,5001527,Brakes,1x300g,Sheet1
Blueberries,Blueberries OC BB,ingredient,505,591248,Brakes,1x300g,Sheet1
Bold Laundry Powder,Bold Prof LF&WL Laundry Powder,cleaning,509,591184,Brakes,1x5.5KG,Sheet1
Bold Laundry Powder,Bold Professional Lotus Flower & Water Lily Laundry Powder,cleaning,509,A 5001176,Brakes,1 x 5.5kg,Sheet1
Elderflower Cordial,Bottlegreen Elderflower Cordial,drink,514,87800,Brakes,6x500ml,Sheet1
Elderflower Cordial,Bottlegreen Elderflower Cordial,drink,514,A 87800,Brakes,6 x 500ml,Sheet1
Elderflower Cordial,Bottlegreen Elderflower Cordial,drink,514,A87800,Brakes,6 x 500ml,Sheet1
Elderflower Cordial,Bottlegreen Elderflower Cordial,drink,514,135124,Brakes,6x500ml,Sheet1
Elderflower Cordial,BOTTLE GREEN ELDERF CORDIAL,drink,514,51301149,LWC Drinks,50CL,Sheet1
Elderflower Cordial,BOTTLE GREEN ELDERF CORDIAL 50CL,drink,514,51301149,LWC Drinks,,Sheet1
Elderflower Cordial,Bottlgrn Elderflower Cordial,drink,514,194205,Booker,1 500ml,Sheet1
Elderflower Cordial,Bottlgrn Elderflower Cordial,drink,514,135823,Booker,6 500ml,Sheet1
Apple Cider Vinegar,Bragg | Apple Cider Vinegar W/Mother,ingredient,516,,Amazon,1 X 473MI,Sheet1
Vegan Sausage Rolls (Unbaked),Brake 6in Unbkd Vegan Saus Roll,ingredient,517,129445,Brakes,50x120g,Sheet1
Leek & Emmental Quiche,Brakes Emmental Slab,ingredient,518,133562,Brakes,4x1kg,Sheet1
Leek & Emmental Quiche,Brake Essen Leek & Emmental Slab,ingredient,518,133562,Brakes,4x1kg,Sheet1
Leek & Emmental Quiche,Brake Essen Leek & Emmental Slab,ingredient,518,129433,Brakes,4x1kg,Sheet1
Leek & Emmental Quiche,Brake Essen Leek & Emmental Slab 4x1kg,ingredient,518,133562,Brakes,4x1kg,Sheet1
Leek & Emmental Quiche,Brake Essen Leek & Emmental Slab 4x1kg,ingredient,518,,Brakes,4x1kg,Sheet1
Leek & Emmental Quiche,Brakes Essentials Fully Baked Leek & Emmental Cheese Quiche Slab,ingredient,518,F133562,Brakes,4 x 1kg,Sheet1
Leek & Emmental Quiche,Brakes Essentials Fully Baked Leek & Emmental Cheese Quiche Slab,ingredient,518,F 133562,Brakes,4 x 1kg,Sheet1
Dishwasher Detergent,Brake Essent Dishwasher Detergent,cleaning,520,136708,Brakes,2x5ltr,Sheet1
Dishwasher Detergent,Brakes Essentials Dishwasher Detergent,cleaning,520,A136708,Brakes,2 x 5ltr,Sheet1
Dishwasher Detergent,Brakes Essentials Dishwasher Detergent,cleaning,520,A 136708,Brakes,2 x 5ltr,Sheet1
Glass & Stainless Steel Cleaner,Brake Essent Glass & S/S Cleaner,cleaning,521,136707,Brakes,6x750ml,Sheet1
Glass & Stainless Steel Cleaner,Brakes Essentials Glass & Stainless Steel Cl,cleaning,521,A136707,Brakes,6x750ml,Sheet1
Glass & Stainless Steel Cleaner,Brakes Essentials Glass & Stainless Steel Cleaner,cleaning,521,A136707,Brakes,6 x 750ml,Sheet1
Air Freshener,Brake Essentials Air Freshener,cleaning,522,136385,Brakes,6x750ml,Sheet1
Air Freshener,Brakes Essentials Air Freshener,cleaning,522,A136385,Sysco,6 x 750ml,Sheet1
Air Freshener,Brakes Essentials Air Freshener,cleaning,522,A 136385,Brakes,6 x 750ml,Sheet1
Garlic Spread,Brake Garlic Spread,ingredient,523,136395,Brakes,1x1.5kg,Sheet1
Garlic Spread,Brake Garlic Spread 1x1.5kg,ingredient,523,,Brakes,1x1.5kg,Sheet1
Mini Vegetable Spring Rolls,Brake Mini Vegetable Spring Rolls,ingredient,524,3928,Brakes,1x90,Sheet1
Mini Pink & White Marshmallows,Brake Pnk White Mini Mrshmlow Tub,ingredient,525,136227,Brakes,1x350g,Sheet1
Mini Pink & White Marshmallows,Brakes Mini Pink and White Marshmallows,ingredient,525,A 136227,Brakes,1 x 350g,Sheet1
Mini Pink & White Marshmallows,Brakes Mini Pink and White Marshmallows,ingredient,525,A136227,Brakes,1x350g,Sheet1
Porcini Mushroom Arancini,Brake Porcini Mushroom Arancini,ingredient,526,129077,Brakes,40x35g,Sheet1
Porcini Mushroom Arancini,Brake Porcini Mushroom Arancini,ingredient,526,10364,Brakes,40x35g,Sheet1
Porcini Mushroom Arancini,Brake Porcini Mushroom Arancini,ingredient,526,133562,Brakes,40x35g,Sheet1
Porcini Mushroom Arancini,Brake Porcini Mushroom Arancini 40x35g,ingredient,526,,Brakes,40x35g,Sheet1
Porcini Mushroom Arancini,Brakes Porcini Mushroom Arancini,ingredient,526,F129077,Brakes,40 x 35g,Sheet1
Porcini Mushroom Arancini,Brakes Porcini Mushroom Arancini,ingredient,526,F 129077,Brakes,40 x 35g,Sheet1
Porcini Mushroom Arancini,Brakes Porcini Mushroom Arancini,ingredient,526,F 129077,Sysco,40 x 35g,Sheet1
Vegan Caramelised Biscuit Cake,Brake Vegan Caramelised Biscuit Cake,ingredient,527,130801,Brakes,1x14,Sheet1
Vegan Caramelised Biscuit Cake,Brakes Vegan Caramelised Biscuit Cake,ingredient,527,F 130801,Brakes,1 x 14ptn,Sheet1
Tomato & Cheese Quiche Slabs,Brakes Essentials Fully Baked Tomato & Cheese Quiche Slabs,ingredient,529,F 133561,Brakes,4 x 1kg,Sheet1
Tomato & Cheese Quiche Slabs,Brakes Essentials Fully Baked Tomato & Cheese Quiche Slabs,ingredient,529,F133561,Brakes,4 x 1kg,Sheet1
Banana & Toffee Loaf Cake,Brakes Banana & Toffee Loaf Cake,ingredient,532,F 118430,Brakes,1 x 19ptn,Sheet1
Banana & Toffee Loaf Cake,Brakes Banana & Toffee Loaf Cake,ingredient,532,F118430,Brakes,1 x 19ptn,Sheet1
Black Pepper Sachets,Brakes Black pepper,ingredient,533,A 89408,Brakes,1 x 2000,Sheet1
Cauliflower Wings,Brakes Cauliflower Wings,ingredient,534,F131051,Brakes,1 x 1kg,Sheet1
Cauliflower Wings,Brakes Cauliflower Wings,ingredient,534,131051,Brakes,1x1kg,Sheet1
Cauliflower Wings,Brakes Cauliflower Wings,ingredient,534,F 131051,Brakes,1 x 1kg,Sheet1
Puffed Rice,Brakes Crisp Puffed Rice,ingredient,535,A105956,Brakes,8 x 600g,Sheet1
Puffed Rice,Brakes Crisp Puffed Rice,ingredient,535,A105956,Sysco,8X600G,Sheet1
Puffed Rice,Brakes Crisp Puffed Rice,ingredient,535,A 105956,Brakes,8 x 600g,Sheet1
Puffed Rice,Brakes Crisp Puffed Rice,ingredient,535,105956,Brakes,8x600g,Sheet1
Puffed Rice,Brakes Crisp Puffed Rice,ingredient,535,109595,Brakes,8x500g,Sheet1
Puffed Rice,Brakes Crisp Puffed Rice,ingredient,535,105856,Brakes,8x800g,Sheet1
Balsamic Glaze,Brakes Balsamic Glaze,ingredient,538,88386,Brakes,1x400ml,Sheet1
Balsamic Glaze,Brakes Glaze with Balsamic Vinegar of Mod,ingredient,538,A 88386,Brakes,1 x 400ml,Sheet1
Balsamic Glaze,Brakes Glaze with Balsamic Vinegar of Modena,ingredient,538,A88386,Brakes,1 x 400ml,Sheet1
Balsamic Glaze,Brakes Glaze with Balsamic Vinegar of Modena,ingredient,538,A 88386,Brakes,1 x 400ml,Sheet1
Lemon & Poppy Seed Loaf Cake,Brakes Lemon & Poppy Seed Loaf Cake,ingredient,539,F 118429,Brakes,1 x 19ptn,Sheet1
Lemon & Poppy Seed Loaf Cake,Brakes Lemon & Poppy Seed Loaf Cake,ingredient,539,F118429,Brakes,1 x 19ptn,Sheet1
Pistachio Kernels,Brakes Pistachio Kernels,ingredient,541,8823,Brakes,1x1kg,Sheet1
Pistachio Kernels,Brakes Pistachio Kernels,ingredient,541,4617,Brakes,1x1kg,Sheet1
Pistachio Kernels,Brakes Pistachio Kernels,ingredient,541,A8823,Brakes,1 x 1kg,Sheet1
Pistachio Kernels,Brakes Pistachio Kernels,ingredient,541,10678,Brakes,1x1kg,Sheet1
Pistachio Kernels,Brakes Pistachio Kernels,ingredient,541,A 8823,Sysco,1 x 1kg,Sheet1
Pistachio Kernels,Brakes Pistachio Kernels,ingredient,541,5874,Brakes,1x1kg,Sheet1
Pistachio Kernels,Brakes Pistachio Kernels,ingredient,541,A 8823,Brakes,1 x 1kg,Sheet1
Pistachio Kernels,Brakes Pistachio Kernels,ingredient,541,8623,Brakes,1x1kg,Sheet1
Pistachio Kernels,Brakes Pistachio Kernels (L-AH) A 1 UN,ingredient,541,8823,Brakes,1x1kg,Sheet1
Pistachio Kernels,Brakes Pistachio Kernels 1kg,ingredient,541,A8823,Brakes,1 x 1kg,Sheet1
Pistachio Kernels,Brakes Pistachio Kernels 1x1kg,ingredient,541,8823,Brakes,1x1kg,Sheet1
Pistachio Kernels,Brakes Pistachio Kernels 1x1kg,ingredient,541,,Brakes,1x1kg,Sheet1
Pizza Sauce,Brakes Pizza Topping Sauce,ingredient,542,A 84497,Brakes,1 x 3kg,Sheet1
Pizza Sauce,Brakes Pizza Topping Sauce,ingredient,542,A84497,Brakes,1 x 3kg,Sheet1
Pizza Sauce,Brakes Pizza Topping Sauce,ingredient,542,A84497,Sysco,1 x 3kg,Sheet1
Pizza Sauce,Brakes Pizza Topping Sauce,ingredient,542,A 84497,Sysco,1 x 3kg,Sheet1
Pizza Sauce,Brakes Pizza Topping Sauce,ingredient,542,84497,Brakes,1 x 3kg,Sheet1
Pizza Sauce,Brakes Pizza Sauce Pouch,ingredient,542,84497,Brakes,1x3Kg,Sheet1
Pizza Sauce,Brakes Pizza Sauce Pouch,ingredient,542,119649,Brakes,1x3Kg,Sheet1
Pizza Sauce,Brakes Pizza Sauce Pouch,ingredient,542,32783,Brakes,1x3Kg,Sheet1
Pizza Sauce,Brakes Pizza Sauce Pouch 1x3Kg,ingredient,542,,Brakes,1x3Kg,Sheet1
Pizza Sauce,Brakes Pizza Sauce Pouch 1x3Kg,ingredient,542,84497,Brakes,1x3Kg,Sheet1
Raspberries,Brakes Raspberries,ingredient,544,F4116,Brakes,1 x 500g,Sheet1
Sliced Jalapeño Peppers,Brakes Sliced Green Jalapeno Peppers in B,ingredient,545,A106727,Brakes,1kg,Sheet1
Sliced Jalapeño Peppers,Brakes Sliced Green Jalapeno Peppers in Brine,ingredient,545,A106727,Brakes,1 x 1kg,Sheet1
Sliced Jalapeño Peppers,Brakes Sliced Green Jalapeno Peppers in Brine,ingredient,545,A 106727,Brakes,1 x 1kg,Sheet1
Sliced Jalapeño Peppers,Brakes Sliced Jalapeno Peppers,ingredient,545,106727,Brakes,1x1kg,Sheet1
Sliced Jalapeño Peppers,Brakes Sliced Jalapeno Peppers,ingredient,545,32783,Brakes,1x1kg,Sheet1
"Fruit Juice (Apple, Orange & Pineapple)",Brakes The Juice Apple,drink,547,100244,Brakes,12x1ltr,Sheet1
"Fruit Juice (Apple, Orange & Pineapple)",Brakes The Juice Apple,drink,547,89657,Brakes,27x200ml,Sheet1
"Fruit Juice (Apple, Orange & Pineapple)",Brakes The Juice Orange,drink,547,100243,Brakes,12x1ltr,Sheet1
"Fruit Juice (Apple, Orange & Pineapple)",Brakes The Juice Orange 12x1ltr,drink,547,,Brakes,12x1ltr,Sheet1
"Fruit Juice (Apple, Orange & Pineapple)",Brakes The Juice Pineapple,drink,547,100245,Brakes,12x1ltr,Sheet1
White Napkins,Brakes 2Ply 32cm White Napkin,equipment,550,5021212,Brakes,3x200,Sheet1
White Napkins,Brakes 2Ply 32cm White Napkin,equipment,550,A 5021212,Brakes,3 x 200,Sheet1
White Napkins,Brakes White 2ply Napkin,equipment,550,A 88289,Brakes,2 x 300,Sheet1
White Napkins,Brakes White 2ply Napkin,equipment,550,88289,Brakes,33cm 2x300,Sheet1
White Napkins,Brakes White 2ply Napkin 33cm,equipment,550,88289,Brakes,2x300,Sheet1
White Napkins,Brakes White 2ply Napkin 33cm,equipment,550,135584,Brakes,2x300,Sheet1
White Napkins,Brks 3Ply 40cm White Napkin,equipment,550,88315,Brakes,2x2500s,Sheet1
White Napkins,Brakes White 3 Ply Napkin 40cm,equipment,550,A88315,Brakes,2 x 250,Sheet1
Peach Bride Tribe Apron,Bride tribe peach apron,equipment,552,,Supreme Creations,,Sheet1
White Bride Apron,Bride white apron,equipment,553,,Supreme Creations,,Sheet1
Mini Pastry Selection,Bridor Mini Gourmandises,ingredient,554,F58606,Sysco,1 x 140,Sheet1
Mini Pastry Selection,Bridor Mini Gourmandises,ingredient,554,F58606,Brakes,1 x 140,Sheet1
Mini Pastry Selection,Bridor Mini Gourmandises,ingredient,554,F 58606,Brakes,1 x 140,Sheet1
Mini Pastry Selection,Bridor Mini Gourmandises RTB,ingredient,554,58606,Brakes,1x140,Sheet1
Mini Viennoiserie Mix,Bridor Mini Mix Vien Pastrie,ingredient,555,283102,Booker,1 90s,Sheet1
Pain au Chocolat,Bridor Pain au Chocolat RTB,ingredient,556,080763,Booker,1 20x75g,Sheet1
Surgical Face Masks,"British Brand | Omnitex 3ply Premium Type IIR Disposable Surgical Face Mask | EN14683:2019 | 98% Filtration, Fluid Resistant, Medical Face Mask 2R with Ear Loops",equipment,557,,Amazon,Pack of 50,Sheet1
Cherry Tomatoes,British Isle of Wight Cherry Tomatoes,ingredient,558,C 146257,Brakes,1 x 250g,Sheet1
Cherry Tomatoes,British Red Cherry Tomatoes BB,ingredient,558,146257,Brakes,1x250g,Sheet1
Rocket,British Rocket,ingredient,560,C 5001984,Brakes,1 x 150g,Sheet1
Rocket,British Rocket BB,ingredient,560,5001984,Brakes,1x150g,Sheet1
Indoor Broom (Long Handle),"Broom Indoor Sweeping Broom Brush with Long Handle, UMAYCOOL Kitchen Indoor Floor Brush with Dense Soft Bristles Perfect for Sweeping Room Office Kitchen",cleaning,564,,Amazon,,Sheet1
Indoor Broom (Long Handle),"Broom Indoor Sweeping Broom Brush with Long Handle, UMAYCOOL Kitchen Indoor Floor Brush with Dense Soft Bristles Perfect for Sweeping Room Office Kitchen",cleaning,564,B0B3HF6PTN,Amazon,,Sheet1
Soft Broom - Yellow,Broom Soft Yellow,cleaning,565,591182,Brakes,1x1ea,Sheet1
Soft Broom - Yellow,Broom Soft Yellow 30cm OC,cleaning,565,591182,Brakes,1x1ea,Sheet1
Soft Broom - Yellow,Broom Soft Yellow 30cm OC 125120,cleaning,565,591182,Brakes,1x1ea,Sheet1
D10 Sanitiser Bottle Kit,Btl Kit Suma Bac D10 W731,cleaning,566,101750,Brakes,6x0.751,Sheet1
Buffalo Mozzarella,Buffalo Mozzarella,ingredient,568,C134331,Brakes,8 x 125g,Sheet1
Buffalo Mozzarella,Buffalo Mozzarella,ingredient,568,C 134331,Brakes,8 x 125g,Sheet1
Buffalo Mozzarella,Buffalo Mozzarella,ingredient,568,134331,Brakes,8x125g,Sheet1
Buffalo Mozzarella,Buffalo Mozzarella 8x125g,ingredient,568,134331,Brakes,,Sheet1
Buffalo Trace Bourbon,Buffalo Trace Bourbon 40%,drink,569,127085,Booker,6 70cl,Sheet1
Buffalo Trace Bourbon,Buffalo Trace Bourbon 40%,drink,569,127086,Booker,1 70cl,Sheet1
Fresh Basil,C 113879 - Herb Bunched Basil 1 x 100g,ingredient,574,C 113879,Brakes,1 x 100g,Sheet1
Fresh Mint,C 113882 - Large Mint Bunch 1 x 100g,ingredient,575,C 113882,Brakes,1 x 100g,Sheet1
Sliced Gammon Ham,C 70008 - Sysco Classic Cooked Sliced Gammon Ham 1 x 454g (av. 12 slices),ingredient,576,C 70008,Brakes,1 x 454g,Sheet1
Mini Muffins,CAKE MINI MUFFINS,ingredient,577,10245,Aldi,,Sheet1
Brownies,CAKE TOA BROWNIES,ingredient,578,744348,Aldi,,Sheet1
Mini Cake Bites,CAKE: MINI BITES,ingredient,579,732361,Aldi,,Sheet1
Caramel Cookies,CARAMEL COOKIES,ingredient,581,,Morrisons,,Sheet1
Carex Hand Wash,CAREX HANDWASH ORIG,cleaning,586,PM149,Tooting Mini Market,,Sheet1
Carrot & Houmous,CARROT & HOUMOUS,ingredient,588,,Sainsburys,,Sheet1
Stilton,CB STILTON,ingredient,589,29120147,M&S,,Sheet1
Grated Mild White Cheese,CE Mild White Grated,ingredient,592,153117,Booker,1 2kg,Sheet1
Chambord,CHAMBORD RASPBERRY 70CL,drink,593,36291047,LWC Drinks,,Sheet1
Champagne,CHAMPAGNE CHARLES JOUBERT,drink,594,40101350,LWC Drinks,NV75CL,Sheet1
Champagne,CHAMPAGNE CHARLES JOUBERT 75CL,drink,594,40101350,LWC Drinks,,Sheet1
Champagne,CHAMPAGNE CHARLES JOUBERT NV,drink,594,40101350,LWC Drinks,75CL,Sheet1
Champagne,CHAMPAGNE CHARLES JOUBERT NV75CL,drink,594,40101350,LWC Drinks,,Sheet1
Chase Rhubarb & Apple Gin,CHASE RHU N BRAM APP GIN,drink,596,35130148,LWC Drinks,70CL,Sheet1
Chase Rhubarb & Apple Gin,CHASE RHU N BRAM APP GIN 70CL,drink,596,35130148,LWC Drinks,,Sheet1
Chase Rhubarb & Apple Gin,CHASE RHUBARB AND APPLE GIN 40% 70CL,drink,596,CHASEAPP,Booker,,Sheet1
Chase Rhubarb & Apple Gin,CHASE RHUN BRAM APP GIN 70CL,drink,596,35130148,LWC Drinks,,Sheet1
Chocolate Muffins,CHOC CHUNK MUFFINS,ingredient,604,,Morrisons,,Sheet1
Chocolate Muffins,CHOC MUFFINS,ingredient,604,,Morrisons,,Sheet1
Green Grapes,CO OP GREEN GRAPES*,ingredient,612,,Nisa,500G,Sheet1
Coca-Cola Zero Cans,COCA COLA ZERO 24X330ML CAN,drink,615,58310323,LWC Drinks,24X330ML,Sheet1
Cocktail Cans (variety 1 - check flavour),COCKTAIL CAN,drink,616,742287,Aldi,,Sheet1
Cocktail Cans (variety 2 - check flavour),COCKTAIL CANS,drink,617,742285,Aldi,,Sheet1
Cocobay Cans,COCOBAY CAN,drink,618,741667,Aldi,,Sheet1
Cointreau,COINTREAU 70CL,drink,619,36080047,LWC Drinks,,Sheet1
Coca-Cola Bottles,COKE BOTTLE,drink,620,,Poundland,500ML,Sheet1
Copella Apple Juice,COPELLA APPLE,drink,623,,Sainsburys,300ML,Sheet1
Corona Cero (Alcohol-Free),CORONA CERO,drink,625,26120026,LWC Drinks,6X4X330ML,Sheet1
Corona Cero (Alcohol-Free),CORONA CERO *ONLINE P*,drink,625,62000204,LWC Drinks,,Sheet1
Corona Cero (Alcohol-Free),CORONA CERO 0,drink,625,26120026,LWC Drinks,6X4X330ML,Sheet1
Corona Cero (Alcohol-Free),CORONA CERO 0 6X4X330ML,drink,625,26120026,LWC Drinks,,Sheet1
Corona Extra,CORONA EXTRA,drink,629,26120023,LWC Drinks,24X330ML NRB,Sheet1
Corona Extra,CORONA EXTRA 24X330ML NRB,drink,629,26120023,LWC Drinks,,Sheet1
Corona Extra,CORONA EXTRA NRB,drink,629,26120023,LWC Drinks,24X330ML,Sheet1
Antibacterial Sponge Scourers,CP Antibac Sponge Scourer,cleaning,634,162494,Booker,5pk,Sheet1
Microfibre Cloths (CP - check vs g328/501),CP Micro Fibre Cloths,cleaning,636,162517,makro,1 5pk,Sheet1
Probe Wipes,CP Plus Probe Wipe,cleaning,637,289409,Booker,1 150pk,Sheet1
Crackers,CRACKERS,ingredient,642,,ASDA,,Sheet1
Pinot Noir,CRAMELE RECAS PINOT NOIR,drink,643,46183139,LWC Drinks,75CL,Sheet1
Pinot Noir,CRAMELE RECAS PINOT NOIR,drink,643,,LWC Drinks,75CL,Sheet1
Pinot Noir,CRAMELE RECAS PINOT NOIR 12.5%,drink,643,46183139,LWC Drinks,75CL,Sheet1
Pinot Noir,CRAMELE RECAS PINOT NOIR 75CL,drink,643,46183139,LWC Drinks,,Sheet1
Pinot Noir,CRAMELE RECAS PINOT NOIR 75CL 12.5%,drink,643,46183139,LWC Drinks,75CL,Sheet1
Hand-Cooked Crisps,CRINKLE CRISPS,ingredient,645,78936,Aldi,,Sheet1
Hand-Cooked Crisps,CRISPS HAND COOKED,ingredient,645,82021,Aldi,,Sheet1
Cucumber,CUCUMBER WHOLE,ingredient,648,,Sainsburys,,Sheet1
Cucumber,CUCUMBER WHOLE,ingredient,648,JS,Sainsburys,,Sheet1
Cucumber,CUCUMBER WHOLE,ingredient,648,,Tesco,Each,Sheet1
Camembert,Camembert,ingredient,655,C 117804,Brakes,6 x 240g,Sheet1
Camembert,Camembert,ingredient,655,C117804,Brakes,6 x 240g,Sheet1
Camembert,Camembert,ingredient,655,29098521,M&S,250,Sheet1
Camembert,Camembert,ingredient,655,117804,Brakes,6x240g,Sheet1
Campari,Campari,drink,656,532119,Booker,6 70cl,Sheet1
Campari,Campari,drink,656,951327,Booker,1 70cl,Sheet1
Captain Morgan Spiced Gold,Capt Morgan Spcd Gold PM1759,drink,658,306996,Booker,1 70cl,Sheet1
Biodegradable Bin Liners,"60 x 50 Litre Bin Lines, 13Gallon/50L large Garbage Bags Big Food Waste Bags for Kitchen Office Bathroom ASIN:B0CBK5C2KL",cleaning,667,B0CBK5C2KL,Amazon,,Sheet1
Biodegradable Bin Liners,"100% Biodegradable Bin Liners, 60L Biodegradable Food Waste Bags, Super Sturdy Bin Bags",cleaning,667,RTBQJ-AT,Amazon,120 Bags,Sheet1
Biodegradable Bin Liners,"80 x 30 Litre Bin Bags, 8Gallon/30L Food Waste Bags 4 Roll Caddy Bin Liners for Kitchen Office Bathroom (60x65cm)",cleaning,667,B0CBK8GWQQ,Amazon,,Sheet1
Prepped Food Labels,49x74mm Prepped Food Labels - Red Text Removable - Use by Food Labels - Food Rotation Roll - Supplied in Rolls of 500. Label Size: 49 x 75mm (1 Roll of 500 Labels),packaging,678,,Amazon,,Sheet1
Prepped Food Labels,49x74mm Prepped Food Labels - Red Text Removable - Use by Food Labels - Food Rotation Roll - Supplied in Rolls of 500. Label Size: 49 x 75mm (1 Roll of 500 Labels),packaging,678,B0954WTR8M,Amazon,1 Roll of 500 Labels,Sheet1
Sauce Pots with Lids (4oz),"50 Packs Round Container, Sauces Cups Stackable Food Small Containers with Lids, Clear Round Leakproof Plastic Takeaway Sauce Pots for Small Dips Chutney Ketchup Salads",packaging,684,B0F2SPY1GK,Amazon,4oz-100 ml,Sheet1
4-Cup Carry Trays,"AIBULO 20-Pack 4 Cup Tray Holders | Eco-Friendly Biodegradable Drink Carrier Trays for Hot & Cold Beverages | Takeaway Cup Holders for Cars, Prams, Parties, Events, Cafés & Catering",packaging,701,B0D3VJKSQR,Amazon,20-Pack,Sheet1
4-Cup Carry Trays,"20-Pack 4 Cup Tray Holders | Eco-Friendly Biodegradable Drink Carrier Trays for Hot & Cold Beverages | Takeaway Cup Holders for Cars, Prams, Parties, Events, Cafés & Catering",packaging,701,B0D3VJKSQR,Amazon,20-Pack,Sheet1
4-Cup Carry Trays,"AIBULO 20-Pack 4 Cup Tray Holders | Eco-Friendly Biodegradable Drink Carrier Trays for Hot & Cold Beverages | Takeaway Cup Holders for Cars, Prams, Parties, Events, Cafés & Catering",packaging,701,,Amazon,20-Pack,Sheet1
Striped Sweet Bags,"AMD Nexus 100 5"" x 7"" Striped Candy Sweet Paper Bags | Wedding Buffet Favour Cake Gift Pick n Mix Shop | Premium Quality UK Made (Mixed)",packaging,703,B0CCWSQ51Z,Amazon,,Sheet1
Striped Sweet Bags,"5x7"" Pack of 100 Assorted Striped Paper Sweet Bags Ideal for Any Occasion & can be used as Party, Candy, Sweet, Gift, Popcorn, Small Paper bags (Mixed, 5x7-100 Bags)",packaging,703,B0BPPQFWMZ,Amazon,,Sheet1
Henry Hoover Bags,Avern Genuine Numatic Hepa-Flo Hoover Bags Henry Hetty NRV Vacuum Cleaner Dust Bags,cleaning,712,,Amazon,Pack of 10 + 5 Freshener Sticks,Sheet1
Printer Ribbons (SP700),"Bigger 12-Pack Compatible SP700 Printer Ribbon B/R Replacement for Star SP-700BR, RC-700BR, SP-712, SP-712R, SP-742, SP-742R Ink Ribbon (Black and Red)",equipment,722,3157BR,Amazon,12-Pack,Sheet1
Blue Raspberry Bon Bons,Blue Raspberry BonBons Bag,ingredient,726,B00052L4UE,Amazon,1kg,Sheet1
British Cheese Selection,British Cheese Board,ingredient,731,104628,Brakes,1x840g,Sheet1
British Cheese Selection,British Cheese Board 1x840g,ingredient,731,104628,Brakes,1x840g,Sheet1
British Cheese Selection,British Cheese Board 1x840g,ingredient,731,,Brakes,1x840g,Sheet1
British Cheese Selection,British Cheese Board Selection,ingredient,731,C104628,Brakes,1 x 860g,Sheet1
British Cheese Selection,British Cheese Board Selection,ingredient,731,C 104628,Sysco,1 x 860g,Sheet1
British Cheese Selection,British Cheese Board Selection,ingredient,731,C 104628,Brakes,1 x 860g,Sheet1
Trio Cheeseboard,Butlers Brit Trio Cheeseboard,ingredient,735,134489,Brakes,6x155g,Sheet1
Trio Cheeseboard,Butlers British Trio Cheeseboard,ingredient,735,C 134489,Brakes,6 x 155g,Sheet1
Trio Cheeseboard,Butlers British Trio Cheeseboard,ingredient,735,C134489,Brakes,6 x 155g,Sheet1
Cling Film,CL Cling Film,equipment,743,212491,Booker,305m,Sheet1
Cling Film,CL Cling Film 450mm,equipment,743,212451,makro,1 305m,Sheet1
Cling Film,CL Cling Film 450mm,equipment,743,129644,Booker,9 305m,Sheet1
Cling Film,CTS PVC ClingFilm,equipment,743,302784,Booker,1 Sgl,Sheet1
Toilet Cleaner,Brakes Essentials Toilet Cleaner,cleaning,747,A136391,Brakes,6 x 1ltr,Sheet1
Ariel Washing Pods,Ariel Professional All in 1 Washing Detergent Pods,cleaning,748,A151251,Brakes,2 x 50,Sheet1
Thick Bleach,Brake Essentials Bleach,cleaning,749,136383,Brakes,2x5l,Sheet1
Thick Bleach,Brake Essentials Bleach,cleaning,749,136384,Brakes,6x1ltr,Sheet1
Thick Bleach,Brakes Essentials Thick Bleach,cleaning,749,A136384,Brakes,6 x 1ltr,Sheet1
Thick Bleach,Brakes Essentials Thick Bleach,cleaning,749,A 136384,Brakes,6 x 1ltr,Sheet1
Kitchen Degreaser,Brake Essentials Degreaser,cleaning,750,136376,Brakes,6x750ml,Sheet1
Kitchen Degreaser,Brake Essentials Degreaser,cleaning,750,A 136376,Brakes,6X750ML,Sheet1
Kitchen Degreaser,Brakes Essentials Kitchen Degreaser,cleaning,750,A136376,Brakes,6 x 750ml,Sheet1
Kitchen Degreaser,Brakes Essentials Kitchen Degreaser,cleaning,750,A 136376,Brakes,6 x 750ml,Sheet1
Floor Cleaner,CP+ Floor Cleaner,cleaning,751,282792,Booker,1 5ltr,Sheet1
Floor Cleaner,CP+ Lemon Floor Gel,cleaning,751,286983,Booker,1 5ltr,Sheet1
Floor Cleaner,Brake Essentials Floor Cleaner,cleaning,751,136378,Brakes,8x1ltr,Sheet1
Floor Cleaner,Brake Essentials Floor Cleaner,cleaning,751,301,Brakes,8x1ltr,Sheet1
Floor Cleaner,Brake Essentials Floor Cleaner,cleaning,751,A 136378,Brakes,8X1LTR,Sheet1
Floor Cleaner,Brake Essentials Floor Cleaner,cleaning,751,86647,Brakes,8x1ltr,Sheet1
Floor Cleaner,Brake Essentials Floor Cleaner 8x1ltr,cleaning,751,136378,Brakes,8x1ltr,Sheet1
Floor Cleaner,Brakes Essentials Floor Cleaner,cleaning,751,A136378,Brakes,8 x 1ltr,Sheet1
Floor Cleaner,Brakes Essentials Floor Cleaner,cleaning,751,A 136378,Sysco,8 x 1ltr,Sheet1
Floor Cleaner,Brakes Essentials Floor Cleaner,cleaning,751,A 136378,Brakes,8 x 1ltr,Sheet1
Floor Cleaner,Brakes Essentials Floor Cleaner,cleaning,751,136378,Brakes,8 x 1ltr,Sheet1
Non-Bio Laundry Detergent,Brake Essentials Laundry Detergent,cleaning,752,136388,Brakes,2x5l,Sheet1
Non-Bio Laundry Detergent,Brake Essentials Laundry Detergent,cleaning,752,23178,Brakes,2x5l,Sheet1
Non-Bio Laundry Detergent,Brake Essentials Laundry Detergent,cleaning,752,21357,Brakes,2x5l,Sheet1
Non-Bio Laundry Detergent,Brake Essentials Laundry Detergent,cleaning,752,,Brakes,2x51,Sheet1
Non-Bio Laundry Detergent,Brake Essentials Laundry Detergent,cleaning,752,135192,Brakes,2x5l,Sheet1
Non-Bio Laundry Detergent,Brake Essentials Laundry Detergent,cleaning,752,138388,Brakes,2x5l,Sheet1
Non-Bio Laundry Detergent,Brake Essentials Laundry Detergent 2x5l,cleaning,752,136388,Brakes,,Sheet1
Non-Bio Laundry Detergent,Brakes Essentials Non-Biological Laundry,cleaning,752,A136388,Brakes,2 x 5ltr,Sheet1
Non-Bio Laundry Detergent,Brakes Essentials Non-Biological Laundry Detergent,cleaning,752,A 136388,Brakes,2 x 5ltr,Sheet1
Non-Bio Laundry Detergent,Brakes Essentials Non-Biological Laundry Detergent,cleaning,752,A136388,Brakes,2 x 5ltr,Sheet1
Non-Bio Laundry Detergent,Brakes Essentials Non-Biological Laundry Detergent,cleaning,752,136388,Brakes,2 x 5ltr,Sheet1
Laundry Softener,Brake Essentials Laundry Softener,cleaning,753,136389,Brakes,2x5l,Sheet1
Pine Disinfectant,Brakes Essentials Pine Disinfectant,cleaning,754,A136387,Brakes,2 x 5ltr,Sheet1
Pine Disinfectant,Brakes Essentials Pine Disinfectant,cleaning,754,A 136387,Brakes,2 x 5ltr,Sheet1
Pine Disinfectant,Brake Essentials Pine Disinfectant,cleaning,754,136387,Brakes,2x5l,Sheet1
Washing Up Liquid,Brake Essentials Washing Up Liquid,cleaning,756,136373,Brakes,2x5l,Sheet1
Washing Up Liquid,Brake Essentials Washing Up Liquid,cleaning,756,58919,Brakes,2x5l,Sheet1
Washing Up Liquid,Brake Essentials Washing Up Liquid,cleaning,756,136388,Brakes,2x5l,Sheet1
Washing Up Liquid,Brake Essentials Washing Up Liquid,cleaning,756,135573,Brakes,2x5l,Sheet1
Washing Up Liquid,Brake Essentials Washing Up Liquid,cleaning,756,135192,Brakes,2x5l,Sheet1
Washing Up Liquid,Brake Essentials Washing Up Liquid,cleaning,756,A 136373,Brakes,2X5LTR,Sheet1
Washing Up Liquid,Brake Essentials Washing Up Liquid 2x5l,cleaning,756,136373,Brakes,,Sheet1
Washing Up Liquid,Brakes Essentials Washing Up Liquid,cleaning,756,A136373,Brakes,2 x 5ltr,Sheet1
Washing Up Liquid,Brakes Essentials Washing Up Liquid,cleaning,756,A 136373,Sysco,2 x 5ltr,Sheet1
Washing Up Liquid,Brakes Essentials Washing Up Liquid,cleaning,756,A 136373,Brakes,2 x 5ltr,Sheet1
Washing Up Liquid,Brakes Essentials Washing Up Liquid,cleaning,756,A136373,Sysco,2 x 5ltr,Sheet1
Quiche Lorraine,Brakes Essentials Fully Baked Quiche Lorraine Slabs,ingredient,760,F133638,Brakes,4 x 1kg,Sheet1
Quiche Lorraine,Brakes Essentials Fully Baked Quiche Lorraine Slabs,ingredient,760,F 133638,Brakes,4 x 1kg,Sheet1
Quiche Lorraine,Brakes Essentials Quiche Lorraine,ingredient,760,133638,Brakes,4x1kg,Sheet1
Quiche Lorraine,Brakes Essentials Quiche Lorraine,ingredient,760,89703,Brakes,4x1kg,Sheet1
Quiche Lorraine,Brakes Essentials Quiche Lorraine,ingredient,760,450610,Brakes,4x1kg,Sheet1
Quiche Lorraine,Brakes Essentials Quiche Lorraine 4x1kg,ingredient,760,133638,Brakes,4x1kg,Sheet1
Quiche Lorraine,Brakes Essentials Quiche Lorraine 4x1kg,ingredient,760,,Brakes,4x1kg,Sheet1
Oven Cleaner,Brakes Essentials Oven Cleaner,cleaning,762,A 136377,Brakes,6 x 750ml,Sheet1
Rinse Aid,Brake Essentials Rinse Aid,cleaning,763,136706,Brakes,2x5ltr,Sheet1
Rinse Aid,Brakes Essentials Rinse Aid,cleaning,763,A 136706,Brakes,2 x 5ltr,Sheet1
Almond Croissants,Almond Croissant,ingredient,105,,Coffee House,,Phase 1
