supplier,supplier_sku,description,pack_size,lines_seen,unit_cost_gbp,client_name,source,proposed_product,proposed_stock_code,alternatives,decision,new_product_name,new_stock_uom
Brakes,11127,Wholesome Farms Unsalted Butter,40x250g,158,58.51,Unsalted Butter,client-sku,Unsalted Butter,DAIR-UNSL-BUTR,,,Unsalted Butter,kg
Brakes,135575,Noble Free Range Liquid Egg White,1x1kg,123,3.88,Liquid Egg White,matched,Egg Whites,LIQD-EGG-WHIT,,,Liquid Egg White,kg
Brakes,113879,Herb Bunched Basil,1x100g,80,2.03,Fresh Basil,matched,Basil,PROD-FRSH-BASL,,,Fresh Basil,kg
Brakes,19665,Arla Long Life UHT Semi Skimmed Milk 1L,12 x 1ltr,79,14.76,Semi-Skimmed Milk,matched,Long Life Semi Skimmed Milk,SEMI-SKIM-MILK,UHT Skimmed Milk [UHT-SKIM-MILK],,Semi-Skimmed Milk,l
Brakes,10230,Cucumber Single BB,1xEach,76,0.72,,matched,Cucumber,PROD-CUCU-MBER,,,Cucumber Single BB,each
Brakes,8823,Brakes Pistachio Kernels,1x1kg,68,30.69,Pistachio Kernels,client-sku,Pistachio Kernels,NUTS-PIST-KERN,,,Pistachio Kernels,kg
Brakes,128306,Oatly Oat Drink Barista Editn,6x1ltr,67,10.77,Oat Milk,none,,,,,Oat Milk,l
Brakes,26089,Vinyl Gloves Clear Lge PF GD09L,1x100,66,6.89,,none,,,,,Vinyl Gloves Clear Lge PF GD09L,l
Brakes,22053,Sysco Classc Mozz Shredded Cheese,1x2kg,54,11.07,Cheese (unspecified),client-description,Cheese (unspecified),CHEE-UNSP-ONE,,,Cheese (unspecified),kg
Brakes,120087,Lamb Mini Potato Puffs,1x1kg,53,3.68,,none,,,,,Lamb Mini Potato Puffs,kg
Brakes,119649,Bar Mix Olives (Pitted),1x1kg,50,12.35,Pitted Mixed Olives,none,,,,,Pitted Mixed Olives,kg
Brakes,151207,Nestlé Shredded Wheat,5 x 16,50,14.69,,none,,,,,Nestlé Shredded Wheat,each
Brakes,10678,Freshers Fat Reduced Cocoa Powder,1 x 500g,48,8.51,Cocoa Powder,client-description,Cocoa Powder,BAKE-COCO-POWD,,,Cocoa Powder,kg
Brakes,123027,Arla UHT Whole Milk,12x1ltr,42,16.68,Whole Milk,none,,,,,Whole Milk,l
Brakes,10364,Red Cherry Tomatoes,250g,41,0.83,Cherry Tomatoes,client-description,Cherry Tomatoes,PROD-CHER-TOMA,Tomatoes [PROD-TOMA],,Cherry Tomatoes,kg
Brakes,133678,Dr Oetker Cocoa Powder,1x1kg,40,15.04,Cocoa Powder,client-description,Cocoa Powder,BAKE-COCO-POWD,,,Cocoa Powder,kg
Brakes,129077,Brake Porcini Mushroom Arancini,40x35g,38,22.85,Porcini Mushroom Arancini,matched,Mushroom Arancini,PORC-MUSH-ARAN,,,Porcini Mushroom Arancini,kg
Brakes,29548,Large Blue Vinyl Gloves Powder Free,1 x 100,37,7.09,Blue Vinyl Gloves - Large,client-description,Blue Vinyl Gloves - Large,BLUE-VINY-GLVL,,,Blue Vinyl Gloves - Large,l
Brakes,10265,Grapes White Seedless,500g,36,2.29,,none,,,,,Grapes White Seedless,kg
Brakes,10266,Red / Black Seedless Grapes,500g,36,2.34,,matched,Red Grapes,PROD-RED-GRAP,,,Red / Black Seedless Grapes,kg
Brakes,113654,ALPRO Soya For Professionals,1x1ltr,36,1.7,Soya Milk,none,,,,,Soya Milk,l
Brakes,27544,Sysco Classc Grt Mild White Cheddr,1x1kg,36,6.99,Grated Mild White Cheese,client-description,Grated Mild White Cheese,GRAT-MILD-CHEE,,,Grated Mild White Cheese,kg
Culpitt,21M-TFWH10,SUGAR PASTE-M&B-WHITE,4 x 2.5kg,35,33.26,,none,,,,,SUGAR PASTE-M&B-WHITE,kg
Brakes,2926,Brakes Walnut Pieces,1x1kg,34,12.39,Walnut Pieces,matched,Walnuts,NUTS-WALN-PIEC,,,Walnut Pieces,kg
Brakes,5946,Sysco Classic Cornflour,1x3.5kg,34,11.14,Cornflour,client-sku,Cornflour,BAKE-CORN-FLOR,,,Cornflour,kg
Brakes,16191,Sysco Classic Sliced Salt Beef,1x1kg,31,32.72,,matched,Salt Beef,SALT-BEEF,Salt [SALT],,Sysco Classic Sliced Salt Beef,kg
Brakes,591129,Shield Rubb Glove Blue Sml OC119318,1x12,30,6.09,,none,,,,,Shield Rubb Glove Blue Sml OC119318,each
Brakes,86874,Preema Vanilla Essence,1 x 500ml,30,5.45,,matched,Vanilla,BAKE-ESSN-VANL,,,Preema Vanilla Essence,l
Brakes,10262,Small Oranges,1 x 10,28,2.49,,matched,Orange,ORAN,Oranges [ORAN-2],,Small Oranges,each
Brakes,126887,eGreen Red Paper Barber Straw,1 x 250,28,3.21,,none,,,,,eGreen Red Paper Barber Straw,each
Makro,282673,Diet Coke Can,24 330ml,28,10.79,Diet Coke Cans,none,,,,,Diet Coke Cans,l
Brakes,149979,Grilly Sandwich Focaccia Pre-Sliced,1x36,27,23.07,,none,,,,,Grilly Sandwich Focaccia Pre-Sliced,each
Brakes,4617,Brakes Whole Hazelnuts,1x1kg,27,13.89,Whole Hazelnuts,matched,Hazelnuts,NUTS-WHOL-HAZL,,,Whole Hazelnuts,kg
Makro,282574,Coca Cola Can,24 330ml,27,13.29,Coca-Cola Cans,client-sku,Coca-Cola Cans,SOFT-COKE-CANS,Coca Cola [SOFT-COKE-BOTL],,Coca-Cola Cans,l
Brakes,185763,Lotus Biscoff Crumb,8x750g,26,33.52,,matched,Biscoff Crumb,BAKE-BISC-CRUM,,,Lotus Biscoff Crumb,kg
Culpitt,21M-TFPP10,SUGAR PASTE-M&B-PASTEL PINK,4 x 2.5kg,26,35.67,,none,,,,,SUGAR PASTE-M&B-PASTEL PINK,kg
Brakes,112159,Kerrymaid Double,1 x 1 litre,25,3.76,,none,,,,,Kerrymaid Double,l
Brakes,350101,Tate & Lyle Icing Sugar,1x3kg,25,5.26,Granulated Sugar,client-description,Granulated Sugar,BAKE-GRAN-SUGR,,,Granulated Sugar,kg
Brakes,350102,Tate & Lyle Light Brown Soft Sugar,1x3kg,25,11,Granulated Sugar,client-description,Granulated Sugar,BAKE-GRAN-SUGR,,,Granulated Sugar,kg
Brakes,742,Coca-Cola Original Taste Can,24 x 330ml,24,15.49,Coca-Cola Cans,client-description,Coca-Cola Cans,SOFT-COKE-CANS,Coca Cola [SOFT-COKE-BOTL],,Coca-Cola Cans,l
JMPosner,SKU00081,JMP Chocolate Flavour Buttons Milk,12kg,24,85.56,Chocolate (unspecified),client-description,Chocolate (unspecified),CHOC-UNSP-ONE,,,Chocolate (unspecified),kg
Makro,533927,R Whites Lemonade,24 330ml,24,9.29,R Whites Lemonade,none,,,,,R Whites Lemonade,l
Brakes,135336,Sysco Classic Sour Cream 890g,1 x 890g,23,4.39,,matched,Sour Cream,DAIR-SOUR-CREM,,,Sysco Classic Sour Cream 890g,kg
Culpitt,ONC,OVERNIGHT CHARGE,EACH,23,,,none,,,,,OVERNIGHT CHARGE,each
JMPosner,EXPDELSTANDARD,Courier Delivery 1-2 Working Days upto 59kg,,23,7.95,,none,,,,,Courier Delivery 1-2 Working Days upto 59kg,kg
Brakes,149964,"Sysco Classic Tomato Ketchup, 2.15L",1 x 2.15ltr,22,6.99,,matched,Ketchup,KETC,Tomatoes [PROD-TOMA],,"Sysco Classic Tomato Ketchup, 2.15L",l
Culpitt,16J-STR10,"CARD-IND S/W-RD-P.E COATED-10""","10""",22,8.84,"10"" Cake Cards & Boards",client-sku,"10"" Cake Cards & Boards",10IN-CAKE-BRDS,,,"10"" Cake Cards & Boards",each
LWC Drinks,27881022,FEVERTREE GINGER BEER,24X200ML,22,17.17,,matched,Ginger,GING,,,FEVERTREE GINGER BEER,l
Booker,092709,Fever Tree Prem Soda Water,24 200ml,21,16.85,,matched,Fever Tree Soda Water,FEVE-TREE-SODA,,,Fever Tree Prem Soda Water,l
Brakes,133732,Baylis & Harding Jasmine & Apple Blossom Hand Wash,1 x 5ltr,21,10.14,Antibacterial Hand Wash,client-sku,Antibacterial Hand Wash,ANTI-HAND-WASH,,,Antibacterial Hand Wash,l
Brakes,133751,Super Professional Green Washing Up Liquid,2 x 5ltr,21,10.45,,matched,Washing Up Liquid,CLEN-WASH-LIQD,,,Super Professional Green Washing Up Liquid,l
Brakes,18502,Brakes UHT Aerosol Cream Sweetened,1 x 500g,21,3.61,Aerosol Cream,none,,,,,Aerosol Cream,kg
Brakes,26090,Vinyl Gloves Clear Med PF GD09M,1x100,21,7.59,,none,,,,,Vinyl Gloves Clear Med PF GD09M,each
Brakes,135429,OGGS® Aquafaba Plant-Based Egg Alternative,1 x 1ltr,20,6.01,,matched,Aquafaba - Oggs,AQUA,,,OGGS® Aquafaba Plant-Based Egg Alternative,l
Brakes,75350,Cow's Milk Mozzarella Balls,12 x 125g,20,15.54,Mozzarella Balls,none,,,,,Mozzarella Balls,kg
Makro,189805,Ice Valley Still Sprng Water,24 500ml,20,3.29,Still Bottled Water,none,,,,,Still Bottled Water,l
Makro,232387,Birra Moretti NRB UK,24 330ml,20,21.49,Birra Moretti,matched,Birra Moretti Nrb,BEER-BIRR-MORE,,,Birra Moretti,l
Makro,279322,Peroni Nastro Azzurro,24 330ml,20,22.49,,none,,,,,Peroni Nastro Azzurro,l
Brakes,103557,Salad Mix,1 x 250g,19,1.69,,none,,,,,Salad Mix,kg
Brakes,149957,Meadowland 31% Double Cream Alternative,1 x 1ltr,19,3.99,,matched,Double Cream,DOUBLE-CREAM,,,Meadowland 31% Double Cream Alternative,l
Brakes,28059,Wooden Cocktail Sticks,1x1000,19,1.13,,matched,Cocktail Sticks,BAMB-COCK-STIK,,,Wooden Cocktail Sticks,each
Culpitt,21M-MBBK10,SUGAR PASTE-M&B-BLACK,4 x 2.5kg,19,35.67,,none,,,,,SUGAR PASTE-M&B-BLACK,kg
JMPosner,SKU00596,JMP Luxury Dark Chocolate 62%,10kg,19,79,Dark Chocolate (Couverture),matched,Dark Chocolate,DARK-CHOC-COUV,,,Dark Chocolate (Couverture),kg
Brakes,114591,Daloon Falafel,60 x 25g,18,15.11,,matched,Falafel,FALA,,,Daloon Falafel,kg
Brakes,149492,Ariel Professional Formula Pro Plus Powder,1 x 6.5kg,18,22.93,Ariel Laundry Powder,client-sku,Ariel Laundry Powder,ARIE-LAUN-POWD,,,Ariel Laundry Powder,kg
Brakes,255,Sysco Classic Desiccated Coconut,1x2kg,18,11.59,Desiccated Coconut,none,,,,,Desiccated Coconut,kg
Culpitt,21M-TFPB10,SUGAR PASTE-M&B-PASTEL BLUE,4 x 2.5kg,18,35.67,,none,,,,,SUGAR PASTE-M&B-PASTEL BLUE,kg
Brakes,106727,Brakes Sliced Green Jalapeno Peppers in Brine,1 x 1kg,17,2.62,Sliced Jalapeño Peppers,client-sku,Sliced Jalapeño Peppers,SLIC-JALA-PEPP,,,Sliced Jalapeño Peppers,kg
Brakes,134730,Salimah Halal Sliced Beef Pepperoni,1 x 1kg,17,12.24,Halal Beef Pepperoni,matched,Beef Pepperoni,HALA-BEEF-PEPP,,,Halal Beef Pepperoni,kg
Brakes,135791,Sysco Simply Falafel,1x1.4kg,17,18.45,,matched,Falafel,FALA,,,Sysco Simply Falafel,kg
Brakes,152755,Zesty Baby Salad Leaf Mix,1 x 80g,17,1.38,,matched,Baby Salad,BABY-SALA,,,Zesty Baby Salad Leaf Mix,kg
Brakes,525273,Carrots Medium,1x1kg,17,0.7,,matched,Carrots,CARR,,,Carrots Medium,kg
Culpitt,02937,EDIBLE-RENSHAW-PROF SP-TIGER ORANGE,250g,17,24.19,,none,,,,,EDIBLE-RENSHAW-PROF SP-TIGER ORANGE,kg
Twist Ingredients,6616-4kg,Confetti - Matt - Natural and Vegan - 3mm - Green - Size: 4kg,4kg,17,66.01,,matched,Green Confetti,GREE-CONF,,,Confetti - Matt - Natural and Vegan - 3mm - Green - Size: 4kg,kg
Brakes,114957,FREEE Gluten Free Self Raising White Flour,5 x 1kg,16,10.7,Self-Raising Flour,none,,,,,Self-Raising Flour,kg
Brakes,134245,Doritos Lightly Salted Tortilla Chips Crisps Nachos,12 x 455g,16,30.17,,none,,,,,Doritos Lightly Salted Tortilla Chips Crisps Nachos,kg
Twist Ingredients,6503-5kg,Chocolate Beans - Mini - Multicoloured Without Shellac,5kg,16,94.76,Chocolate (unspecified),client-description,Chocolate (unspecified),CHOC-UNSP-ONE,,,Chocolate (unspecified),kg
Booker,279322,Peroni Nastro Azzurro,24 330ml,15,22.49,,none,,,,,Peroni Nastro Azzurro,l
Booker,282574,Coca Cola Can,24 330ml,15,13.29,Coca-Cola Cans,client-sku,Coca-Cola Cans,SOFT-COKE-CANS,Coca Cola [SOFT-COKE-BOTL],,Coca-Cola Cans,l
Brakes,145933,La Boulangerie Wholemeal Pitta Breads,6 x 6,15,6.01,,matched,Pitta Breads,PITT-BREA,,,La Boulangerie Wholemeal Pitta Breads,each
Brakes,509,Cadbury Original Drinking Hot Chocolate Large Tub,1 x 2kg,15,15.67,Cadbury Hot Chocolate,client-description,Cadbury Hot Chocolate,CADB-HOT-CHOC,,,Cadbury Hot Chocolate,kg
Booker,135253,Corona Extra NRB 4.5%,24 330ml,14,23.99,Corona Extra,matched,Corona Extra Nrb,BEER-CORO-EXTR,,,Corona Extra,l
Brakes,33581,Sysco Classic Ground Cinnamon,1x450g,14,5.89,,matched,Cinnamon,CINN,,,Sysco Classic Ground Cinnamon,kg
Brakes,87800,Bottlegreen Elderflower Cordial,6 x 500ml,14,16.72,Elderflower Cordial,client-sku,Elderflower Cordial,SOFT-ELDR-CORD,Elderflower [BAKE-ESSN-ELDR],,Elderflower Cordial,l
Makro,135253,Corona Extra NRB 4.5%,24 330ml,14,23.99,Corona Extra,matched,Corona Extra Nrb,BEER-CORO-EXTR,,,Corona Extra,l
Booker,232387,Birra Moretti NRB UK,24 330ml,13,21.49,Birra Moretti,matched,Birra Moretti Nrb,BEER-BIRR-MORE,,,Birra Moretti,l
Booker,533927,R Whites Lemonade,24 330ml,13,9.29,R Whites Lemonade,none,,,,,R Whites Lemonade,l
Brakes,149963,"Sysco Classic BBQ Sauce, 2.15L",1 x 2.15ltr,13,6.74,,matched,BBQ,BBQ,,,"Sysco Classic BBQ Sauce, 2.15L",l
Brakes,152101,Sysco Classic Caramelised Red Onion Chutney,1 x 2kg,13,9.79,,matched,Red Onion Chutney,CARA-ONIO-CHUT,,,Sysco Classic Caramelised Red Onion Chutney,kg
Brakes,152268,DaVinci Gourmet Vanilla Syrup,1x1ltr,13,6.67,,none,,,,,DaVinci Gourmet Vanilla Syrup,l
Brakes,89917,Paclan 100 White Pedal Bin Liners,1 x 100,13,1.67,,none,,,,,Paclan 100 White Pedal Bin Liners,each
Brakes,89987,Jacob's Crackers Biscuits For Cheese Tub,1 x 800g,13,9.93,Cheese (unspecified),client-description,Cheese (unspecified),CHEE-UNSP-ONE,,,Cheese (unspecified),kg
Makro,968313,Red Bull,24 250ml,13,24.49,,none,,,,,Red Bull,l
Booker,282673,Diet Coke Can,24 330ml,12,10.79,Diet Coke Cans,none,,,,,Diet Coke Cans,l
Brakes,33328,Frozen Fresh Strawberries,1 x 1kg,12,7.06,,matched,Strawberries,STRA,,,Frozen Fresh Strawberries,kg
Brakes,33568,Sysco Classic Extended Life Rapeseed Oil,1 x 5ltr,12,10.77,,none,,,,,Sysco Classic Extended Life Rapeseed Oil,l
Brakes,89216,Sysco Essentials All Purpose Green Cloth,1 x 50,12,3.69,,none,,,,,Sysco Essentials All Purpose Green Cloth,each
LWC Drinks,61002373,Famiglia Botter Prosecco *FREE* *FAMIGLIA BOTTER PROSECCO*,75cl,12,,,matched,Famiglia Botter Prosecco,FAMI-BOTT-PROS,,,Famiglia Botter Prosecco *FREE* *FAMIGLIA BOTTER PROSECCO*,l
Makro,108081,Kopparberg Strbry&Lime Cider,15 500ml,12,25.49,,none,,,,,Kopparberg Strbry&Lime Cider,l
Makro,202559,J20 Orange & Passionfruit,12 275ml,12,11.29,,matched,J20 A&R,J20-2,J20 O&P [J20] | Orange [ORAN],,J20 Orange & Passionfruit,l
Brakes,115803,Peroni Nastro Azzurro,24 x 330ml,11,27.19,,none,,,,,Peroni Nastro Azzurro,l
Brakes,134383,Propercorn Sweet & Salty Popcorn,8 x 90g,11,8.95,,none,,,,,Propercorn Sweet & Salty Popcorn,kg
Brakes,135420,Sheese Vegan Grated Mozzarella,1 x 1kg,11,9.65,,matched,Grated Mozzarella,GRAT-MOZZ,,,Sheese Vegan Grated Mozzarella,kg
Brakes,5596,Cadbury Instant Hot Chocolate 2kg,1 x 2kg,11,19.8,Cadbury Hot Chocolate,client-sku,Cadbury Hot Chocolate,CADB-HOT-CHOC,,,Cadbury Hot Chocolate,kg
Makro,077549,Strathmore Still Glass,24 330ml,11,10.89,,none,,,,,Strathmore Still Glass,l
Twist Ingredients,1701-5kg,Sprinkletti - Frosty - No E171 - Size: 5kg,5kg,11,120.27,"UNKNOWN - ""4 x 2.5kg"" (check invoice)",matched,Sprinkletti Frosty,SPRI-FROS,,,"UNKNOWN - ""4 x 2.5kg"" (check invoice)",kg
Twist Ingredients,1722-5kg,Sprinkletti - Colours - Turquoise - Size: 5kg,5kg,11,137.5,"UNKNOWN - ""4 x 2.5kg"" (check invoice)",matched,Sprinkletti - Turquoise,SPRI,,,"UNKNOWN - ""4 x 2.5kg"" (check invoice)",kg
Twist Ingredients,1863-5kg,Sugar Crunch - Berry - Size: 5kg,5kg,11,77.3,"UNKNOWN - ""4 x 2.5kg"" (check invoice)",matched,Sugar Crunch Berry,SUGA-CRUN-BERR,,,"UNKNOWN - ""4 x 2.5kg"" (check invoice)",kg
Booker,063724,Coke Zero,24 330ml,10,10.95,,none,,,,,Coke Zero,l
Brakes,119689,Cooks & Co Green Pesto Alla Genovese,1 x 1.2kg,10,11.26,,none,,,,,Cooks & Co Green Pesto Alla Genovese,kg
Brakes,128154,Alpro Soya Wholebean Unsweetened,8x1Ltr,10,13.13,Soya Milk,none,,,,,Soya Milk,l
Brakes,136145,Ice Club Ice Cubes,5x1.8kg,10,3.91,,none,,,,,Ice Club Ice Cubes,kg
Brakes,33891,Sysco Classic Self Raising Flour,1 x 25kg,10,25.4,Self-Raising Flour,none,,,,,Self-Raising Flour,kg
Brakes,86870,Preema Lemon Essence,1 x 500ml,10,5.03,,matched,Lemon,BAKE-ESSN-LEMN,Lemons [LEMO],,Preema Lemon Essence,l
Brakes,88433,A 88433 - KETTLE® Lightly Salted 18x40g Crisps 18 x 40g,18 x 40g,10,9.65,Kettle Chips - Lightly Salted,matched,Kettle Salted,KETL-CHIP-SALT,,,Kettle Chips - Lightly Salted,kg
Culpitt,02951,EDIBLE-RENSHAW-PROF SP-DARK BROWN,250g,10,23.57,,none,,,,,EDIBLE-RENSHAW-PROF SP-DARK BROWN,kg
JMPosner,SKU00082,JMP Chocolate Flavour Buttons White,12KG,10,87.42,Chocolate (unspecified),client-description,Chocolate (unspecified),CHOC-UNSP-ONE,,,Chocolate (unspecified),kg
Makro,092709,Fever Tree Prem Soda Water,24 200ml,10,16.85,,matched,Fever Tree Soda Water,FEVE-TREE-SODA,,,Fever Tree Prem Soda Water,l
Makro,146127,J20 Apple & Raspberry,12 275ml,10,11.29,Apple & Raspberry (check what this is),matched,Apple & Raspberry,JUIC-APPL-RASP,J20 A&R [J20-2] | J20 O&P [J20],,Apple & Raspberry (check what this is),l
Twist Ingredients,6268-4kg,Shapes - Matt - Triangles - Pastel Mix,4kg,10,78.92,,none,,,,,Shapes - Matt - Triangles - Pastel Mix,kg
Twist Ingredients,6513-5kg,Pearls Mix - Glimmer Silver,5kg,10,111,,matched,Silver Pearl Mix,SILV-PEAR-MIX,,,Pearls Mix - Glimmer Silver,kg
Brakes,114953,Sysco Classic Self Raising Flour,6 x 1.5kg,9,11.12,Self-Raising Flour,none,,,,,Self-Raising Flour,kg
Brakes,117293,Schweppes Original Soda Water 1L,6 x 1ltr,9,10.56,,none,,,,,Schweppes Original Soda Water 1L,l
Brakes,126918,Sysco Classic Chilli Jam,1 x 1.25kg,9,9.44,Chilli Jam,client-sku,Chilli Jam,COND-CHIL-JAM,,,Chilli Jam,kg
Brakes,129497,Arran Fine Foods Caramelised Onion Chutney,1 x 2.35kg,9,12.66,Caramelised Onion Chutney,none,,,,,Caramelised Onion Chutney,kg
Brakes,131051,Sysco Classic Cauliflower Wings,1x1kg,9,9.16,Cauliflower Wings,client-sku,Cauliflower wings,SAVR-CAUL-WING,,,Cauliflower Wings,kg
Brakes,133561,Brakes Essentials Fully Baked Tomato & Cheese Quiche Slabs,4 x 1kg,9,22.18,Tomato & Cheese Quiche,client-sku,Tomato & Cheese Quiche,TOMA-CHEE-QUIC,Tomato & Cheese Quiche [TOMA-CHEE-QUIC],,Tomato & Cheese Quiche,kg
Brakes,133638,Brakes Essentials Quiche Lorraine,4x1kg,9,22.5,Quiche Lorraine,none,,,,,Quiche Lorraine,kg
Brakes,33596,Sysco Classic Bicarbonate Of Soda,1kg,9,4.12,,matched,Bicarbonate of Soda,BICA-SODA,,,Sysco Classic Bicarbonate Of Soda,kg
Brakes,89463,Twinings Invigorating Pmint,1x20,9,2.62,,none,,,,,Twinings Invigorating Pmint,each
Culpitt,16J-STRO8,"CARD-IND S/W-RD-P.E COATED-8""","8""",9,9.37,,none,,,,,"CARD-IND S/W-RD-P.E COATED-8""",each
JMPosner,SKU00595,Luxury 10KG Milk Chocolate Case 10Kg,10Kg,9,88.35,Chocolate (unspecified),client-description,Chocolate (unspecified),CHOC-UNSP-ONE,Milk [DAIR-WHOL-MILK],,Chocolate (unspecified),kg
LWC Drinks,46891360,SANGIOVESE PRIMISOLI,75CL,9,7.92,,none,,,,,SANGIOVESE PRIMISOLI,l
LWC Drinks,47905005,SEA CHANGE PROVENCE ROSE,75CL,9,13.32,,none,,,,,SEA CHANGE PROVENCE ROSE,l
Twist Ingredients,1033-4kg,Pearls - High Shine - 4mm - Gold - Size: 4kg,4kg,9,110.23,,matched,Gold Pearls,GOLD-PEAR,,,Pearls - High Shine - 4mm - Gold - Size: 4kg,kg
Twist Ingredients,1643-4kg,Shapes - Glimmer - Clouds - Pink - Size: 4kg,4kg,9,101.58,,none,,,,,Shapes - Glimmer - Clouds - Pink - Size: 4kg,kg
Twist Ingredients,6481-5kg,Pearls - Pearls Mix - Glimmer Mother of Pearl - Size: 5kg,5kg,9,109.42,"UNKNOWN - ""4 x 2.5kg"" (check invoice)",matched,Mother of Pearl,MOTH-PEAR,,,"UNKNOWN - ""4 x 2.5kg"" (check invoice)",kg
Twist Ingredients,6505-15kg,Strands - Matt - Rainbow Sprinkles - Size: 15kg,15kg,9,197.11,,matched,Rainbow Sprinkles,RAIN-SPRI,,,Strands - Matt - Rainbow Sprinkles - Size: 15kg,kg
Twist Ingredients,6550-4kg,Sugar Shapes - Matt - Natural - Flowers - Hippy Mix,4kg,9,93.04,,none,,,,,Sugar Shapes - Matt - Natural - Flowers - Hippy Mix,kg
Twist Ingredients,6611-4kg,Hearts - Matt - Natural and Vegan - Pink - Size: 4kg,4kg,9,67.71,,none,,,,,Hearts - Matt - Natural and Vegan - Pink - Size: 4kg,kg
Brakes,100243,Brakes The Juice Orange,12x1ltr,8,16.99,"Fruit Juice (Apple, Orange & Pineapple)",matched,Orange Juice,JUIC-FRUT-ORG,Orange [ORAN] | Oranges [ORAN-2],,"Fruit Juice (Apple, Orange & Pineapple)",l
Brakes,105956,Brakes Crisp Puffed Rice,8 x 600g,8,22.18,Puffed Rice,client-sku,Puffed Rice,BAKE-PUFF-RICE,Crisps [CRIS],,Puffed Rice,kg
Brakes,133562,Brake Essen Leek & Emmental Slab,4x1kg,8,23.07,Leek & Emmental Quiche,client-sku,Leek & Emmental Quiche,LEEK-EMME-QUIC,,,Leek & Emmental Quiche,kg
Brakes,136708,Brakes Essentials Dishwasher Detergent,2 x 5ltr,8,12.87,Dishwasher Detergent,client-sku,Dishwasher Detergent,CLEN-DISH-DETG,,,Dishwasher Detergent,l
Brakes,150343,Optimum Wht Z Fold Hand Towl 2Ply,15x198,8,29.67,,none,,,,,Optimum Wht Z Fold Hand Towl 2Ply,each
Brakes,17408,Hellmann's Classic Vinaigrette Dressing 1L,1 x 1ltr,8,6.52,,none,,,,,Hellmann's Classic Vinaigrette Dressing 1L,l
Brakes,20954,"Blue Piping Bag 20""",1 x 100,8,19.66,"21"" Piping Bags",client-sku,"21"" Piping Bags",21IN-PIPE-BAGS,,,"21"" Piping Bags",each
Brakes,5025705,Sysco Essentials Washing Up Liquid,2 x 5ltr,8,9.29,Washing Up Liquid,client-description,Washing Up Liquid,CLEN-WASH-LIQD,,,Washing Up Liquid,l
Twist Ingredients,2013-4kg,Shapes - Matt - Holly and berries - Size: 4kg,4kg,8,80.48,,none,,,,,Shapes - Matt - Holly and berries - Size: 4kg,kg
Twist Ingredients,6618-4kg,Confetti - Matt - Natural and Vegan - 3mm - Purple - Size: 4kg,4kg,8,66.01,,none,,,,,Confetti - Matt - Natural and Vegan - 3mm - Purple - Size: 4kg,kg
Booker,319485,Pimms No 1 22% ABV,1 70cl,7,11.99,,matched,Pimm's No.1,PIMM-NO,,,Pimms No 1 22% ABV,l
Brakes,10417,Prepared Baton Carrots,1 x 2.5kg,7,4.91,,matched,Carrots,CARR,,,Prepared Baton Carrots,kg
Brakes,133687,Macphie Vegan Cream Alternative,1x1ltr,7,3.77,,none,,,,,Macphie Vegan Cream Alternative,l
Brakes,151047,BWT Granular Salt,1 x 25kg,7,14.12,Dishwasher Salt,client-sku,Dishwasher Salt,CLEN-DISH-SALT,,,Dishwasher Salt,kg
Brakes,152269,DaVinci Gourmet Hazelnut Syrup,1 x 1ltr,7,6.57,,none,,,,,DaVinci Gourmet Hazelnut Syrup,l
Brakes,5001253,PerfectTed Matcha Powder,1 x 250g,7,39.26,,none,,,,,PerfectTed Matcha Powder,kg
Brakes,5025686,Sysco Essentials Laundry Detergent Non Bio,2 x 5ltr,7,20.44,Non-Bio Laundry Detergent,client-description,Non-Bio Laundry Detergent,NBIO-LAUN-DETG,,,Non-Bio Laundry Detergent,l
Brakes,71268,Sysco Classic Grated Mature White Cheddar Cheese,1 x 1kg,7,6.79,Lactose-Free Cheddar,client-description,Lactose-Free Cheddar,LACT-FREE-CHED,,,Lactose-Free Cheddar,kg
Makro,083358,Kopparberg Mixed Fruit Cider,15 500ml,7,25.49,,none,,,,,Kopparberg Mixed Fruit Cider,l
Twist Ingredients,1708-5kg,Sprinkletti - Party - Size: 5kg,5kg,7,132.42,"UNKNOWN - ""4 x 2.5kg"" (check invoice)",none,,,,,"UNKNOWN - ""4 x 2.5kg"" (check invoice)",kg
Twist Ingredients,6087-5kg,Sugar Crunch - Caramel - Size: 5kg,5kg,7,73.71,"UNKNOWN - ""4 x 2.5kg"" (check invoice)",matched,Caramel,BAKE-ESSN-CARA,,,"UNKNOWN - ""4 x 2.5kg"" (check invoice)",kg
Twist Ingredients,6481-12.5kg,Pearls - Pearls Mix - Glimmer Mother of Pearl - Size: 12.5kg,12.5kg,7,268.27,"UNKNOWN - ""4 x 2.5kg"" (check invoice)",matched,Mother of Pearl,MOTH-PEAR,,,"UNKNOWN - ""4 x 2.5kg"" (check invoice)",kg
Booker,101250,Sunpride Pure Pineapple Jce,12 1ltr,6,20.29,,none,,,,,Sunpride Pure Pineapple Jce,l
Booker,168776,CL Medium Eggs,1 180,6,31.99,Medium Eggs,none,,,,,Medium Eggs,each
Brakes,133522,PH Shield Vinyl Clear Gloves Small Powder Free,1 x 100,6,5.99,Blue Vinyl Gloves - Medium,client-description,Blue Vinyl Gloves - Medium,BLUE-VINY-GLVM,,,Blue Vinyl Gloves - Medium,each
Brakes,136346,Kettle Lightly Salted Crisps,12 x 130g,6,17.98,Kettle Chips - Lightly Salted,matched,Kettle Salted,KETL-CHIP-SALT,,,Kettle Chips - Lightly Salted,kg
Brakes,136376,Brake Essentials Degreaser,6X750ML,6,10.28,Kitchen Degreaser,client-sku,Kitchen Degreaser,CLEN-KITC-DEGR,,,Kitchen Degreaser,l
Brakes,145932,La Boulangerie Pitta Breads,6 x 6,6,8.04,,matched,Pitta Breads,PITT-BREA,,,La Boulangerie Pitta Breads,each
Brakes,150317,Hudson's Barbeque Sauce,1 x 1ltr,6,5.17,,none,,,,,Hudson's Barbeque Sauce,l
Brakes,25412,A 25412 - KETTLE® Chips Sweet Chilli & Sour Cream 40g 18 x 40g,18 x 40g,6,9.65,Kettle Chips - Sweet Chilli,matched,Kettle Sweet Chilli,KETL-CHIP-SWCH,Sour Cream [DAIR-SOUR-CREM],,Kettle Chips - Sweet Chilli,kg
Brakes,28624,Harrogate Sparkling Spring Water 500ml,24 x 500ml,6,8.39,,none,,,,,Harrogate Sparkling Spring Water 500ml,l
Brakes,28797,Opies Sliced Gherkins,1 x 2.3kg,6,8.02,,none,,,,,Opies Sliced Gherkins,kg
Brakes,29547,Medium Blue Vinyl Gloves Powder Free,1 x 100,6,6.39,Blue Vinyl Gloves - Medium,client-sku,Blue Vinyl Gloves - Medium,BLUE-VINY-GLVM,,,Blue Vinyl Gloves - Medium,each
Brakes,5001167,Lenor Professional Sea Breeze Fabric Softener Liquid 4L,2 x 4ltr,6,21.83,,none,,,,,Lenor Professional Sea Breeze Fabric Softener Liquid 4L,l
Brakes,5008075,Kettle Mature Cheddar & Red Onion Crisps,18 x 40g,6,7.99,,none,,,,,Kettle Mature Cheddar & Red Onion Crisps,kg
Culpitt,19P-GRR06,NON EDIBLE-G/PROOF PAPER-PLAIN-RD,"6""",6,5.48,"6"" Parchment Circles",client-sku,"6"" Parchment Circles",6IN-PARC-CIRC,,,"6"" Parchment Circles",each
Makro,117533,Funkin White Peach Puree,5 1kg,6,39.39,,matched,Peach Puree Funkin,PEAC-PURE-FUNK,Funkin Puree [FUNKIN-PUREE],,Funkin White Peach Puree,kg
Makro,263815,Nozeco Spumante Alcohol Free,6 75cl,6,16.29,,none,,,,,Nozeco Spumante Alcohol Free,l
Sysco,A301,Brakes Caster Sugar,1 x 25kg,6,26.33,Caster Sugar,client-sku,Caster Sugar,BAKE-CAST-SUGR,,,Caster Sugar,kg
Sysco,A70893,15 Dozen British Fresh Medium Eggs,1 x 180,6,39.25,Medium Eggs,none,,,,,Medium Eggs,each
Sysco,C135575,Noble Free Range Liquid Egg White,1 x 1kg,6,3.88,Liquid Egg White,matched,Egg Whites,LIQD-EGG-WHIT,,,Liquid Egg White,kg
Twist Ingredients,2051-5kg,"Strands - Matt - Red, Green and White - Size: 5kg",5kg,6,62.99,"UNKNOWN - ""4 x 2.5kg"" (check invoice)",matched,"Red, Green & White Strands",RED-GREE-WHIT,,,"UNKNOWN - ""4 x 2.5kg"" (check invoice)",kg
Twist Ingredients,6661-4kg,Shapes - Shimmer - Leaf - Autumn Mix,4kg,6,93.04,,none,,,,,Shapes - Shimmer - Leaf - Autumn Mix,kg
Booker,077549,Strathmore Still Glass,24 330ml,5,10.89,,none,,,,,Strathmore Still Glass,l
Booker,083358,Kopparberg Mixed Fruit Cider,15 500ml,5,25.49,,none,,,,,Kopparberg Mixed Fruit Cider,l
Booker,083674,Sunpride Orange Juice,12 1ltr,5,14.49,,matched,Orange Juice,JUIC-FRUT-ORG,Orange [ORAN] | Oranges [ORAN-2],,Sunpride Orange Juice,l
Booker,083677,Sunpride Apple Juice,12 1ltr,5,13.89,,matched,Apple Juice,JUIC-FRUT-APP,,,Sunpride Apple Juice,l
Booker,108081,Kopparberg Strbry&Lime Cider,15 500ml,5,25.49,,none,,,,,Kopparberg Strbry&Lime Cider,l
Booker,117539,Funkin Raspberry Puree,5 1kg,5,58.89,,matched,Funkin Puree,FUNKIN-PUREE,Raspberry [PROD-RASP-BERY],,Funkin Raspberry Puree,kg
Booker,292035,Bacardi Carta Blanca PM1799,1 70cl,5,12.69,Bacardi Carta Blanca,none,,,,,Bacardi Carta Blanca,l
Booker,302788,CTS BakingParchment50Mx450mm,9 Sgl,5,73.99,Baking Parchment Roll,client-sku,Baking Parchment Roll,BAKE-PARC-ROLL,,,Baking Parchment Roll,each
Brakes,100245,Brakes The Juice Pineapple,12x1ltr,5,23.65,"Fruit Juice (Apple, Orange & Pineapple)",matched,Pineapple Juice,JUIC-FRUT-PIN,,,"Fruit Juice (Apple, Orange & Pineapple)",l
Brakes,125135,Green Scourer,1 x 10,5,0.89,,none,,,,,Green Scourer,each
Brakes,129304,Ocean Spray Cranberry Classic Juice Drink 1L,12 x 1ltr,5,16.02,,matched,Cranberry Juice,CRAN-JUIC,,,Ocean Spray Cranberry Classic Juice Drink 1L,l
Brakes,132644,Maldon Sea Salt Flakes,1 x 570g,5,5.59,Sea Salt Crystals,client-description,Sea Salt Crystals,SEA-SALT-CRYS,,,Sea Salt Crystals,kg
Brakes,133755,Super Professional Glass and Stainless Steel Cleaner,6 x 750ml,5,6.92,Glass & Stainless Steel Cleaner,client-description,Glass & Stainless Steel Cleaner,GLAS-STEL-CLNR,,,Glass & Stainless Steel Cleaner,l
Brakes,134331,Buffalo Mozzarella,8 x 125g,5,15.95,Buffalo Mozzarella,none,,,,,Buffalo Mozzarella,kg
Brakes,136749,Sysco Classic Lime Juice,1 x 1ltr,5,2.55,,matched,Limes,LIME,,,Sysco Classic Lime Juice,l
Brakes,136898,Finish Dishwasher Salt,4 x 4kg,5,26.4,,matched,Dishwasher Salt,CLEN-DISH-SALT,Salt [SALT],,Finish Dishwasher Salt,kg
Brakes,146082,Dettol Professional Antibacterial Hand Soap Refill,1 x 5ltr,5,15.39,,none,,,,,Dettol Professional Antibacterial Hand Soap Refill,l
Brakes,148637,MONIN Premium Hazelnut Syrup 1ltr,1 x 1 ltr,5,9.16,,matched,Hazelnuts,NUTS-WHOL-HAZL,,,MONIN Premium Hazelnut Syrup 1ltr,l
Brakes,149359,Sysco Simply Plant Based Grilled Vegetable & Sundried Tomato Tart,1 x 18,5,54.17,,none,,,,,Sysco Simply Plant Based Grilled Vegetable & Sundried Tomato Tart,each
Brakes,150847,A 150847 - Tate & Lyle Granulated Sugar 1 x 3kg,1 x 3kg,5,9.58,Granulated Sugar,client-description,Granulated Sugar,BAKE-GRAN-SUGR,,,Granulated Sugar,kg
Brakes,152601,Sephra Belgian Milk Couverture Chocolate 2.5kg,1 x 2.5kg,5,30.09,Milk Chocolate (Couverture),matched,Milk Chocolate,MILK-CHOC-COUV,,,Milk Chocolate (Couverture),kg
Brakes,33583,Sysco Classic Ground Ginger,1 x 400g,5,5.66,,matched,Ginger,GING,,,Sysco Classic Ground Ginger,kg
Brakes,34031,Brakes Demerara Sugar Sticks,1 x 1000,5,9.16,Demerara Sugar Sticks,client-sku,Demerara Sugar Sticks,DEME-SUGR-STIK,Demerara Sugar [BAKE-DEME-SUGR],,Demerara Sugar Sticks,each
Brakes,5021212,Brakes 2Ply 32cm White Napkin,3 x 200,5,8.49,White Napkins,matched,"White Napkins (16"")",WHIT-NAPK-16IN,Napkins [PACK-WHIT-NAPK],,White Napkins,each
Brakes,5025709,Funkin Cherry Puree,1 x 1kg,5,9.49,,matched,cherry Puree Funkin,CHER-PURE-FUNK,Funkin Puree [FUNKIN-PUREE],,Funkin Cherry Puree,kg
Brakes,58606,Bridor Mini Gourmandises,1 x 140,5,46.99,Mini Pastry Selection,none,,,,,Mini Pastry Selection,each
LWC Drinks,33010047,BACARDI RUM,70CL,5,16.9,Bacardi Carta Blanca,none,,,,,Bacardi Carta Blanca,l
LWC Drinks,48120047,SODA WATER NRB PIMMS NO.1,70CL,5,13.31,,matched,Pimm's No.1,PIMM-NO,,,SODA WATER NRB PIMMS NO.1,l
Makro,536193,Strathmore Spark Water Glass,24 330ml,5,10.89,,none,,,,,Strathmore Spark Water Glass,l
Sysco,A10678,Freshers Fat Reduced Cocoa Powder,1 x 500g,5,8.15,Cocoa Powder,client-sku,Cocoa Powder,BAKE-COCO-POWD,,,Cocoa Powder,kg
Sysco,A135584,Sysco Classic 2 Ply Blue Laminated Centrefeed Kitchen Wipes,1 x 6,5,8.68,Blue Centrefeed Rolls,client-description,Blue Centrefeed Rolls,BLUE-CENT-ROLL,,,Blue Centrefeed Rolls,each
Sysco,A152273,Paclan 80 Heavy Duty All-Purpose Refuse Sacks 110L,1 x 80 Sacks,5,11.05,Black Refuse Sacks,client-description,Black Refuse Sacks,BLAK-REFU-SACK,,,Black Refuse Sacks,l
Sysco,A591130,Shield Blue Rubber Gloves Medium,1 x 12,5,7.09,,none,,,,,Shield Blue Rubber Gloves Medium,each
Sysco,A591182,Soft 30cm Broomhead Yellow,1 x 1,5,4.4,Soft Broom - Yellow,client-description,Soft Broom - Yellow,CLEN-SOFT-BROM,,,Soft Broom - Yellow,each
Sysco,A86972,House Recipe Classic Sweet Chilli Dipping Sauce,1 x 1ltr,5,2.79,,none,,,,,House Recipe Classic Sweet Chilli Dipping Sauce,l
Sysco,C11127,Brakes Unsalted Butter,40 x 250g,5,60.95,Unsalted Butter,client-sku,Unsalted Butter,DAIR-UNSL-BUTR,,,Unsalted Butter,kg
Sysco,C11196,Sysco Classic Tomato Salsa,1 x 1kg tub,5,4.49,,matched,Salsa,SALS,Tomatoes [PROD-TOMA],,Sysco Classic Tomato Salsa,kg
Sysco,C11213,Sysco Classic Houmous,1 x 1kg tub,5,3.9,,none,,,,,Sysco Classic Houmous,kg
Sysco,C113879,Herb Bunched Basil,1 x 100g,5,2.04,Fresh Basil,matched,Basil,PROD-FRSH-BASL,,,Fresh Basil,kg
Sysco,C113882,Large Mint Bunch,1 x 100g,5,1.54,Fresh Mint,matched,Mint,PROD-FRSH-MINT,,,Fresh Mint,kg
Sysco,C18502,Brakes UHT Aerosol Cream Sweetened,1 x 500g,5,3.49,Aerosol Cream,none,,,,,Aerosol Cream,kg
Sysco,C19665,Arla Long Life UHT Semi Skimmed Milk 1L,12 x 1ltr,5,12.31,Semi-Skimmed Milk,matched,Long Life Semi Skimmed Milk,SEMI-SKIM-MILK,UHT Skimmed Milk [UHT-SKIM-MILK],,Semi-Skimmed Milk,l
Twist Ingredients,2042-4kg,Shapes - Matt - Candy Canes - Red and White - Size: 4kg,4kg,5,86.03,,none,,,,,Shapes - Matt - Candy Canes - Red and White - Size: 4kg,kg
Twist Ingredients,6503-15kg,Chocolate Beans - Mini - Multicoloured Without Shellac,15kg,5,231.2,Chocolate (unspecified),client-description,Chocolate (unspecified),CHOC-UNSP-ONE,,,Chocolate (unspecified),kg
Amazon,B09B4WSWGC,"200 Pcs 6 Inch Baking Parchment Circles for Cake Tins, Air Fryer",,4,5.69,"6"" Parchment Circles",client-sku,"6"" Parchment Circles",6IN-PARC-CIRC,,,"6"" Parchment Circles",each
Amazon,CF975,"Jantex Commercial Washing Up Liquid Concentrate, Green",5 Litre,4,7.19,,matched,Washing Up Liquid,CLEN-WASH-LIQD,,,"Jantex Commercial Washing Up Liquid Concentrate, Green",l
Booker,117533,Funkin White Peach Puree,5 1kg,4,39.39,,matched,Peach Puree Funkin,PEAC-PURE-FUNK,Funkin Puree [FUNKIN-PUREE],,Funkin White Peach Puree,kg
Booker,268555,Kahlua Coffee Liqueur,1 70cl,4,13.39,,matched,Coffee,BAKE-ESSN-COFF,Kahlua [KAHL],,Kahlua Coffee Liqueur,l
Brakes,100244,The Juice Apple Juice,12 x 1ltr,4,14.55,"Fruit Juice (Apple, Orange & Pineapple)",matched,Apple Juice,JUIC-FRUT-APP,,,"Fruit Juice (Apple, Orange & Pineapple)",l
Brakes,102622,Carters Star 2L Lemonade,8 x 2ltr,4,6.29,,none,,,,,Carters Star 2L Lemonade,l
Brakes,133756,Super Professional Machine Dishwash,2 x 5ltr,4,13,,none,,,,,Super Professional Machine Dishwash,l
Brakes,133757,Super Toilet Cleaner,6x1ltr,4,6.43,,matched,Toilet Cleaner,CLEN-TOIL-CLNR,,,Super Toilet Cleaner,l
Brakes,136227,Brakes Mini Pink and White Marshmallows,1 x 350g,4,5.45,Mini Pink & White Marshmallows,client-sku,Mini Pink & White Marshmallows,MINI-PKWH-MARS,,,Mini Pink & White Marshmallows,kg
Brakes,150316,Hudson's Tomato Ketchup,1 x 1ltr,4,3.7,,matched,Ketchup,KETC,Tomatoes [PROD-TOMA],,Hudson's Tomato Ketchup,l
Brakes,150793,"Sysco Simply Plant Based 4"" Vegan Sausage Rolls",1 x 60,4,23.16,,matched,Vegan Sausage roll,VEGN-SAUS-ROLL,Sausage Rolls [SAUS-ROLL],,"Sysco Simply Plant Based 4"" Vegan Sausage Rolls",each
Brakes,150982,Ocean Spray Cranberry Pink,12 x 1ltr,4,,,none,,,,,Ocean Spray Cranberry Pink,l
Brakes,151574,Whisper Eco Toilet Roll 2ply,1 x 40,4,25.54,Toilet Roll,client-sku,Toilet Roll,CLEN-TOIL-ROLL,,,Toilet Roll,each
Brakes,152261,Nairn's Gluten Free Wholegrain Oat Crackers,60 x 12g,4,13.5,Crackers,client-description,Crackers,SNAC-CRAC-KERS,,,Crackers,kg
Brakes,5031365,Kettle Sweet Chilli & Sour Cream,18 x 40g,4,9.65,Kettle Chips - Sweet Chilli,matched,Kettle Sweet Chilli,KETL-CHIP-SWCH,Sour Cream [DAIR-SOUR-CREM],,Kettle Chips - Sweet Chilli,kg
Brakes,591104,Corona OC 115552,24x330ml,4,28.69,,none,,,,,Corona OC 115552,l
Brakes,591923,F 591923 - VFC Chicken Tenders 1kg 1 x 1kg,1 x 1kg,4,10.21,,none,,,,,F 591923 - VFC Chicken Tenders 1kg 1 x 1kg,kg
Brakes,85064,Sysco Classic Extended Life Rapeseed Oil,1 x 20ltr,4,35.9,,none,,,,,Sysco Classic Extended Life Rapeseed Oil,l
Brakes,86876,Preema Almond Flavouring Essence,1 x 500ml,4,5.1,Almond Flavouring,client-sku,Almond Flavouring,BAKE-ALMD-FLAV,,,Almond Flavouring,l
Brakes,88549,Citavo Instant Coffee Granules,1x750g,4,20.01,,none,,,,,Citavo Instant Coffee Granules,kg
Brakes,A 146274,Baylis & Harding Jasmine & Apple Blossom Anti-Bacterial Hand Wash 500ml,3 x 500ml,4,4.4,Antibacterial Hand Wash,client-sku,Antibacterial Hand Wash,ANTI-HAND-WASH,,,Antibacterial Hand Wash,l
Culpitt,19P-GRR08,NON EDIBLE-G/PROOF PAPER-PLAIN-RD,"8""",4,7.89,"8"" Parchment Circles",client-sku,"8"" Parchment Circles",8IN-PARC-CIRC,,,"8"" Parchment Circles",each
JMPosner,SKU00083,JMP Chocolate Flavour Buttons Dark,12KG,4,106.95,Dark Chocolate (Couverture),matched,Dark Chocolate,DARK-CHOC-COUV,,,Dark Chocolate (Couverture),kg
LWC Drinks,28062440,KOPPARBERG NON ALC SL,8X500ML,4,14.99,,none,,,,,KOPPARBERG NON ALC SL,l
LWC Drinks,48040247,SODA WATER NRB APEROL,70CL,4,12.12,Aperol,client-sku,Aperol,LIQR-APER-APRT,,,Aperol,l
LWC Drinks,51301149,BOTTLE GREEN ELDERF CORDIAL,50CL,4,3.99,Elderflower Cordial,client-sku,Elderflower Cordial,SOFT-ELDR-CORD,,,Elderflower Cordial,l
LWC Drinks,51600023,R Whites Lemonade,24 x 330ml Can,4,12.12,R Whites Lemonade,none,,,,,R Whites Lemonade,l
Makro,092712,Fever Tree Light Tonic,24 200ml,4,16.85,,none,,,,,Fever Tree Light Tonic,l
Makro,235956,CL Prof Baking Parchment,9 50m,4,75.99,Baking Parchment Roll,client-sku,Baking Parchment Roll,BAKE-PARC-ROLL,,,Baking Parchment Roll,each
Makro,292035,Bacardi Carta Blanca PM1799,1 70cl,4,11.35,Bacardi Carta Blanca,none,,,,,Bacardi Carta Blanca,l
Makro,299225,CLE 2 Ply Blue Centrefeed,1 6pk,4,7.29,Blue Centrefeed Rolls,client-sku,Blue Centrefeed Rolls,BLUE-CENT-ROLL,,,Blue Centrefeed Rolls,each
Makro,503510,Absolut Vodka Blue,1 70cl,4,14.49,Absolut Vodka,none,,,,,Absolut Vodka,l
Sysco,A21957,Wrapmaster 4500 PVC Cling Film Refill Rolls - 45cm x 300m x 3,1 x 3 rolls,4,40.1,Cling Film,client-description,Cling Film,PACK-CLNG-FILM,,,Cling Film,each
Sysco,A591184,Sponge Scourer,1 x 10,4,1.69,Antibacterial Sponge Scourers,client-description,Antibacterial Sponge Scourers,ANTI-SPNG-SCOU,,,Antibacterial Sponge Scourers,each
Sysco,A84497,Brakes Pizza Topping Sauce,1 x 3kg,4,7.62,Pizza Sauce,none,,,,,Pizza Sauce,kg
Sysco,A88445,"Whisper Ultra Toilet Roll, 3 Ply, 160 Sheets",10 x 4,4,29.39,,matched,Toilet Roll,CLEN-TOIL-ROLL,,,"Whisper Ultra Toilet Roll, 3 Ply, 160 Sheets",each
Sysco,C 10292,Medium Oranges,1 x 10,4,2.6,,matched,Orange,ORAN,Oranges [ORAN-2],,Medium Oranges,each
Sysco,C22053,Sysco Classic Shredded Mozzarella Cheese,1 x 2kg,4,11.07,Cheese (unspecified),client-description,Cheese (unspecified),CHEE-UNSP-ONE,,,Cheese (unspecified),kg
Twist Ingredients,1033-1kg,Pearls High Shine 4mm - Gold,1kg,4,36.96,,matched,Gold Pearls,GOLD-PEAR,,,Pearls High Shine 4mm - Gold,kg
Twist Ingredients,6162-5kg,Pearls - Pearls Mix - High Shine - Silver - Size: 5kg,5kg,4,154.82,"UNKNOWN - ""4 x 2.5kg"" (check invoice)",matched,Silver Pearl Mix,SILV-PEAR-MIX,,,"UNKNOWN - ""4 x 2.5kg"" (check invoice)",kg
Twist Ingredients,6499-4kg,Pearls - High Shine - 2mm - Gold,4kg,4,240.01,,matched,Gold Pearls,GOLD-PEAR,,,Pearls - High Shine - 2mm - Gold,kg
Twist Ingredients,6505-5kg,Strands - Matt - Rainbow Sprinkles - Size: 5kg,5kg,4,73.62,"UNKNOWN - ""4 x 2.5kg"" (check invoice)",matched,Rainbow Sprinkles,RAIN-SPRI,,,"UNKNOWN - ""4 x 2.5kg"" (check invoice)",kg
Booker,234004,F/Tree Refrshly Lgt GingerBr,24 200ml,3,16.85,,none,,,,,F/Tree Refrshly Lgt GingerBr,l
Booker,238194,Kopparberg Non Alcohol S/bry,8 500ml,3,9.89,,none,,,,,Kopparberg Non Alcohol S/bry,l
Brakes,102240,Sysco Classic Double Strength Apple & Blackcurrant Squash No Added Sugar,1 x 5ltr,3,6.29,,matched,Apple & Blackcurrant Squash,APPL-BLAC-SQUA,,,Sysco Classic Double Strength Apple & Blackcurrant Squash No Added Sugar,l
Brakes,10465,Tate & Lyle Granulated Sugar,1 x 5kg,3,6.79,Granulated Sugar,client-description,Granulated Sugar,BAKE-GRAN-SUGR,,,Granulated Sugar,kg
Brakes,107232,DaVinci Vanilla Coffee Syrup,1 x 1ltr,3,,,none,,,,,DaVinci Vanilla Coffee Syrup,l
Brakes,107568,Microfibre Cloth Blue,1 x 10,3,10.49,Blue Microfibre Cloths,client-sku,Blue Microfibre Cloths,BLUE-MICR-CLTH,Microfibre Cloths [CLEN-MICR-CLTH],,Blue Microfibre Cloths,each
Brakes,129445,"Simply Plant Based 6"" Unbaked Vegan Sausage Roll",50 x 120g,3,27.01,Vegan Sausage Rolls (Unbaked),matched,Vegan Sausage roll,VEGN-SAUS-ROLL,,,Vegan Sausage Rolls (Unbaked),kg
Brakes,129529,Reliance Medical Blue Assorted Plasters,1 x 150,3,7.34,,none,,,,,Reliance Medical Blue Assorted Plasters,each
Brakes,129916,eGreen Naturelle Cocktail Black Paper Straw 140 x 6mm,4 x 250,3,16.58,Black Paper Straws,client-sku,Black Paper Straws,BLAK-PAPR-STRW,,,Black Paper Straws,each
Brakes,136706,Brakes Essentials Rinse Aid,2 x 5ltr,3,0.5,Rinse Aid,client-sku,Rinse Aid,CLEN-RINS-AID,,,Rinse Aid,l
Brakes,136748,Sysco Classic Lemon Juice 1ltr,1 x 1ltr,3,2.44,,matched,Lemon,BAKE-ESSN-LEMN,Lemons [LEMO],,Sysco Classic Lemon Juice 1ltr,l
Brakes,148019,THIS™ Vegan Chicken Goujons,1 x 1kg,3,11.89,,none,,,,,THIS™ Vegan Chicken Goujons,kg
Brakes,151944,Funkin Strawberry Puree,1 x 1kg,3,7.25,,matched,Strawberry Puree Funkin,STRA-PURE-FUNK,Funkin Puree [FUNKIN-PUREE] | Strawberry [BAKE-ESSN-STRW],,Funkin Strawberry Puree,kg
Brakes,152061,Lotus Biscoff Smooth Spread Crema,1 x 3kg,3,16.93,Biscoff Spread,client-sku,Biscoff Spread,COND-BISC-SPRD,,,Biscoff Spread,kg
Brakes,18422,Green Valley Dairy Set Soured Cream,1 x 2kg,3,13.99,Soured Cream,none,,,,,Soured Cream,kg
Brakes,36070,Lenor Professional S2 Extra Soft & Fresh 10L (Laundry System Fabric Conditioner),1 x 10ltr,3,29.67,,none,,,,,Lenor Professional S2 Extra Soft & Fresh 10L (Laundry System Fabric Conditioner),l
Brakes,591017,GV Dairy Cheese Soft FFat OC 18421,1x2kg,3,17.21,Cheese (unspecified),client-description,Cheese (unspecified),CHEE-UNSP-ONE,,,Cheese (unspecified),kg
Brakes,A 130994,Macphie O.T.T Salted Caramel Dessert Topping,1 x 500g,3,3.61,,none,,,,,Macphie O.T.T Salted Caramel Dessert Topping,kg
Brakes,A 5007075,MONIN Premium Chai Tea concentrate,1 x 1ltr,3,8.53,,none,,,,,MONIN Premium Chai Tea concentrate,l
Brakes,A 5030322,Funkin Raspberry Puree,1 x 1kg,3,14.69,,matched,Funkin Puree,FUNKIN-PUREE,Raspberry [PROD-RASP-BERY],,Funkin Raspberry Puree,kg
Brakes,A 5031364,Kettle Sea Salt & Balsamic Vinegar,18 x 40g,3,9.79,Sea Salt Crystals,client-description,Sea Salt Crystals,SEA-SALT-CRYS,,,Sea Salt Crystals,kg
Culpitt,16J-STR08,"CARD-IND S/W-RD-P.E COATED-8""","8""",3,10.54,"8"" Cake Cards",client-sku,"8"" Cake Cards",8IN-CAKE-CARD,,,"8"" Cake Cards",each
JMPosner,SKU00594,JMP Luxury White Chocolate 33% (Rainforest Alliance Cocoa MB),10KG,3,116.25,Chocolate (unspecified),client-description,Chocolate (unspecified),CHOC-UNSP-ONE,,,Chocolate (unspecified),kg
LWC Drinks,26049012,WHITE CLAW SELTZ BCHERRY,12X330,3,19.99,,none,,,,,WHITE CLAW SELTZ BCHERRY,each
LWC Drinks,36251361,MONIN RASPBERRY PUREE,1L,3,18.44,,matched,Raspberry,PROD-RASP-BERY,,,MONIN RASPBERRY PUREE,l
LWC Drinks,36251847,MONIN STRAWBERRY PUREE,1L,3,16.03,,matched,Strawberry,BAKE-ESSN-STRW,,,MONIN STRAWBERRY PUREE,l
LWC Drinks,49224858,ALMA DE CHILE MERLOT RES,75CL,3,7.99,Alma de Chile Merlot,none,,,,,Alma de Chile Merlot,l
LWC Drinks,62000109,LOND ESS ROAST PINEAPPL *PROMO*,,3,12.99,,none,,,,,LOND ESS ROAST PINEAPPL *PROMO*,each
Makro,092715,Fever Tree Prem Indian Tonic,24 200ml,3,17.69,,none,,,,,Fever Tree Prem Indian Tonic,l
Makro,117453,Funkin Strawberry Puree,5 1kg,3,39.39,,matched,Strawberry Puree Funkin,STRA-PURE-FUNK,Funkin Puree [FUNKIN-PUREE] | Strawberry [BAKE-ESSN-STRW],,Funkin Strawberry Puree,kg
Makro,117539,Funkin Raspberry Puree,5 1kg,3,58.89,,matched,Funkin Puree,FUNKIN-PUREE,Raspberry [PROD-RASP-BERY],,Funkin Raspberry Puree,kg
Makro,245965,Lotus Biscoff Crumb,8 750g,3,33.49,,matched,Biscoff Crumb,BAKE-BISC-CRUM,,,Lotus Biscoff Crumb,kg
Makro,278424,Pimms No 1,6 70cl,3,75.49,,matched,Pimm's No.1,PIMM-NO,,,Pimms No 1,l
Makro,503500,503500 Absolut Vodka Blue,6 70cl,3,89.89,Absolut Vodka,none,,,,,Absolut Vodka,l
Sysco,A119330,Shield Blue Rubber Gloves Large,1 x 12,3,7,,none,,,,,Shield Blue Rubber Gloves Large,each
Sysco,A136373,Brakes Essentials Washing Up Liquid,2 x 5ltr,3,8,Washing Up Liquid,client-sku,Washing Up Liquid,CLEN-WASH-LIQD,,,Washing Up Liquid,l
Sysco,A148639,MONIN Premium Caramel Syrup 1tr,1 x 1 ltr,3,10.7,,matched,Caramel,BAKE-ESSN-CARA,,,MONIN Premium Caramel Syrup 1tr,l
Sysco,A86874,Preema Vanilla Essence 500ml,1 x 500ml,3,5.38,,matched,Vanilla,BAKE-ESSN-VANL,,,Preema Vanilla Essence 500ml,l
Sysco,A87722,Paclan 100 x 150L Extra Heavy Duty Black Compactor Sacks. 483x965x1168mm. Rated 20KG CHSA. Made using 100% Recycled Material (excluding processing aids).,1 x 100 Sacks,3,22.11,Black Refuse Sacks,client-description,Black Refuse Sacks,BLAK-REFU-SACK,,,Black Refuse Sacks,l
Sysco,C119649,Cypressa Bar Mix Olives (Pitted),1 x 1kg,3,9.37,Pitted Mixed Olives,none,,,,,Pitted Mixed Olives,kg
Sysco,C71268,Sysco Classic Grated Mature White Cheddar Cheese,1 x 1kg,3,6.69,Lactose-Free Cheddar,client-description,Lactose-Free Cheddar,LACT-FREE-CHED,,,Lactose-Free Cheddar,kg
Sysco,F 58919,La Boulangerie Part Baked Garlic Oval Flatbreads,3 x 6 x 225g,3,16.38,,none,,,,,La Boulangerie Part Baked Garlic Oval Flatbreads,kg
Sysco,F150213,Cheese Pickers Halloumi Fries,1 x 1kg,3,22.53,Cheese (unspecified),client-description,Cheese (unspecified),CHEE-UNSP-ONE,,,Cheese (unspecified),kg
Sysco,F4111,Brakes Fruits of the Forest,1 x 1kg,3,9.45,Fruits of the Forest Mix,none,,,,,Fruits of the Forest Mix,kg
Twist Ingredients,1271-5kg,Strands - Matt - Green,5kg,3,52.28,,none,,,,,Strands - Matt - Green,kg
Twist Ingredients,1351NE-4kg,Stars - Shimmer - Rainbow,4kg,3,93.04,,none,,,,,Stars - Shimmer - Rainbow,kg
Twist Ingredients,1863-12.5kg,Sugar Crunch - Berry - Size: 12.5kg,12.5kg,3,193.74,"UNKNOWN - ""4 x 2.5kg"" (check invoice)",matched,Sugar Crunch Berry,SUGA-CRUN-BERR,,,"UNKNOWN - ""4 x 2.5kg"" (check invoice)",kg
Twist Ingredients,6345-4kg,Confetti - Shimmer - Jumbo - Dark Blue - Size: 4kg,4kg,3,93.19,,none,,,,,Confetti - Shimmer - Jumbo - Dark Blue - Size: 4kg,kg
Twist Ingredients,6405-4kg,Confetti - Shimmer - Violet,4kg,3,93.04,,none,,,,,Confetti - Shimmer - Violet,kg
Twist Ingredients,6462-4kg,Confetti - Glimmer - Blossom,4kg,3,94.74,,none,,,,,Confetti - Glimmer - Blossom,kg
Twist Ingredients,6499,Pearls - High Shine - 2mm - Gold,4kg,3,240.01,,matched,Gold Pearls,GOLD-PEAR,,,Pearls - High Shine - 2mm - Gold,kg
Twist Ingredients,6503-1kg,Chocolate Beans - Mini - Multicoloured Without Shellac - Size: 1kg,1kg,3,19.53,Chocolate (unspecified),client-description,Chocolate (unspecified),CHOC-UNSP-ONE,,,Chocolate (unspecified),kg
Amazon,B01HH1HLVK,"Deskit Laminating Pouches A4, Glossy, 120 Sheets, 100 Microns - Clear and Durable Presentations - Flexible Rigidity for Everyday Use",120 Sheets,2,9.2,A4 Laminating Pouches,client-description,A4 Laminating Pouches,STAT-A4LAM-POUC,,,A4 Laminating Pouches,each
Amazon,B07TCN2G1R,"Vytronix Powerful Electric Pressure Washer 1400W | Jet Wash | High-Performance Power Cleaner for Car, Home, Patio and Garden Furniture 105 Bar Water Jet Yellow",,2,59.99,,none,,,,,"Vytronix Powerful Electric Pressure Washer 1400W | Jet Wash | High-Performance Power Cleaner for Car, Home, Patio and Garden Furniture 105 Bar Water Jet Yellow",each
Amazon,B07TJT135V,"Mattel Uno Original and Uno Flip Card Games, Combo Pack of 2",Pack of 2,2,7.7267,,none,,,,,"Mattel Uno Original and Uno Flip Card Games, Combo Pack of 2",each
Amazon,B0BVM7QVQ7,TooGet Fragrant Natural Jasmine Buds Pure Dried Jasmine Flowers Wholesale Herbal Tea,2 OZ (60g),2,7.8833,,none,,,,,TooGet Fragrant Natural Jasmine Buds Pure Dried Jasmine Flowers Wholesale Herbal Tea,kg
Amazon,B0C5WYRPM6,"The Chic Way 40 Pcs Hair Bobbles, Elastic Hair Bands, Black Hair Ties, 4mm",,2,5.688,,none,,,,,"The Chic Way 40 Pcs Hair Bobbles, Elastic Hair Bands, Black Hair Ties, 4mm",each
Amazon,B0D5HX79T5,Salted Pretzels - Original Salty Flavour Mini Pretzel with Sea Salt Flavoured Oven Baked Brezels Bretzels Crunchy Party Snack - Large Bulk Big Sharing Bag Snacks (Packaging May Vary) Vegan PURIMA,1kg,2,19.99,Sea Salt Crystals,client-description,Sea Salt Crystals,SEA-SALT-CRYS,,,Sea Salt Crystals,kg
Amazon,B0D6RLTKS8,"ASelected 50PCS Cake Dowels, Plastic Cake Dowels for Tiered Cakes, White Cake Support Rods Cake Dowel Rods for Tiered Cake Construction and Stacking Supporting - 1.2cm Diameter",24cm/9in,2,7.33,Cake Dowels,client-sku,Cake Dowels,BAKE-CAKE-DOWL,,,Cake Dowels,each
Amazon,B0H1PZJP2D,"8Pcs Fondant Tools, Cake Decorating & Modelling Set, Icing Sugar Clay Tools, Sculpting for Baking",,2,3.084,Icing Sugar,client-description,Icing Sugar,BAKE-ICNG-SUGR,,,Icing Sugar,each
Amazon,B0HCVPLX9T,"Thinp 15 Pcs Thin Elastic Headbands, Colorful Sports Headband for Women Men",,2,6.79,,none,,,,,"Thinp 15 Pcs Thin Elastic Headbands, Colorful Sports Headband for Women Men",each
Booker,083676,Sunpride Cranberry Juice,12 1ltr,2,11.79,,matched,Cranberry Juice,CRAN-JUIC,,,Sunpride Cranberry Juice,l
Booker,117453,Funkin Strawberry Puree,5 1kg,2,39.39,,matched,Strawberry Puree Funkin,STRA-PURE-FUNK,Funkin Puree [FUNKIN-PUREE] | Strawberry [BAKE-ESSN-STRW],,Funkin Strawberry Puree,kg
Booker,125145,Eager Cloudy Prsd Apple Jce,8 1ltr,2,18.35,,none,,,,,Eager Cloudy Prsd Apple Jce,l
Booker,191244,Bacardi Carta Blanca,1 1.5ltr,2,32.99,Bacardi Carta Blanca,none,,,,,Bacardi Carta Blanca,l
Booker,261603,White Claw Seltzer Cherry,12 330ml,2,15.99,,none,,,,,White Claw Seltzer Cherry,l
Booker,274529,Silver Spoon Caster Sugar,1 25kg,2,25.99,Icing Sugar,client-description,Icing Sugar,BAKE-ICNG-SUGR,,,Icing Sugar,kg
Booker,274833,Corona Cero NRB,6 4x330ml,2,18.69,Corona Cero (Alcohol-Free),none,,,,,Corona Cero (Alcohol-Free),l
Booker,288295,Diet Coke PM90,24 330ml,2,9.69,,none,,,,,Diet Coke PM90,l
Booker,302784,CTS PVC ClingFilm 300Mx450mm,1 Sgl,2,9.99,Cling Film,client-sku,Cling Film,PACK-CLNG-FILM,,,Cling Film,each
Booker,318639,Absolut Vodka PM1999,1 70cl,2,13.99,Absolut Vodka,none,,,,,Absolut Vodka,l
Booker,483860,CL Self Raising Flour,4 3kg,2,11.55,Self-Raising Flour,none,,,,,Self-Raising Flour,kg
Brakes,100498,Fruit Shoot Apple & Blackcurrant Kids Juice Drink,24 x 275ml,2,13.99,,matched,Fruit Shoot Apple & Blackcurrant,FRUI-SHOO-APPL,,,Fruit Shoot Apple & Blackcurrant Kids Juice Drink,l
Brakes,100501,Fruit Shoot Orange Kids Juice Drink,24 x 275ml,2,13.99,,matched,Fruit Shoot Orange,FRUI-SHOO-ORAN,Orange Juice [JUIC-FRUT-ORG],,Fruit Shoot Orange Kids Juice Drink,l
Brakes,103550,Seasonal Salad Mix,1 x 250g,2,1.73,,none,,,,,Seasonal Salad Mix,kg
Brakes,104220,Fairy Professional Washing Up Liquid Original,2 x 5L,2,28.69,,matched,Washing Up Liquid,CLEN-WASH-LIQD,,,Fairy Professional Washing Up Liquid Original,l
Brakes,105613,Green Valley Dairy Buttermilk,1x5kg,2,15.46,,none,,,,,Green Valley Dairy Buttermilk,kg
Brakes,109349,T & L Sucrolose Sweetener Stick,1x1000,2,7.48,,none,,,,,T & L Sucrolose Sweetener Stick,each
Brakes,109618,"Alpro Soya Plant-Based Long Life Drink, Vegan & Dairy Free,",8 x 1ltr,2,11.61,Soya Milk,none,,,,,Soya Milk,l
Brakes,110078,Snacking Essentials Chilli Peanuts,1 x 1kg,2,8.95,,matched,Chilli Peanuts,CHIL-PEAN,,,Snacking Essentials Chilli Peanuts,kg
Brakes,110080,Snacking Essentials Salty Mix,1 x 1kg,2,8.81,,none,,,,,Snacking Essentials Salty Mix,kg
Brakes,114964,Rough Cut White Sugar Cubes (605),8x1kg,2,40.31,,none,,,,,Rough Cut White Sugar Cubes (605),kg
Brakes,120133,Tidman's Natural Rock Salt 500g,1 x 500g,2,1.32,,none,,,,,Tidman's Natural Rock Salt 500g,kg
Brakes,122879,Twinings Earl Grey String & Tag Tea Bags,100 x 2g,2,7.76,,matched,Earl Grey Tea,EARL-GREY-TEA,,,Twinings Earl Grey String & Tag Tea Bags,kg
Brakes,127145,Oreo Small Crushed Cookie Pieces,12 x 400g,2,43.39,,none,,,,,Oreo Small Crushed Cookie Pieces,kg
Brakes,128761,Lyles Golden Syrup,1x750g,2,2.3,,matched,Golden Syrup,GOLDEN-SYRUP,,,Lyles Golden Syrup,kg
Brakes,129209,Sysco Premium Velvet Houmous,1 x 1kg,2,5.45,,none,,,,,Sysco Premium Velvet Houmous,kg
Brakes,129476,The London Essence Co. Soda Water 200ml,24 x 200ml,2,21.9,,none,,,,,The London Essence Co. Soda Water 200ml,l
Brakes,130698,eGreen Black Paper Straw 200mm x 6mm,4 x 250,2,13.36,Black Paper Straws,client-sku,Black Paper Straws,BLAK-PAPR-STRW,,,Black Paper Straws,each
Brakes,132839,Clear Vinyl Powdered Disposabale Glove Xtra Large,1 x 100,2,5.49,,none,,,,,Clear Vinyl Powdered Disposabale Glove Xtra Large,each
Brakes,133965,Sheese Original Spread,6x255g,2,14.13,,none,,,,,Sheese Original Spread,kg
Brakes,134277,Monin Pump for 1ltr Plastic Syrup,1 x 1,2,3.98,,none,,,,,Monin Pump for 1ltr Plastic Syrup,l
Brakes,135095,DaVinci Sugar Free Vanilla Syrup,1 x 1ltr,2,7.41,,none,,,,,DaVinci Sugar Free Vanilla Syrup,l
Brakes,135440,Ramon Hygiene Grey Dustpan & Brush,1x1,2,9.37,,none,,,,,Ramon Hygiene Grey Dustpan & Brush,each
Brakes,136385,Brakes Essentials Air Freshener,6 x 750ml,2,9.44,Air Freshener,client-sku,Air Freshener,CLEN-AIR-FRSH,,,Air Freshener,l
Brakes,136387,Brakes Essentials Pine Disinfectant,2 x 5ltr,2,6.71,Pine Disinfectant,client-sku,Pine Disinfectant,CLEN-PINE-DISF,,,Pine Disinfectant,l
Brakes,136396,Brakes Garlic Butter,1 x 1.75kg,2,32.54,Garlic Butter,client-sku,Garlic Butter,DAIR-GARL-BUTR,,,Garlic Butter,kg
Brakes,146257,British Isle of Wight Cherry Tomatoes,1 x 250g,2,1.5,Cherry Tomatoes,client-sku,Cherry Tomatoes,PROD-CHER-TOMA,,,Cherry Tomatoes,kg
Brakes,148638,MONIN Premium Gingerbread Syrup 1ltr,1 x 1 ltr,2,8.11,,none,,,,,MONIN Premium Gingerbread Syrup 1ltr,l
Brakes,149597,Dr Oetker Prof GF Baking Powder,1x500g,2,3.07,Baking Parchment Roll,client-description,Baking Parchment Roll,BAKE-PARC-ROLL,Baking Powder [BAKI-POWD],,Baking Parchment Roll,kg
Brakes,149766,F 149766 - Aviko Rosti Bites 1 x 2.5kg,1 x 2.5kg,2,6.36,Rosti Bites,client-sku,Rosti Bites,SAVR-ROST-BITE,,,Rosti Bites,kg
Brakes,150769,Orchard Valley Vegan Mini White Marshmallows,1 x 1kg,2,11.75,,none,,,,,Orchard Valley Vegan Mini White Marshmallows,kg
Brakes,150945,Quantum Professional Glasswasher Liquid Detergent,1 x 5l,2,19,,none,,,,,Quantum Professional Glasswasher Liquid Detergent,l
Brakes,152412,Ballygarvey 60 British Barn Eggs Med,1 x 60,2,11.4,Medium Eggs,none,,,,,Medium Eggs,each
Brakes,18019,Lotus Biscoff Biscuits – 300 Caramelised Biscuits,1 x 300,2,14.97,,none,,,,,Lotus Biscoff Biscuits – 300 Caramelised Biscuits,each
Brakes,189141,MONIN Premium Cinnamon Roll Syrup,1 x 1ltr,2,8.74,,none,,,,,MONIN Premium Cinnamon Roll Syrup,l
Brakes,33781,Sysco Classic Baking Powder,1x3.5kg,2,16.79,,matched,Baking Powder,BAKI-POWD,,,Sysco Classic Baking Powder,kg
Brakes,5001984,British Rocket,1 x 150g,2,2.44,Rocket,none,,,,,Rocket,kg
Brakes,5002322,Sysco Classic Extra Virgin Olive Oil,1 x 2ltr,2,8.95,,matched,Olive Oil,OLIV-OIL,,,Sysco Classic Extra Virgin Olive Oil,l
Brakes,5019190,Monin Blueberry Syrup 70cl,1 x 70cl,2,8.53,,none,,,,,Monin Blueberry Syrup 70cl,l
Brakes,5024961,FunkinPro White Peach Puree,1x1kg,2,8.89,,none,,,,,FunkinPro White Peach Puree,kg
Brakes,5026322,Avogrande Guacamole,1 x 1kg,2,5.45,Guacamole,client-sku,Guacamole,FOOD-GUAC-MOLE,,,Guacamole,kg
Brakes,74826,Brakes Unsalted Butter,1 x 250g,2,2.23,Unsalted Butter,client-sku,Unsalted Butter,DAIR-UNSL-BUTR,,,Unsalted Butter,kg
Brakes,86882,Green Colouring,1x500ml,2,,,none,,,,,Green Colouring,l
Brakes,88386,Brakes Glaze with Balsamic Vinegar of Modena,1 x 400ml,2,6.5,Balsamic Glaze,client-sku,Balsamic Glaze,COND-BALS-GLAZ,,,Balsamic Glaze,l
Brakes,88431,KETTLE® Chips Sea Salt & Balsamic Vinegar of Modena,18 x 40g,2,9.65,Sea Salt Crystals,client-description,Sea Salt Crystals,SEA-SALT-CRYS,,,Sea Salt Crystals,kg
Brakes,89465,Twinings Pure Green Tea,1x20,2,2.58,,matched,Green Tea,GREE-TEA,,,Twinings Pure Green Tea,each
Brakes,89657,The Juice Apple Juice,27 x 200ml,2,9.99,"Fruit Juice (Apple, Orange & Pineapple)",matched,Apple Juice,JUIC-FRUT-APP,,,"Fruit Juice (Apple, Orange & Pineapple)",l
Brakes,A 114951,Sysco Classic Plain Flour,6 x 1.5kg,2,10.98,Plain Flour,none,,,,,Plain Flour,kg
Brakes,A 151256,DaVinci Cloudy Lemonade Base Syrup,1 x 1ltr,2,7.48,,none,,,,,DaVinci Cloudy Lemonade Base Syrup,l
Brakes,A 5007068,MONIN Premium Vanilla Frappe Mix,1 x 1.36kg,2,21.83,,none,,,,,MONIN Premium Vanilla Frappe Mix,kg
Brakes,A 5025588,Sysco Essentials Floor Cleaner,2 x 5ltr,2,10.7,Floor Cleaner,client-description,Floor Cleaner,CLEN-FLOR-CLNR,,,Floor Cleaner,l
Brakes,C 123028,Arla Long Life UHT Skimmed Milk,12 x 1ltr,2,16.02,UHT Skimmed Milk,client-sku,UHT Skimmed Milk,UHT-SKIM-MILK,,,UHT Skimmed Milk,l
JMPosner,J13300113,JMP Dark Cookie Crumb,1KG,2,6.48,,none,,,,,JMP Dark Cookie Crumb,kg
LWC Drinks,26049013,WHITE CLAW SELTZ RASPB,12X330ML,2,19.99,,none,,,,,WHITE CLAW SELTZ RASPB,l
LWC Drinks,26120026,CORONA CERO,6X4X330ML,2,26.84,Corona Cero (Alcohol-Free),none,,,,,Corona Cero (Alcohol-Free),l
LWC Drinks,33013147,BACARDI GOLD ORO 70CL,70CL,2,18.93,Bacardi Carta Oro,client-sku,Bacardi Carta Oro,BACA-CART-ORO,,,Bacardi Carta Oro,l
LWC Drinks,36411547,LUXARDO MARASCHINO CHERRIES 400G,,2,7.4,,matched,Luxardo Cherries,LUXA-CHER,,,LUXARDO MARASCHINO CHERRIES 400G,kg
LWC Drinks,50006285,BRISTOL SYRUP STRAWBERRY 75CL,,2,8.1,Strawberry Syrup,matched,Strawberry,BAKE-ESSN-STRW,,,Strawberry Syrup,l
LWC Drinks,51230061,LOND ESS PEACH JASMINE,24X200ML,2,18.99,,none,,,,,LOND ESS PEACH JASMINE,l
LWC Drinks,55541122,FEVERTREE TONIC WATER,24X200ML,2,18.56,,none,,,,,FEVERTREE TONIC WATER,l
LWC Drinks,59131347,Sunpride Cranberry Juice,12X1L,2,12.97,,matched,Cranberry Juice,CRAN-JUIC,,,Sunpride Cranberry Juice,l
LWC Drinks,59290049,EAGER PINEAPPLE,8X1L,2,20.99,,none,,,,,EAGER PINEAPPLE,l
LWC Drinks,59737448,FUNKIN PEACH,5X1KG,2,54.82,,none,,,,,FUNKIN PEACH,kg
LWC Drinks,59737948,FUNKIN PURE LIME,5X1KG,2,56.77,,matched,Limes,LIME,,,FUNKIN PURE LIME,kg
Makro,101250,Sunpride Pure Pineapple Jce,12 11tr,2,19.99,,none,,,,,Sunpride Pure Pineapple Jce,each
Makro,185553,Disaronno,1 70cl,2,17.69,,none,,,,,Disaronno,l
Makro,191244,Bacardi Carta Blanca,1 1.5ltr,2,32.99,Bacardi Carta Blanca,none,,,,,Bacardi Carta Blanca,l
Makro,268555,Kahlua Coffee Liqueur,1 70cl,2,13.19,,matched,Coffee,BAKE-ESSN-COFF,Kahlua [KAHL],,Kahlua Coffee Liqueur,l
Makro,294844,Roquito Hot Honey,5 720g,2,20.99,,matched,Hot Honey,HOT-HONE,,,Roquito Hot Honey,kg
Makro,305182,Clrly Vnyl PF Glve Clear Lrg,10 100s,2,29.99,,none,,,,,Clrly Vnyl PF Glve Clear Lrg,each
Makro,FUNKMORC,FUNKIN MORELLO CHERRY PUREE 1KG,1KG,2,14.99,,matched,cherry Puree Funkin,CHER-PURE-FUNK,Funkin Puree [FUNKIN-PUREE],,FUNKIN MORELLO CHERRY PUREE 1KG,kg
Sysco,A 135429,OGGS® Aquafaba Plant-Based Egg Alternative,1 x 1ltr,2,5.94,,matched,Aquafaba - Oggs,AQUA,,,OGGS® Aquafaba Plant-Based Egg Alternative,l
Sysco,A 150624,Lion Ranch Dressing,1 x 2.27ltr,2,9.31,,matched,Ranch,RANC,,,Lion Ranch Dressing,l
Sysco,A 8823,Sysco Classic Pistachio Kernels 1kg,1 x 1kg,2,37,Pistachio Kernels,client-sku,Pistachio Kernels,NUTS-PIST-KERN,,,Pistachio Kernels,kg
Sysco,A135336,Sysco Classic Sour Cream 890g,1 x 890g,2,4.19,,matched,Sour Cream,DAIR-SOUR-CREM,,,Sysco Classic Sour Cream 890g,kg
Sysco,A136380,Brakes Essentials Antibacterial Hand Wash,2 x 5ltr,2,9.49,Antibacterial Hand Wash,client-sku,Antibacterial Hand Wash,ANTI-HAND-WASH,,,Antibacterial Hand Wash,l
Sysco,A148641,MONIN Premium Vanilla Syrup 1ltr,1 x 1 ltr,2,8.95,,matched,Vanilla,BAKE-ESSN-VANL,,,MONIN Premium Vanilla Syrup 1ltr,l
Sysco,A28059,eGreen Wooden Cocktail Sticks 1000 Pack,1 x 1000,2,1.11,,matched,Cocktail Sticks,BAMB-COCK-STIK,,,eGreen Wooden Cocktail Sticks 1000 Pack,each
Sysco,A33581,Sysco Classic Ground Cinnamon,1 x 450g,2,5.73,,matched,Cinnamon,CINN,,,Sysco Classic Ground Cinnamon,kg
Sysco,A5596,Cadbury Instant Hot Chocolate 2kg,1 x 2kg,2,19.8,Cadbury Hot Chocolate,client-sku,Cadbury Hot Chocolate,CADB-HOT-CHOC,,,Cadbury Hot Chocolate,kg
Sysco,A89917,Paclan 100 White Pedal Bin Liners,1 x 100,2,1.53,,none,,,,,Paclan 100 White Pedal Bin Liners,each
Sysco,F149991,Sysco Premium Caramel Cake,1 x 14 ptn,2,24.77,,matched,Caramel Cake,BAKE-CARA-COOK,Caramel [BAKE-ESSN-CARA],,Sysco Premium Caramel Cake,each
Sysco,F32783,Sysco Classic Crispy Chicken Strips,1 x 2kg (approx 80),2,17.19,,matched,Chicken Strips,CHIC-STRI,,,Sysco Classic Crispy Chicken Strips,kg
Twist Ingredients,1209-4kg,Pearls - High Shine - 6mm - Gold - Size: 4kg,4kg,2,101.12,,matched,Gold Pearls,GOLD-PEAR,,,Pearls - High Shine - 6mm - Gold - Size: 4kg,kg
Twist Ingredients,1562-4kg,Shapes - Glimmer - Seashells - Mother of Pearl,4kg,2,93.04,,matched,Mother of Pearl,MOTH-PEAR,,,Shapes - Glimmer - Seashells - Mother of Pearl,kg
Twist Ingredients,1785-5kg,Sprinkletti - Party - No E171 - Size: 5kg,5kg,2,121.48,"UNKNOWN - ""4 x 2.5kg"" (check invoice)",none,,,,,"UNKNOWN - ""4 x 2.5kg"" (check invoice)",kg
Twist Ingredients,1890-4kg,Shapes - Glimmer - Clouds - Pink and Mother of Pearl,4kg,2,94.74,,matched,Mother of Pearl,MOTH-PEAR,,,Shapes - Glimmer - Clouds - Pink and Mother of Pearl,kg
Twist Ingredients,6189-4kg,Shapes - Glimmer - Leaf - Autumn Mix - Size: 4kg,4kg,2,93.19,,none,,,,,Shapes - Glimmer - Leaf - Autumn Mix - Size: 4kg,kg
Twist Ingredients,6462,Confetti - Glimmer - Blossom,4kg,2,94.74,,none,,,,,Confetti - Glimmer - Blossom,kg
Twist Ingredients,6503-100g,Chocolate Beans - Mini - Multicoloured Without Shellac - Size: 100g,100g,2,4.43,Chocolate (unspecified),client-description,Chocolate (unspecified),CHOC-UNSP-ONE,,,Chocolate (unspecified),kg
Twist Ingredients,6550,Sugar Shapes - Matt - Natural - Flowers - Hippy Mix,4kg,2,93.04,,none,,,,,Sugar Shapes - Matt - Natural - Flowers - Hippy Mix,kg
