supplier,supplier_sku,aliases,description,pack_size,base_unit,unit_cost_gbp,lines_seen,last_seen,min_confidence,reason
Amazon,B0002VA9NA,,Quakehold! 88111 Museum Putty Neutral,,,6.79,1,2026-09-07,0.90,seen only once in the captured window
Amazon,B000IU40HQ,,HG Mould Remover Spray | Kills Black Mold & Mildew on Walls & Tiles,500ml,L,5.38,1,2026-08-01,0.95,seen only once in the captured window
Amazon,B002YBHS1M,,Skittles Vending Bag,1.6kg,kg,11.98,3,2026-08-07,0.90,seen with 2 different pack sizes (1.6kg; 1.6kgbag)
Amazon,B003UHEVKK,,Adastra | Stereo Speakers Supplied In Pairs | 60W Max | Black,,,30,1,2026-08-19,0.95,seen only once in the captured window
Amazon,B004DPDO9M,,Safety First Aid HypaPlast Assorted Pack of 100 Metal Detectable Plasters,Pack of 100,,3.72,1,2026-08-11,0.90,seen only once in the captured window
Amazon,B0074JDF52,,"Genware Optima Safe Probe Wipes, Fabric, Blue, Pack of 200",Pack of 200,,6.59,1,2026-08-22,0.90,seen only once in the captured window
Amazon,B007TKICU4,,"Hygiplas LDPE Low Density Chopping Board Set, 455x305mm,",12x455x305mm,,21.59,1,2026-09-06,0.95,seen only once in the captured window
Amazon,B008E7L5AK,,Preema Lemon Essence,500ml,L,8.3,1,2026-08-16,0.95,seen only once in the captured window
Amazon,B00GAGLU6G,,Preema Vanilla Essence,500ml,L,6.89,1,2026-08-16,0.90,seen only once in the captured window
Amazon,B00VEBBQV6,,Puly Caff Coffee Cleaning Powder,2 Tubs of 900g,kg,21.47,1,2026-08-23,0.95,seen only once in the captured window
Amazon,B015HE6HJG,,"vacspare For Numatic Henry Vacuum Cleaner Tool Kit With 2.5m Hose, Brushes & 10 Hoover Bags",,,20.95,1,2026-08-10,0.95,seen only once in the captured window
Amazon,B01FSGVN4M,,"Amazon Basics Multi-Purpose Copy Printer Paper, A4 80 GSM, 2500 Count, White",Pack of 5,,17.99,1,2026-08-10,0.90,seen only once in the captured window
Amazon,B01MURLV9K,,Sharpie Permanent Markers | Fine Point for Bold Details | Black Ink | Marker Pens,12,,5.88,1,2026-09-09,0.99,seen only once in the captured window
Amazon,B01N20MRSK,,"Schwartz Sriracha Seasoning, Hot, Artificial Colours & Flavours Free,",320g,kg,6.38,1,2026-09-02,0.95,seen only once in the captured window
Amazon,B071F53VKR,,"Stronghold 21"" Blue Disposable Piping Bags",100 Bags / 1 Roll,,9.95,1,2026-08-29,0.95,seen only once in the captured window
Amazon,B07431BT96,,"General Medi 210 Piece First Aid Kit- Emergency kit - Reflective Design - Includes Ice(Cold) Pack, Moleskin Pad and Emergency Blanket for Travel, Home, Office, Car, Workplace & Outdoor",,,13.97,1,2026-08-15,0.90,seen only once in the captured window
Amazon,B075HC7BW8,,"General Medi 160 Piece First Aid Kit Bag Refill Kit - Includes Instant Cold Pack, Bandages, Emergency Blanket, Moleskin Pad, Gauze - Extra Replacement Medical Supplies for First Aid",,,15.55,1,2026-09-10,0.95,seen only once in the captured window
Amazon,B075JX653F,,"Hylabelest USE First Trilingual Removable Label 1.5 Inch Total 500 Labels Per Roll (1, Orange, 38mm)",,,6.64,1,2026-08-11,0.95,seen only once in the captured window
Amazon,B0762HG4TR,,"Double Dragon 76 x 76mm 2-Ply Carbonless Paper Roll - for Kitchen, Calculator, Non-Thermal Till POS Receipt & Dot Matrix Impact Printers - Compatible with Star, Clover, Epson, Bixolon",20 Rolls,,21.37,1,2026-08-08,0.95,seen only once in the captured window
Amazon,B076T5GBRF,,"STATUS 3 Socket Extension Lead, 0.5m Compact Cable 13A Power Strip for Desks and TV Units, White",,,7.73,1,2026-09-09,0.95,seen only once in the captured window
Amazon,B078MMJPJF,,"maxtek Whiteboard Pens, Whiteboard Markers 3 Assorted Colours Black Blue Red Dry Erase Pens for Office, Schools, Home, Bullet Tip Dry Wipe Pens",12pcs,,7.19,1,2026-09-09,0.99,seen only once in the captured window
Amazon,B0791X5MFC,,1000Pcs Bamboo Toothpicks - Double Pointed - Appetizer & Cocktail Sticks,,,2.41,1,2026-08-07,0.90,seen only once in the captured window
Amazon,B07C2TGKGT,,"Gocableties Clear Double Sided Tape, Strong Wide Double Sided Sticky Tape for Craft, Scrapbooking and Mounting Photos, 1 Roll","50mm (2"") x 33m",,11.38,1,2026-08-30,0.93,seen only once in the captured window
Amazon,B07CNRHB4J,,G4GADGET Strong Quality Set of 24 Gold Plastic Winner Medals Necklaces Sports Day Awards Star Classroom kids awards,,,7.98,1,2026-08-06,0.90,seen only once in the captured window
Amazon,B07CTB6PK5,,AOMEES Adhesive Hooks Heavy Duty Wall Hooks 8kg (Max) Self Adhesive Hook 12pcs,,kg,5.99,1,2026-09-02,0.95,seen only once in the captured window
Amazon,B07DM8Z7VT,,"We Can Source It Ltd - Wooden Coffee Stirrers 5.5 Inch - Natural Birchwood Stir Sticks for Tea, Coffee & Drinks - Eco-Friendly, Compostable & Biodegradable - Barista, Café, Party Use",Pack of 1000,,6.98,1,2026-08-05,0.95,seen only once in the captured window
Amazon,B07K5N3GN7,,"Renshaw Black Extra Stretch, Smooth & Thin Fondant Icing",1 kg (Pack of 1),kg,9.18,1,2026-08-15,0.95,seen only once in the captured window
Amazon,B07PJKS1LX,,"300pcs Craft Tissue Paper Sheets Set, A4 Assorted Colors, Kids DIY Craft Kit Decorative Tissue Paper",,,7.99,1,2026-09-03,0.95,seen only once in the captured window
Amazon,B07PPMNVVV,,"Shuttle Art Black Permanent Markers, 30 Pack Fine Point Permanent Markers",30 Pack,each,11.89,1,2026-09-03,0.90,seen only once in the captured window
Amazon,B07PSLRLW2,,6 Pack Mixed Colour Electrical Insulation Tape Adhesive Gaffer PVC Tape,10M x 17MM (32.8 Feet x 0.67 Inches),each,6.99,1,2026-09-07,0.95,seen only once in the captured window
Amazon,B07TY6HRL4,,Thlevel Fridge Reptile Thermometer Probe Temperature Gauge,,,6.36,1,2026-08-23,0.90,seen only once in the captured window
Amazon,B07VGYTXHY,,"Color Swell Bulk Crayons, 10 Packs, 24 per Pack (240 Total)","10 Packs, 24 per Pack",,15.5,1,2026-08-19,0.90,seen only once in the captured window
Amazon,B07WCCN5X1,,"A3 Display Book 40 Pockets (80 Views) - Black Presentation Folder with Clear Plastic Sleeves - Portfolio, Certificate & Project Folder for School, Office & Interviews (Lotus)",,,9.06,1,2026-09-07,0.90,seen only once in the captured window
Amazon,B07ZKSJTKC,,"sourcing map Solid Rectangle Rubber Seal Strip 15mm Wide 2mm Thick, 1 Meter Long Black",,,4.58,1,2026-08-16,0.90,seen only once in the captured window
Amazon,B084GRR9M3,,A5 20 Pocket Display Book Presentation Folder Portfolio (40 Views) Project Book Certificate Folder Plastic Wallets,1 Book,,4.49,1,2026-09-07,0.95,seen only once in the captured window
Amazon,B085YCW7P5,,"Renshaw White Extra Stretch, Smooth & Thin Fondant Icing",1 kg (Pack of 1),kg,12.06,1,2026-08-15,0.95,seen only once in the captured window
Amazon,B0879XXK33,,"Amazon Basics 48 Key Cabinet Steel Security Lock Box, Black, 17.78 D x 24.89 W x 238.76 H cm",,,10.19,1,2026-08-29,0.95,seen only once in the captured window
Amazon,B08C79P63Y,,"DeskitA4 Laminating Pouches, Gloss, Bulk Pack 250 Sheets, 150 Microns -for High Volume and Multi-Projects Laminations",Bulk Pack 250 Sheets,,21.95,1,2026-08-11,0.90,seen only once in the captured window
Amazon,B08JYPJKR5,,Asude 10L 20L 30L Plastic Storage Box Container Boxes Lid Handles Home Office,30L,L,11.9,1,2026-08-07,0.90,seen only once in the captured window
Amazon,B08P2KZ9QD,,"EDISHINE 6 Pack E27 Dimmable LED Bulb, 9W 2700K Warm White, 800LM",6 Pack,each,12.26,1,2026-08-30,0.95,seen only once in the captured window
Amazon,B08SGRJ4JH,,"Cake Scraper Cake Smoother Scraper, Cakes Edge Scrappers Cutters Smoother Tool for Cakes Cream Baking Decorating",,,4.49,1,2026-08-24,0.98,seen only once in the captured window
Amazon,B08TT1WWB8,,BOJACK 4 Values 64 pcs 3 5 10 13 A amp 240 V Volt Household Mains Plug Fuse 6.3x25 mm 0.25x1Inch BS1362 Ceramic Tube Cartridge Fuses Assortment Kit packag in a Clear Plastic Box,,,7.88,1,2026-08-16,0.95,seen only once in the captured window
Amazon,B094Q26PBF,,"Zulfaye Hair Bobbles for Thick Hair, Elastic Hair Bands for Women, 4mm Snag Free Strong Hair Ties No Damage for Girls, Hairbands Women, Ponytail Holders",Pack of 40 - Black,,5.2917,2,2026-08-30,0.90,seen with 2 different pack sizes (packof40; packof40black)
Amazon,B0954WTR8M,,Prepped Food Labels - Red Text Removable - Use by Food Labels - Food Rotation Roll - Supplied in Rolls of 500. Label Size:,49x74mm,,5.725,1,2026-08-30,0.90,seen only once in the captured window
Amazon,B09CR1K72K,,"Straame Playballs, Soft Pit Balls for Kids, Small Colourful Plastic Balls, Crush Proof, No Sharp Edges, Toxic Free, Baby Approved Playball Set (Blue and White, 100 pcs)",100 pcs,,9.98,1,2026-08-05,0.90,seen only once in the captured window
Amazon,B09MYT3V2J,,"Set of 3 Fragrance Reed Diffusers, 50ml Lavender Jasmine Lemongrass",,L,16.99,1,2026-09-04,0.95,seen only once in the captured window
Amazon,B09NPLDJ5D,,"31 Piece Fondant Cake Modelling Tools, Cookie Sculpting Decoration Sets, Polymer Clay Tools Baking Accessories",,,7.19,1,2026-08-10,0.90,seen only once in the captured window
Amazon,B09PG7NR2L,,"3 Pack A4 Acrylic Sign Holder, Wooden Base A4 Display Stands, T-shaped Double Side Poster Menu Holders for Tables, Worktop, Office, Home, Shop",,each,16.14,1,2026-08-23,0.90,seen only once in the captured window
Amazon,B09SLX6GQS,,Super Ninja Fruit Fly Traps for Indoors,4 Pack,each,15.94,1,2026-08-23,0.90,seen only once in the captured window
Amazon,B09YQ4PJDH,,"Paper Clips Assorted Sizes, 750 Clips/Box by JIKIOU","(28 mm,33mm,50 mm)",,9.48,1,2026-08-10,0.95,seen only once in the captured window
Amazon,B0B4X115L6,,"Best House 2 PCS Clear Plastic Storage Box with Lids, Storage Containers Use for Home, office, Kitchen, Toys and Goods",10 Litres,,14.69,1,2026-08-15,0.90,seen only once in the captured window
Amazon,B0B87TMTVM,,"Flow fire A4 Acrylic Sign Holder, T-Shaped Table Menu Display Stand",6 Pack,each,18.72,1,2026-08-30,0.95,seen only once in the captured window
Amazon,B0BLWBH8TF,,Fire Action Notice Signs 1mm Rigid Plastic Pack of 5 Essential Fire Safety Signage for Businesses and Public Spaces 200mm x 300mm Weatherproof Design,Pack of 5,,16.99,1,2026-09-09,0.90,seen only once in the captured window
Amazon,B0BNQSWR6K,,Ram® 1 Piece Deluxe Plush Christmas Santa Hat For Adults And Kids Christmas Party Hat With Fur,,,3.49,1,2026-09-03,0.95,seen only once in the captured window
Amazon,B0C48NWP8T,,"Cutlery Set, Pleafind 32-Piece Stainless Steel Flatware Set for 8 People, Spoon Knife and Fork Sets, Mirror Polished and Dishwasher Safe, Silverware Set for Home, Kitchen",,,13.19,1,2026-09-03,0.90,seen only once in the captured window
Amazon,B0C6SQMMM9,,"WORKPRO 3-Piece Pliers Set with Soft Grip, for DIY Household Repair",,,12.74,1,2026-09-07,0.90,seen only once in the captured window
Amazon,B0C74RKVK9,,"Twist Ingredients - Pearls Mix - 1kg High Shine Metallic Gold Sprinkles - Edible Shimmer Ball Gold Cake Decorations - Perfect Cake Sprinkles for Weddings, Christenings & Parties",1kg,kg,43.9,1,2026-08-14,0.95,seen only once in the captured window
Amazon,B0CPSZJN5L,,"USB C to USB C Charger Cable 2m, 60W Type C Cable Lead Long Fast Charging Power for Apple iPhone 17 Pro Max/17 Air/16/16 Pro/15 Plus, MacBook Pro 2021/2020, iPad Pro 12.9/11 inch/Mini/Air 5/4, Pixel",,,8.99,1,2026-08-16,0.95,seen only once in the captured window
Amazon,B0CQPGMQV3,,Speculoos Caramelised Biscuit Crumbs 0-10mm | La Ricetta 1.1kg Original Speculoos Caramelised Biscuit Crumbs | Perfect Ingredient for Baking | Delicious Caramel and Cinnamon Flavour,Pack of 2,kg,16.91,1,2026-09-07,0.90,seen only once in the captured window
Amazon,B0D2H1HR4G,,"DOQAUS Meat Thermometers, 3S Instant Read Food Thermometer with Backlight",,,6.4067,1,2026-08-22,0.90,seen only once in the captured window
Amazon,B0D94QVZYC,,"200 Paper Straws Multicolored - Eco-Friendly Alternative to Plastic Straws 100% Biodegradable and Compostable - Perfect for Drinking, Cocktails, and Parties Multicolour",,,9.97,1,2026-08-24,0.90,seen only once in the captured window
Amazon,B0D9BBCPQG,,"Anti Slip Tape for Steps, Hazard Warning Tape Yellow and Black,",5 CM x 5 M,,7.99,1,2026-08-29,0.95,seen only once in the captured window
Amazon,B0DCK7P5DQ,,Fogray 2026 Upgraded 240cm Extendable Feather Duster with Soft Silicone Cap,,,6.95,1,2026-08-18,0.95,seen only once in the captured window
Amazon,B0DD2WKQD5,,"GUOKOFF Large Metal Bulldog Clips, 10 Pcs 90mm Bulldog Clip |",10 Pcs,,13.28,1,2026-08-23,0.95,seen only once in the captured window
Amazon,B0DH1KJ72Q,,"Fire Alarm Test Key, Fire Call Point Keys Spare Emergency Door Release Keys",,,5.78,1,2026-08-29,0.95,seen only once in the captured window
Amazon,B0DL566VGL,,Leikedun Wine Saver Vacuum Pump with 24 Reusable Wine Bottle Stoppers,,,12.88,1,2026-08-29,0.95,seen only once in the captured window
Amazon,B0DL6CHSTY,,100 Pack White Paper Napkins 30x30cm 1-Ply Serviettes,100 Pack,each,3.89,1,2026-08-06,0.90,seen only once in the captured window
Amazon,B0DQDFKL9B,,HEFTMAN Glass Drink Dispenser with Tap 4L,,L,19.49,1,2026-09-01,0.95,seen only once in the captured window
Amazon,B0DS67HZTT,,Really Useful Box Plastic Storage 4 Litre Clear,Pack Of 4,L,22.7,1,2026-09-08,0.90,seen only once in the captured window
Amazon,B0DX2FG2BS,,Conjured Fire Exit Keep Clear Sign Self-Adhesive (2 Pack) / Vinyl Decal Stickers with Strong But Removeable Adhesive,2 Pack,each,5.99,1,2026-08-29,0.95,seen only once in the captured window
Amazon,B0F28LDSPR,,"60 Coloured Tissue Paper for Wrapping Gifts, Cydaluya Tissue Papers with 20 Colors, 35x50cm Tissue Paper Sheets Perfect for Packaging Gifts and Crafts",,,4.72,1,2026-08-18,0.95,seen only once in the captured window
Amazon,B0F29NT616,,"Double Sided Foam Tape 20mm x 10m - Heavy Duty Weatherproof PE Mounting Tape - Strong Adhesive for Signs, Panels, Crafts, Home DIY - Indoor Outdoor Use - No Screws Needed",20mm x 10m,,9.98,1,2026-08-30,0.90,seen only once in the captured window
Amazon,B0F3K12KCT,,"Plastic Storage Boxes with Lids 80L - Pack of 5 | Large Clear Stackable Storage Containers with Black Lids, Heavy Duty Strong Durable Tubs for Home, Office, Multipurpose",Pack of 5,L,42.98,1,2026-08-07,0.95,seen only once in the captured window
Amazon,B0F6CJ94M1,,"(36 Pads) Sticky Notes 76 mm x 76 mm Post, 9 Bright Colors Self-Stick Note Pads it, Strong Adhesive, Easy to Post for Home, Office, Notebook",36 Pads,,13.28,1,2026-08-10,0.90,seen only once in the captured window
Amazon,B0FBWHTYVQ,,"5 Pcs CCTV In Operation Sign, Self-Adhesive, Weatherproof CCTV Stickers, Warning Signs for Indoor/Outdoor Use(15cm x 5cm)",,,4.39,1,2026-08-29,0.98,seen only once in the captured window
Amazon,B0FCFD3D3F,,"Vivo Technologies 100-Pack of 7-inch Disposable Paper Plates 18cm White 100% Compostable Biodegradable Party Paper Plate Perfect for Everyday use, Ideal for BBQ's, Parties and Events",100-Pack,,3.98,1,2026-08-06,0.90,seen only once in the captured window
Amazon,B0FF982WW4,,"AOOWU Adult Hooded Cape Set, Reversible Black and Red Cape Set with Collar Unisex Vampire Cape Witch Cloak Accessories for World Book DayHalloween Christmas Party Carnival Cosplay(C)",,,11.99,1,2026-09-03,0.95,seen only once in the captured window
Amazon,B0FJLV26XT,,"5 Inch (125mm) Flexible Aluminum PVC Ventilation Ducting Hose - 5m White Air Duct Pipe for Extractor Fan, Hydroponics, Grow Tents, Dryer Vents",5m,,17.59,1,2026-09-03,0.90,seen only once in the captured window
Amazon,B0FQN1D8TP,,"Gsrhzd A5 Plastic Wallet, 24 PCS Plastic Wallets with Label Pocket, 7 Holes Transparent Document Wallet A5 for School, Office, Home, Travel",,,7.99,1,2026-09-07,0.90,seen only once in the captured window
Amazon,B0FXLTT42J,,TRKETK 30 Pcs Liquor Pourer Cap Rubber Bottle Pour Dispenser Dust Covers Universal Leak-Proof Tapered Spout Bottle Pourer Dust Cover for Olive Oil Liquor Vinegar Spout Wine Coffee Cap (Black),,,6.19,1,2026-08-29,0.95,seen only once in the captured window
Amazon,B0G2MNDP66,,100 Pcs Hair Bands for Women Black Hair Band Hair Bobbles 4mm Black Hair Band Hair Bobbles Thick Hair Elastic Hair Ties Elastics Hairbands,,,3.4933,1,2026-08-28,0.90,seen only once in the captured window
Amazon,B0G3GXNPMP,,"Berry 75CM Unbreakable Traffic Cone - Orange | High-Visibility PVC Safety Cone with Black Weighted Base | Reflective Road Cone for Parking, Road Safety & Construction - Set of 2",Set of 2,,28.49,1,2026-08-28,0.90,seen only once in the captured window
Amazon,B0GVTFZDRV,,"4 x 32 Litre Underbed Plastic Storage Boxes with Lids Set of 4, Clear Multipurpose Nestable Stackable Plastic Storage Box 32L Clear Containers Boxes For Home, Kitchen, Office, Garage, Accessories",Set of 4,L,25.64,1,2026-09-01,0.90,seen only once in the captured window
Amazon,B0H1WJQYMS,,"CHDEXU Magnetic Sign Holder A4, 10 Pack Self Adhesive Magnetic Picture Frame, Magnetic Photo Frames for Wall Window Sign Holder, Silver Display Frames for Home Office School",10 Pack,each,19.58,1,2026-08-01,0.95,seen only once in the captured window
Amazon,BOCGZHPC9V,,"DAJAVE 500 Pcs Bamboo Cocktail Sticks 12cm Bamboo Knotted Cocktail Sticks Natural Knotted Bamboo Skewers Fancy Tooth Picks for Drinks, Fruit, Barbecue, Sandwiches, Cocktail Accessories",,,15.67,1,2026-08-29,0.90,seen only once in the captured window
Amazon,BOCTYSH9JS,,"Smith Packaging Address Label Roll Self Adhesive 89 mm x 36 mm White,",250 Labels Per Roll,,4.5,1,2026-09-07,0.99,seen only once in the captured window
Amazon,BODTHS69T9,,200 PCS Hair Bobbles 2mm Hair Bands for All Hair,,,4.58,1,2026-08-11,0.90,seen only once in the captured window
Amazon,BOFFLZYB7Y,,"Surcotto Plastic Wallets A4 Punched Pockets, 24 Pack Expandable Plastic Document Files Popper Wallet, 11 Holes Large Capacity Binder Pocket with Velcro and Label Pocket, Envelope File Folders",24 Pack,each,10.9,1,2026-09-07,0.90,seen only once in the captured window
Amazon,BOFRFRHFKD,,10 Pack Vacuum Bags NVM-2BH Compatible with Henry XL,10 Pack,each,12.49,1,2026-08-16,0.90,seen only once in the captured window
Amazon,BOFZWCM9VY,,"4 Pack Expanding File Folder, A6 Size Portable Accordion Folder with 13 Pockets with Colored Tags, Flash Card Holder Suitable for Documents Bills Drawing Paper and Receipts",17.8x10.6x3 cm,each,6.98,1,2026-09-07,0.95,seen only once in the captured window
Amazon,FPPPLUG13R,,13A 230V Plastic Plug - Black,,,3.41,1,2026-09-07,0.98,seen only once in the captured window
Amazon,H-00000001,,"HPCORA Long Dustpan and Brush Set, Windproof Vertical Extension Pole Handle Rotatable Broom Set Dustpan Set (Blue)",,,10.99,1,2026-08-21,0.80,seen only once in the captured window
Amazon,MK816A,,"Coffee Syrup Organizer Rack, Rustic Wood and Metal Wire, 4-Tier Display Holder Coffee Station Bar Accessory for Syrup, Wine, Dressing Bottle Countertop Display Storage Stand for Kitchen",,,24.98,1,2026-09-03,0.90,seen only once in the captured window
Amazon,STST1-75515,,"Low Essential Tool Box, Black/Yellow, 12.5-Inch",,,7.19,1,2026-09-07,0.98,seen only once in the captured window
Amazon,STST81680-1,,"Storage Organizer, Transparent",,,7.57,1,2026-09-07,0.98,seen only once in the captured window
Booker,069558,,Silver Spoon Icing Sugar,3kg,kg,7.99,1,2026-07-03,0.95,seen only once in the captured window
Booker,081321,,Harrogate Sparkling Spa Watr,24 330ml,L,14.99,1,2026-08-27,0.93,seen only once in the captured window
Booker,092712,,Fever Tree Light Tonic,24 200ml,L,16.85,1,2026-08-12,0.93,seen only once in the captured window
Booker,099045,,W/master Clingfilm Refils,1 2x300m,,35.49,1,2026-05-01,0.90,seen only once in the captured window
Booker,101523,,CL Cocoa Powder,1 1kg,kg,26.99,1,2026-06-27,0.90,seen only once in the captured window
Booker,112241,,Mason & Miller Hand Wash,1 3.81tr,,14.29,1,2026-06-27,0.90,seen only once in the captured window
Booker,117534,,Funkin White Peach Puree,1 1kg,kg,8.39,1,2026-05-01,0.90,seen only once in the captured window
Booker,117542,,Funkin Raspberry Puree,1 1kg,kg,11.79,1,2026-07-04,0.95,seen only once in the captured window
Booker,125147,,Eager Squeezed Orange Juice,8 11tr,,18.35,1,2026-05-13,0.95,seen only once in the captured window
Booker,138092,,Basil,1 100g,kg,1.59,1,2026-09-08,0.90,seen only once in the captured window
Booker,146146,,Avoca Caring Antibac H/Wash,6 500ml,L,5.25,1,2026-08-19,0.94,seen only once in the captured window
Booker,162227,,Monin Hazelnut Syrup 1Ltr,1 1ltr,L,10.99,1,2026-05-28,0.95,seen only once in the captured window
Booker,171904,,Peroni Red,24 330ml,L,23.99,1,2026-08-05,0.90,seen only once in the captured window
Booker,181258,,FF Lemons,1 2kg,kg,3.49,1,2026-06-27,0.90,seen only once in the captured window
Booker,185553,,Disaronno,1 70cl,L,16.49,1,2026-06-10,0.93,seen only once in the captured window
Booker,185579,,Disaronno,6 70cl,L,105.99,1,2026-05-01,0.90,seen only once in the captured window
Booker,190608,,Bacardi Carta Blanca,1 70cl,L,13.99,1,2026-08-12,0.93,seen only once in the captured window
Booker,190617,,Bacardi Carta Blanca,1 1ltr,L,19.69,1,2026-07-22,0.95,seen only once in the captured window
Booker,191243,,Bacardi Carta Blanca,6 1.5ltr,L,197.89,1,2026-09-02,0.90,seen only once in the captured window
Booker,194205,,Bottlgrn Elderflower Cordial,1 500ml,L,2.99,1,2026-09-08,0.90,seen only once in the captured window
Booker,213293,,Oreo Crumb Inclusion Topping,12 400g,kg,39.99,1,2026-05-06,0.93,seen only once in the captured window
Booker,224519,,Disaronno,1 50cl,L,12.99,1,2026-08-25,0.95,seen only once in the captured window
Booker,233482,,DVG Mango Fruit Puree,8 11tr,L,42.99,3,2026-08-12,0.90,seen with 2 different pack sizes (811tr; 81l)
Booker,233483,,Davinci Mango Fruit Puree,1 1ltr,L,5.99,1,2026-07-08,0.90,seen only once in the captured window
Booker,247156,,Oatly Barista Edition Oat Dr,6 1ltr,L,9.49,1,2026-06-27,0.90,seen only once in the captured window
Booker,247477,,BIRRA MORETTI NRB,1 12x330m,,13.85,1,2026-08-05,0.95,seen only once in the captured window
Booker,257038,,Gordons Mediterranean Orange,1 70cl,L,14.19,1,2026-07-15,0.95,seen only once in the captured window
Booker,261604,,White Claw Seltzer Rasp,12 330ml,L,15.99,1,2026-05-01,0.90,seen only once in the captured window
Booker,263815,,Nozeco Spumante Alcohol Free,6 75cl,L,16.29,1,2026-08-12,0.93,seen only once in the captured window
Booker,270252,,Lakeland UHT Whole Milk,12 1ltr,L,12.99,1,2026-06-27,0.90,seen only once in the captured window
Booker,270254,,Lakeland UHT SSkimmed Milk,12 1ltr,L,12.99,1,2026-06-27,0.90,seen only once in the captured window
Booker,273856,,CL Medium Barn Eggs 180,1 180,,34.99,1,2026-06-27,0.90,seen only once in the captured window
Booker,274528,,Silver Spoon Icing Sugar,1 25kg,kg,31.49,24,2026-09-03,0.90,seen with 2 different pack sizes (125kg; 25kg)
Booker,274649,,Jacks Oranges,1 5pk,each,1.99,1,2026-05-02,0.90,seen only once in the captured window
Booker,275373,,Stork,1 2kg,kg,7.69,1,2026-05-13,0.95,seen only once in the captured window
Booker,275993,,Olmeca Silver Tequila,6 70cl,L,121.09,1,2026-09-02,0.90,seen only once in the captured window
Booker,276895,,Peroni 0%,12 330ml,L,8.99,1,2026-08-05,0.95,seen only once in the captured window
Booker,279173,,Monin Grenadine Syrup,1 ltr,,,1,2026-08-05,0.95,seen only once in the captured window
Booker,288862,,Tanqueray Gin 41.3%,6 70cl,L,98.89,1,2026-09-02,0.90,seen only once in the captured window
Booker,288863,,Tanqueray Gin 41.3%,1 70cl,L,17.59,1,2026-05-06,0.95,seen only once in the captured window
Booker,290125,,CORONA EXTRA NRB,1 10x330m,,10.69,1,2026-08-05,0.95,seen only once in the captured window
Booker,292034,,Bacardi Carta Blanca PM1799,6 70cl,L,76.09,1,2026-05-01,0.90,seen only once in the captured window
Booker,294844,,Roquito Hot Honey,5 720g,kg,20.99,1,2026-07-03,0.93,seen only once in the captured window
Booker,305935,,Arla Pro Unsalted Butter,40 250g,kg,59.99,3,2026-06-27,0.90,seen with 2 different pack sizes (250g; 40250g)
Booker,306263,,25.00 off 250.00 BWS,1 sgl,,,1,2026-09-02,0.90,seen only once in the captured window
Booker,306996,,Capt Morgan Spcd Gold PM1759,1 70cl,L,12.49,1,2026-06-10,0.93,seen only once in the captured window
Booker,312072,,Coca Cola Zero,24 150ml,L,10.49,1,2026-05-01,0.90,seen only once in the captured window
Booker,317557,,Super Prem Washing Up Liquid,3 51,,15.89,1,2026-09-03,0.90,seen only once in the captured window
Booker,483870,,CL Self Raising Flour,1 3kg,kg,2.99,1,2026-06-27,0.90,seen only once in the captured window
Booker,503510,,Absolut Vodka Blue,1 70cl,L,14.99,1,2026-08-12,0.93,seen only once in the captured window
Booker,536193,,Strathmore Spark Water Glass,24 330ml,L,10.89,1,2026-06-03,0.95,seen only once in the captured window
Booker,777359,,Cointreau,6 70cl,L,113.89,1,2026-09-02,0.90,seen only once in the captured window
Booker,951327,,Campari,1 70cl,L,16.49,1,2026-06-24,0.95,seen only once in the captured window
Booker,975813,,Captain Morgans Spiced Rum,1 70cl,L,14.39,1,2026-06-17,0.90,seen only once in the captured window
Booker,BACORO,,BACARDI CARTA ORO GOLD RUM 70CL,70CL,L,21.99,1,2026-08-20,0.95,seen only once in the captured window
Booker,BSCOSTRWB,,BRISTOL SYRUP CO NO.16 STRAWBERRY SHRUB,,,7.99,1,2026-08-20,0.95,seen only once in the captured window
Booker,CHASEAPP,,CHASE RHUBARB AND APPLE GIN 40% 70CL,,L,29.99,1,2026-05-01,0.95,seen only once in the captured window
Booker,MONCHER,,MONIN CHERRY SYRUP 70CL,,L,9.99,1,2026-05-01,0.95,seen only once in the captured window
Booker,MOZWHIT,,MOZART CHOCOLATE WHITE CREAM LIQUEUR,50C,,16.99,1,2026-06-17,0.90,seen only once in the captured window
Booker,WCRASP,,WHITE CLAW HARD SELTZER RASPBERRY,12 X 3,,19.99,1,2026-07-23,0.90,seen only once in the captured window
Brakes,101750,A101750,Diversey D10 Refill Spray Bottle,1 x 6,,36.46,2,2026-06-11,0.90,seen with 2 different pack sizes (6; 6x0.751)
Brakes,10250,,Oranges Medium BB,10 Pack,each,2.6,1,2026-01-14,0.90,seen only once in the captured window
Brakes,10292,"C 10292, C10292",Medium Oranges,10 Pack,each,2.67,106,2026-09-11,0.70,seen with 3 different pack sizes (10; 5; caseqty1)
Brakes,104466,,Vinyl Gloves Blue PF X large GD13XL,1x100,,3.9,1,2026-03-13,0.90,seen only once in the captured window
Brakes,104473,"A 104473, A104473",Whisper Comfort Touch Toilet Roll Luxury,1 x 200 sheet,,21.55,12,2026-09-01,0.90,seen with 3 different pack sizes (200sheet; 40; 4x10)
Brakes,104628,"C 104628, C104628",British Cheese Board,1x840g,kg,17.53,33,2026-09-11,0.90,seen with 2 different pack sizes (840g; 860g)
Brakes,10478,"C 10478, C10478",Limes,6 Pack,each,1.48,145,2026-09-11,0.70,seen with 3 different pack sizes (1kg; 3kg; 6)
Brakes,10515,A10515,Sysco Classic 2 Ply Blue Centrefeed Embossed Kitchen Wipes,1 x 6 (300 sheets),,10.19,3,2026-04-20,0.90,seen with 2 different pack sizes (6; 6300sheets)
Brakes,105856,,Brakes Crisp Puffed Rice,8x800g,kg,22.18,1,2026-01-14,0.90,seen only once in the captured window
Brakes,107570,,Red Exel Microfibre Cloth,1x10,,9.86,1,2025-11-12,0.95,seen only once in the captured window
Brakes,110782,"F 110782, F110782",Sysco Classic GF Carrot Cake,1x14,each,22,61,2026-09-11,0.80,seen with 3 different pack sizes (14; 14ptn; 6)
Brakes,110817,"C 110817, C110817",Sysco Classic Smoked Cheddar Cheese Slices,1 x 1kg (50 slices),kg,14.76,28,2026-09-07,0.80,seen with 2 different pack sizes (1kg; 1kg50slices)
Brakes,11196,"C 11196, C11196",Sysco Classic Tomato Salsa,1kg,kg,7.31,77,2026-09-11,0.80,seen with 3 different pack sizes (1kg; 1kgtub; 24x330ml)
Brakes,11213,"C 11213, C11213",Sysco Classic Houmous Dip,1x1kg,kg,3.96,91,2026-09-11,0.80,seen with 2 different pack sizes (1kg; 1kgtub)
Brakes,113849,,Prosecco Frizz ExDry DOC,6x75cl SPKWINE,L,49.09,1,2025-12-12,0.90,seen only once in the captured window
Brakes,113882,"C 113882, C113882",Herb Large Mint Bunched BB,1x100g,kg,1.3,118,2026-09-11,0.70,seen with 2 different pack sizes (100g; 1kg)
Brakes,114218,"C 114218, C114218",Lemons,5 Pack,each,1.63,79,2026-09-11,0.89,seen with 2 different pack sizes (5; 6)
Brakes,114956,,Freeby Plain White Flour GF,5x1kg,kg,10.56,1,2025-10-08,0.95,seen only once in the captured window
Brakes,115483,"A 115483, A115483",Birra Moretti Lager Beer,24 x 330ml,L,30.89,9,2026-08-10,0.90,seen with 2 different pack sizes (24; 24x330ml)
Brakes,117480,"C 117480, C117480",Guacamole,1x1kg,kg,9.65,81,2026-09-11,0.80,seen with 2 different pack sizes (1kg; 2kg)
Brakes,119330,"A 119330, A119330",Shield Blue Rubber Gloves Large,1 x 12,L,6,13,2026-09-09,0.90,seen with 2 different pack sizes (12; gr03l1x12)
Brakes,119849,,Bar Mix Olives (Pitted),1x1kg,kg,2.51,1,2026-01-16,0.90,seen only once in the captured window
Brakes,120016,A 120016,Drink Me Chai Artisan Dairy Free Chai Latte,1 x 1,kg,14.97,5,2026-04-13,0.90,seen with 2 different pack sizes (1kg1x1; each)
Brakes,124230,"A 124230, A124230",Paclan 100 x 200L Black Compactor Sacks. 610x1168x1067mm. Rated 15KG CHSA. Made using 100% Recycled Material (excluding processing aids).,1 x 100 Sacks,L,16.51,12,2026-08-10,0.90,seen with 2 different pack sizes (100; 100sacks)
Brakes,125459,F 125459,Golden Valley Gluten Free Breaded Chicken Goujons,2 x 1kg (50 approx),kg,19.45,4,2026-04-29,0.90,seen with 2 different pack sizes (2x1kg; 2x1kg50approx)
Brakes,129433,"F 129433, F129433",Wright 6in Unbkd Brit Pork Saus Rol,1x40,kg,50.47,28,2026-09-11,0.90,seen with 2 different pack sizes (40; 40x190g)
Brakes,130801,F 130801,Brakes Vegan Caramelised Biscuit Cake,1 x 14ptn,,18.25,2,2026-01-13,0.90,seen with 2 different pack sizes (14; 14ptn)
Brakes,130803,"F 130803, F130803",Sysco Cl Vegan Choc Fudge Cake,1x16,each,19.3,48,2026-09-11,0.80,seen with 3 different pack sizes (10; 16; 16ptns)
Brakes,130863,,Vitelli Prosecco Brut NV,12x75cl SPKWINE,L,99.09,1,2025-12-08,0.90,seen only once in the captured window
Brakes,130921,A 130921,Bacardi Carta Blanca Rum 37.5% (Cuba),1 x 70cl,L,19.69,2,2026-08-10,0.90,seen with 2 different pack sizes (70cl; 70clsprbox)
Brakes,131395,"A 131395, A131395",Aperol Aperitivo 70cl 11% (Italy),1 x 70cl,L,14.19,19,2026-09-01,0.90,seen with 2 different pack sizes (70cl; 70clsprbox)
Brakes,133684,,Sysco Classic 2 Ply Blue Centref,1x6,,4.7,1,2026-01-17,0.90,seen only once in the captured window
Brakes,133752,,Super Rinse Aid,2x5ltr,L,12.92,1,2025-10-06,0.90,seen only once in the captured window
Brakes,133833,,3 Ply IIR Face Covering (Mask) DK01,1x50,,3.77,1,2026-03-05,0.95,seen only once in the captured window
Brakes,134255,,Sysco Ess Blackcurrant Squash NAS,5ltr,L,5.31,1,2025-11-14,0.95,seen only once in the captured window
Brakes,134555,A134555,Bacardi Spiced Rum 35% (Puerto Rico)*,1 x 70cl,L,18.19,2,2026-09-02,0.90,seen with 2 different pack sizes (70cl; 70clsprbox)
Brakes,135093,"A 135093, A135093",DaVinci Sugar Free Caramel Syrup,1 x 1ltr,L,6.36,15,2026-07-13,0.90,seen with 2 different pack sizes (1l; ixil)
Brakes,135126,"F 135126, F135126",La Boulangerie Ready to Bake Pain au Chocolat,48 x 75g,kg,25.13,18,2026-09-07,0.80,seen with 2 different pack sizes (48; 48x75g)
Brakes,135127,"F 135127, F135127",La Boulangerie Ready to Bake Straight All Butter Croissant,50 x 60g,kg,19.87,15,2026-09-07,0.80,seen with 2 different pack sizes (50; 50x60g)
Brakes,135192,"A 135192, A135192",Whisper Green Toilet Roll 2Ply,10x4,L,16.32,16,2026-09-11,0.90,seen with 3 different pack sizes (10x4; 2ply10x4; 2x5l)
Brakes,135573,,Brake Essentials Washing Up Liquid,2x5l,L,8.24,1,2026-01-16,0.90,seen only once in the captured window
Brakes,135584,"A 135584, A135584",Sysco Classic 2 Ply Blue Centrefeed,1x6,kg,9.03,136,2026-09-11,0.80,seen with 3 different pack sizes (24x200g; 6; 8)
Brakes,136373,"A 136373, A136373",Brakes Essentials Washing Up Liquid,2 x 5ltr,L,9.16,89,2026-09-08,0.80,seen with 3 different pack sizes (10each; 2x51; 2x5l)
Brakes,136378,"A 136378, A136378",Brakes Essentials Floor Cleaner,8 x 1ltr,L,13.99,19,2026-09-08,0.90,seen with 2 different pack sizes (10x4; 8x1l)
Brakes,136380,"A 136380, A136380",Brakes Essentials Antibacterial Hand Wash,2 x 5ltr,L,10.28,7,2026-04-29,0.90,seen with 2 different pack sizes (2x51; 2x5l)
Brakes,136388,"A 136388, A136388",Brakes Essentials Non-Biological Laundry Detergent,2 x 5ltr,L,20.15,36,2026-07-21,0.90,seen with 2 different pack sizes (2x51; 2x5l)
Brakes,136707,,Brake Essent Glass & S/S Cleaner,6x750ml,L,9.23,1,2026-03-16,0.95,seen only once in the captured window
Brakes,146271,,Yorkshire Tea Decaf Tag & Env,1x200,,14.48,1,2025-12-10,0.90,seen only once in the captured window
Brakes,148639,A148639,MONIN Premium Caramel Syrup,1tr 1 x 1 ltr,L,10.7,5,2026-06-11,0.90,seen with 2 different pack sizes (1l; 1tr1x1l)
Brakes,148641,"A 148641, A148641",MONIN Premium Vanilla Syrup 1ltr,1 x 1 ltr,L,9.09,13,2026-07-21,0.90,seen with 2 different pack sizes (1l; 1l1x1l)
Brakes,149358,,Sysco Simply Veg Tagine Tart,18x220g,kg,46.99,1,2025-12-08,0.90,seen only once in the captured window
Brakes,149991,"F 149991, F149991",LaBo Sticky Caramel Cake,1x14,,26.97,55,2026-09-11,0.80,seen with 2 different pack sizes (14; 14ptn)
Brakes,150213,"F 150213, F150213",Cheese Pickers Halloumi Fries,1x1kg,kg,23.14,49,2026-09-11,0.80,seen with 2 different pack sizes (180; 1kg)
Brakes,150466,,Large Lemon BB,1x5,,2.51,1,2026-08-13,0.95,seen only once in the captured window
Brakes,150624,"A 150624, A150624",Lion Ranch Dressing,2x5L,L,9.43,10,2026-08-12,0.90,seen with 3 different pack sizes (2.271tr; 2.27l; 2x5l)
Brakes,150628,,Baby Plum Tomatoes BB,1x250g,kg,1.04,1,2026-03-06,0.90,seen only once in the captured window
Brakes,150802,"F 150802, F150802",Wildfarmed Sliced Sour Wht Bloomer,8x800,kg,39.4,3,2026-02-09,0.90,seen with 2 different pack sizes (8x800; 8x800g)
Brakes,151084,"C 151084, C151084","Flora Unsalted 79% Fat Butter Alternative, 200g",24 x 200g,kg,26.99,31,2026-09-02,0.90,seen with 2 different pack sizes (24x200g; 2kg)
Brakes,151400,"C 151400, C151400",Fresh Kitchen Hot Honey Sauce,1 x 1kg,kg,13.08,21,2026-08-10,0.90,seen with 2 different pack sizes (18; 1kg)
Brakes,151558,A151558,Paclan 20 Rolls x 10 100L Leak Resistant Compostable Bin Liners. 790x1050mm 100% EN13232 Certified,20 x 10 Sacks,L,67.96,2,2026-04-02,0.90,seen with 2 different pack sizes (20x10; 20x10sacks)
Brakes,152273,"A 152273, A152273",Paclan 80 Heavy Duty All-Purpose Refuse Sacks,1 x 80 Sacks,L,11.61,13,2026-08-10,0.90,seen with 2 different pack sizes (80; 80sacks)
Brakes,152572,,Keystone Manual Dish Uni,2x5L,L,23.23,1,2026-08-13,0.95,seen only once in the captured window
Brakes,178,,Brake Unsalted Butter,40x250g,kg,60.95,1,2026-01-17,0.90,seen only once in the captured window
Brakes,213122,,Harrogate Spa Still Water F/Cap,24x500ml,L,7.48,1,2026-03-20,0.90,seen only once in the captured window
Brakes,21357,"A 21357, A21357",Black Sack Compactor (P B111),100x1,L,29.1,49,2026-09-11,0.90,seen with 2 different pack sizes (100sacks; 100x1)
Brakes,21957,"A 21957, A21957",Wrapmaster 4500 PVC Cling Film Refill Rolls - 45cm x 300m x 3,1 x 3 rolls,,43.74,15,2026-09-02,0.90,seen with 2 different pack sizes (3rolls; 3x45cmx300m)
Brakes,23176,,Stork SB,2kg,kg,3.88,1,2026-01-17,0.90,seen only once in the captured window
Brakes,23178,"C 23178, C23178",Stork,2kg,kg,6.56,182,2026-09-11,0.70,seen with 4 different pack sizes (102kg; 15dzn; 25kg; 2kg)
Brakes,24311,,Tetley Mint Fusion Env Tea,6x25,,8.99,1,2025-12-10,0.90,seen only once in the captured window
Brakes,25321,,Kenco Smooth Instant Coffee Tin,1x750g,kg,22.74,1,2025-10-08,0.90,seen only once in the captured window
Brakes,27126,"A 27126, A27126",R White's Premium Lemonade,24 x 330ml,L,10.63,18,2026-09-01,0.90,seen with 2 different pack sizes (24; 24x330ml)
Brakes,27546,,Yorkshire Tea Bags,2x1040,,63.06,1,2025-12-10,0.90,seen only once in the captured window
Brakes,27640,A27640,Colman's Dijon Mustard,1 x 2.25ltr,L,15.81,3,2026-04-27,0.90,seen with 2 different pack sizes (2.251tr; 2.25l)
Brakes,28060,,Vinyl Gloves Clear Lge PF GD09L,1x100,L,10.84,1,2026-01-16,0.90,seen only once in the captured window
Brakes,28390,,Vinyl Gloves Clear Med PF GD09M,1x100,,5.69,1,2026-01-17,0.90,seen only once in the captured window
Brakes,28625,"A 28625, A28625",Harrogate Still,24 x 500ml,L,7.9,11,2026-09-02,0.90,seen with 2 different pack sizes (100g; 24x500ml)
Brakes,28990,A 28990,Paclan Black Compactor Sacks. 457x737x838mm,1 x 200 Sacks,,11.29,7,2026-04-20,0.90,seen with 2 different pack sizes (200; 200sacks)
Brakes,301,"A 301, A301",Brakes Caster Sugar,1x25kg,kg,27.42,158,2026-09-11,0.80,seen with 3 different pack sizes (1kg; 24x330ml; 25kg)
Brakes,30320,"F 30320, F30320",La Boulangerie Ready to Bake Pain aux Raisins,36 x 96g,kg,22.64,17,2026-09-07,0.80,seen with 2 different pack sizes (36; 36x96g)
Brakes,31205,"F 31205, F31205",La Boulangerie Ready to Bake Almond Croissants,48 x 95g,kg,51.25,22,2026-09-07,0.80,seen with 3 different pack sizes (48; 48x95g; 95g)
Brakes,32783,"F 32783, F32783",Sysco Chicken Strips in Crispy Coat,1x2kg,kg,17.52,69,2026-09-11,0.80,seen with 3 different pack sizes (2kg; 2kgapprox80; 3kg)
Brakes,33325,,Blueberries,1x1kg,kg,5.99,1,2025-12-12,0.90,seen only once in the captured window
Brakes,34030,A 34030,Brakes White Sugar Sticks,1x1000,,8.67,3,2026-03-16,0.80,seen with 2 different pack sizes (1000; 2.5gx1000)
Brakes,34244,,Sysco CI Mini Danish Assortment,5x24,,63.11,1,2026-09-11,0.95,seen only once in the captured window
Brakes,35023,,Sysco Classic Baking Powder,1x800g,kg,5.52,1,2025-12-11,0.93,seen only once in the captured window
Brakes,4111,"F 4111, F4111",Brake Fruits Of The Forest Mix,1kg,kg,10.07,81,2026-09-11,0.80,seen with 2 different pack sizes (1kg; 2kg)
Brakes,450610,"C 450610, C450610",Strawberries BB,1x400g,kg,3.66,75,2026-09-11,0.80,seen with 2 different pack sizes (1kg; 400g)
Brakes,450671,"C 450671, C450671",Beef Tomatoes,1 x 5,each,3.84,25,2026-09-07,0.80,seen with 2 different pack sizes (5; 5pack)
Brakes,450810,,rries BB,1x300g,kg,4.42,1,2026-01-14,0.90,seen only once in the captured window
Brakes,5001480,A 5001480,Noble 15 Dozen British Fresh Medium Eggs,1 x 180,,31.99,8,2026-01-17,0.90,seen with 2 different pack sizes (15dozen; 180)
Brakes,5001527,"C 5001527, C5001527",Raspberries,1 x 225g,kg,4.75,24,2026-09-09,0.90,seen with 2 different pack sizes (225g; 300g)
Brakes,5009592,A5009592,Funkin Pure Pour Lime,1kg 1 x 1kg,kg,7.49,2,2026-06-11,0.90,seen with 2 different pack sizes (1kg; 1kg1x1kg)
Brakes,5024962,,Funkin Sugar Syrup,1x700ml,L,,1,2026-03-06,0.95,seen only once in the captured window
Brakes,5025581,,Sysco Essentials Bleach,1x2.27ltr,L,9.09,1,2026-08-12,0.95,seen only once in the captured window
Brakes,555010,A 555010,Diversey D10 Suma Bac Cleaner Sanitiser,2 x 5ltr,L,48.15,2,2026-01-17,0.90,seen with 2 different pack sizes (2x5l; 2x5lt)
Brakes,555634,"A 555634, A555634",Removable ShelfLife Label 4x2in CE,1x500,,7.23,28,2026-09-10,0.90,seen with 3 different pack sizes (1roll500; 4x2ince1x500; 500)
Brakes,5874,"A 5874, A5874",Sysco Classic Flaked Almonds,1x1kg,kg,9.99,48,2026-09-10,0.89,seen with 2 different pack sizes (16; 1kg)
Brakes,58919,"F 58919, F58919",Sysco Classic Garlic Oval Flatbread,1x18,kg,17.67,41,2026-09-11,0.90,seen with 3 different pack sizes (18; 225g; 3x6x225g)
Brakes,591018,A591018,Princess Marshmallows Pink & White Catering Pack,4 x 500g,kg,15.11,3,2026-03-30,0.90,seen with 2 different pack sizes (192104x500g; 4x500g)
Brakes,591130,"A 591130, A591130",Shield Blue Rubber Gloves Medium,1 x 12,,6.79,28,2026-09-09,0.90,seen with 2 different pack sizes (1193291x12; 12)
Brakes,591182,A591182,Broom Soft Yellow 30cm OC 125120,1x1ea,each,4.47,6,2026-08-12,0.80,seen with 2 different pack sizes (1each; each)
Brakes,591184,"A 591184, A591184",Sponge Scourer,1 x 10,each,1.69,90,2026-09-09,0.80,seen with 6 different pack sizes (10; 10each; 125122; 1251221x10each; 1each; 6)
Brakes,591188,A591188,135cm RHP Handle Yellow,1 x 1,each,3.49,2,2026-06-11,0.90,seen with 2 different pack sizes (1each; each)
Brakes,591194,,Green Sponge Scour Hgrip OC125148,1x10ea,each,2.23,1,2026-02-09,0.95,seen only once in the captured window
Brakes,591248,"C 591248, C591248",Blueberries,1 x 300g,kg,5.03,26,2026-09-07,0.80,seen with 2 different pack sizes (300g; 400g)
Brakes,62730,"F 62730, F62730",BH Cheese Twist (151126),1x50,kg,50.4,12,2026-09-11,0.80,seen with 2 different pack sizes (50; 50x90g)
Brakes,67485,,Delifrance Vegan Croissant (19401),1x56,,21.97,1,2025-12-12,0.90,seen only once in the captured window
Brakes,70008,"C 70008, C70008",Sysco Classic Gammon Ham Sliced.,454g,kg,10.64,37,2026-09-11,0.80,seen with 3 different pack sizes (454; 454g; 454gav.12slices)
Brakes,70327,"A 70327, A70327",Wholesome Farm FR Med Shel Eggs,1x15 Dzn,kg,38.48,86,2026-09-11,0.90,seen with 3 different pack sizes (15dzn; 180; 2kg)
Brakes,70527,,Wholesome Farm FR Med Shel Eggs,1x15 Dzn,,37,1,2026-01-16,0.90,seen only once in the captured window
Brakes,70893,"A 70893, A70893",Staveleys Med Eggs Shell On 15Doz,1x180,kg,39.25,79,2026-09-11,0.70,seen with 5 different pack sizes (15doz1x180; 15dozen; 15dozen1x180; 180; 500g)
Brakes,71123,"C 71123, C71123",Arla Pro Instant Whipped UHT Aerosol Cream,1 x 500g,kg,4.32,51,2026-09-08,0.90,seen with 2 different pack sizes (3; 500g)
Brakes,71917,"C 71917, C71917",Sysco Classic Sliced Emmental,1x500g,kg,12.06,31,2026-09-11,0.80,seen with 2 different pack sizes (500g; 500g25slices)
Brakes,74088,,Unsalted Butter (70055),20x250g,kg,37.09,1,2026-04-20,0.90,seen only once in the captured window
Brakes,743,"A 743, A743",Diet Coke,24x330ml,L,12.99,29,2026-09-11,0.90,seen with 3 different pack sizes (24x330ml; 24x500ml; 25kg)
Brakes,84497,"A 84497, A84497",Brakes Pizza Sauce Pouch,1x3Kg,kg,7.62,47,2026-09-11,0.90,seen with 3 different pack sizes (14; 1kg; 3kg)
Brakes,84908,,Rob Apple/Black NAS Doub Conc,2x1.75ltr,L,6.5,1,2026-03-02,0.95,seen only once in the captured window
Brakes,86647,"A 86647, A86647",Baking Parch Refill45cmx50m(cs)21C32,1x3,L,35.42,75,2026-09-11,0.80,seen with 6 different pack sizes (21c321x3; 3; 3rolls; 45cmx50mcs21c32; 45cmx50mx3; 8x1l)
Brakes,86691,"A 86691, A86691",Professional Honeycomb Tea Towel,1 x 10,,9.72,6,2026-04-13,0.80,seen with 2 different pack sizes (10; 76cmx50cm1x10)
Brakes,86972,"A 86972, A86972",House Recipe Classic Sweet Chilli Dipping Sauce,1 x 1ltr,L,2.9,8,2026-09-08,0.90,seen with 2 different pack sizes (1l; 1l1x1l)
Brakes,87722,"A 87722, A87722",Paclan 100 x 150L Extra Heavy Duty Black Compactor Sacks. 483x965x1168mm. Rated 20KG CHSA. Made using 100% Recycled Material (excluding processing aids).,1 x 100 Sacks,L,23.3,9,2026-07-21,0.90,seen with 2 different pack sizes (100; 100sacks)
Brakes,88289,A 88289,Brakes White 2ply Napkin,2 x 300,,9.02,2,2026-04-27,0.90,seen with 2 different pack sizes (2x300; 33cm2x300)
Brakes,88315,,Brks 3Ply 40cm White Napkin,2x250Cs,,22.58,1,2025-10-06,0.90,seen only once in the captured window
Brakes,88445,"A 88445, A88445","Whisper Ultra Toilet Roll, 3 Ply, 160 Sheets",10 x 4,,30.72,14,2026-08-10,0.90,seen with 2 different pack sizes (10x4; 3ply10x4)
Brakes,88533,"A 88533, A88533",Coca-Cola Zero Sugar,24 x 330ml,L,13.01,21,2026-09-01,0.90,seen with 2 different pack sizes (24; 24x330ml)
Brakes,88982,,Kettle Mat Cheddar & Red Onion,1x18x40g,,,1,2025-10-06,0.90,seen only once in the captured window
Brakes,89703,"A 89703, A89703",Sysco Classic Real Mayonnaise,1 x 2.2ltr,L,6.15,14,2026-09-02,0.90,seen with 2 different pack sizes (2.21l; 2.2l)
Brakes,89843,"A 89843, A89843",Stainless Steel Scourer,1 x 10,kg,4.25,54,2026-09-09,0.90,seen with 3 different pack sizes (10; 40g824401x10; 824401x10)
Brakes,A 101920,,Sysco Classic Heavy Duty Blue Cloth,1x25,,6.78,1,2025-11-15,0.90,seen only once in the captured window
Brakes,A 107642,,Sysco Classic 2 Ply Blue Centrefeed Kitchen Wipes,1 x 6,,16.86,1,2026-08-12,0.90,seen only once in the captured window
Brakes,A 109441,,Hudson's Real Mayonnaise,1 x 1ltr,L,2.79,1,2026-06-09,0.90,seen only once in the captured window
Brakes,A 125128,,Scrubbing Brush 30cm Blue,1 x 1,,3.14,1,2026-01-13,0.80,seen only once in the captured window
Brakes,A 126924,,Sysco Classic Vegan Mayonnaise,1 x 1ltr,L,2.86,1,2026-05-11,0.93,seen only once in the captured window
Brakes,A 133754,,Super Professional Cabinet Glasswash,2 x 5ltr,L,16.09,1,2026-08-12,0.90,seen only once in the captured window
Brakes,A 135094,,DaVinci Sugar Free Hazelnut Syrup,1 x 1ltr,,,1,2026-04-06,0.90,seen only once in the captured window
Brakes,A 148636,,MONIN Premium Caramel Sugar Free Syrup,1ltr,L,10,1,2026-08-10,0.90,seen only once in the captured window
Brakes,A 150480,,Coca-Cola Zero Sugar Lemon 330ml Can,24x330ml,L,,1,2025-11-15,0.90,seen only once in the captured window
Brakes,A 150954,,Dettol Power & Pure Disinfectant Degreaser Kitchen Spray - 1L,6 x 1 ltr,L,14.9,1,2026-05-15,0.90,seen only once in the captured window
Brakes,A 151561,,Sysco Earth Plus Wooden Coffee Stirrer 190mm,10 x 100,,5.73,1,2026-06-09,0.90,seen only once in the captured window
Brakes,A 151562,,Sysco Earth Plus Wooden Fork 160mm*,10 x 100,,15.18,1,2026-06-09,0.90,seen only once in the captured window
Brakes,A 152553,,Keystone Laundry Detergent,2 x 5ltr,L,34.5,1,2026-08-12,0.90,seen only once in the captured window
Brakes,A 152603,,Sephra Belgian White Couverture Chocolate,1 x 2.5kg,kg,30.79,1,2026-06-11,0.90,seen only once in the captured window
Brakes,A 26448,,The Juice Cranberry Juice Drink,12 x 1ltr,,16.09,1,2026-02-13,0.90,seen only once in the captured window
Brakes,A 2911,,Hartley's Assorted Jam Portions,100 x 20g,kg,13.22,1,2026-01-15,0.90,seen only once in the captured window
Brakes,A 5003653,,Sysco Classic Extra Virgin Olive Oil,1 x 1ltr,L,6.57,1,2026-09-01,0.90,seen only once in the captured window
Brakes,A 5008945,,Sysco Classic Salsa Topping,1 x 920g,kg,3.98,1,2025-11-10,0.90,seen only once in the captured window
Brakes,A 5025593,,Sysco Essentials Glass & Stainless Steel Cleaner 750ml,6 x 750ml,L,10.14,1,2026-07-21,0.90,seen only once in the captured window
Brakes,A 5025702,,Sysco Essentials Toilet Cleaner,6 x 1ltr,L,6.5,1,2026-08-12,0.90,seen only once in the captured window
Brakes,A 5028950,,Poppies Napkin 2ply 32cm White,16x125,,30.16,1,2026-07-21,0.90,seen only once in the captured window
Brakes,A 591186,,137cm RHP Handle Blue,1 x 1,,4.19,1,2026-01-13,0.80,seen only once in the captured window
Brakes,A 591187,,137cm RHP Handle Red,1 x 1,,4.19,1,2026-01-13,0.80,seen only once in the captured window
Brakes,A 591189,,Scrubbing Brush 30cm Red,1 x 1,,3.14,1,2026-01-13,0.80,seen only once in the captured window
Brakes,A 591252,,Dettol Multi Purpose Citrus Cleaner - 4L,3 x 4l,L,21.29,1,2026-09-08,0.90,seen only once in the captured window
Brakes,A 82236,,Tetley Pure Green String & Tag envelope,6 x 25,,8.99,1,2026-07-21,0.90,seen only once in the captured window
Brakes,A 85120,,Sysco Classic Salt,1 x 3kg,kg,4.82,1,2026-08-12,0.90,seen only once in the captured window
Brakes,A100256,,Brakes Walnut Halves,1 x 1kg,kg,18.82,1,2025-11-14,0.90,seen only once in the captured window
Brakes,A106934,,Rubber Apron,1 x 1,,,1,2026-04-07,0.90,seen only once in the captured window
Brakes,A125283,,eGreen White Paper Straw 200mm,1 x 250,,3.35,1,2026-06-09,0.90,seen only once in the captured window
Brakes,A129918,,Tyrrells Lightly Sea Salted Crisps 40g,24 x 40g,kg,,1,2026-06-09,0.90,seen only once in the captured window
Brakes,A133921,,Skittles Chewy Sweets Bag Fruit Flavoured,15 x 136g,kg,16.09,1,2026-07-21,0.90,seen only once in the captured window
Brakes,A135812,,Dettol Original Antibacterial Surface Spray - 1L,6 x 1ltr,L,14.83,1,2026-03-30,0.90,seen only once in the captured window
Brakes,A151288,,Oatly Barista Edition Oat Drink,6 x 1.5ltr,L,16.37,1,2026-07-15,0.90,seen only once in the captured window
Brakes,A152602,,Sephra Belgian Dark Couverture Chocolate,1 x 2.5kg,kg,31.77,1,2026-03-30,0.90,seen only once in the captured window
Brakes,A2351,,Fermipan Yeast,1 x 500g,kg,4.68,1,2026-07-21,0.90,seen only once in the captured window
Brakes,A5020338,,Cadbury Mini Eggs Chocolate Bag,24 x 74g,,,1,2026-04-08,0.90,seen only once in the captured window
Brakes,A5025700,,Sysco Essentials Rinse Aid,2 x 5ltr,L,9.79,1,2026-07-13,0.90,seen only once in the captured window
Brakes,A508,,Cadbury Drinking Hot Chocolate,1 x 5kg,kg,38.35,1,2026-03-30,0.90,seen only once in the captured window
Brakes,C 103552,,Gourmet Salad Mix,1 x 250g,kg,2.21,1,2026-06-11,0.90,seen only once in the captured window
Brakes,C 119367,,Premium Baby Leaf Salad,4 x 250g,kg,,1,2026-04-13,0.90,seen only once in the captured window
Brakes,C 18421,,Green Valley Dairy Full Fat Soft Cheese,1 x 2kg,kg,,1,2025-11-10,0.90,seen only once in the captured window
Brakes,C 450124,,Limes,1 x 4kg,kg,11.79,1,2026-07-21,0.90,seen only once in the captured window
Brakes,C10312,,Large Oranges,1 x 5,,2.6,1,2025-11-14,0.90,seen only once in the captured window
Brakes,C10533,,Lemons,1 x 10kg (aprox 84),kg,16.01,1,2026-07-15,0.90,seen only once in the captured window
Brakes,C136440,,British Basil,1 x 100g,kg,2.02,1,2026-07-15,0.90,seen only once in the captured window
Brakes,F 5024519,,Calippo Strawberry,1 x 24,,21.49,1,2026-07-21,0.90,seen only once in the captured window
Brakes,F135124,,La Boulangerie All Butter Croissants,48 x 70g,kg,27.36,1,2026-07-21,0.90,seen only once in the captured window
Brakes,F136160,,Ice Club Crushed Ice,5 x 1.8kg,kg,3.63,1,2025-12-10,0.90,seen only once in the captured window
Brakes,F67652,,Schulstad Cinnamon Swirl,48 x 86g,kg,28.9,1,2026-08-10,0.90,seen only once in the captured window
Culpitt,02938,,EDIBLE-RENSHAW-PROF SP-TEDDY BROWN,250g,kg,24.19,1,2026-06-08,0.90,seen only once in the captured window
Culpitt,02944,,EDIBLE-RENSHAW-PROF SP-LINCOLN GRN-250g,250g,kg,21.21,1,2026-09-04,0.95,seen only once in the captured window
Culpitt,02948,,EDIBLE-RENSHAW-PROF SP-EMERALD GRN,250g,kg,23.57,1,2026-09-08,0.95,seen only once in the captured window
Culpitt,02958,,EDIBLE-RENSHAW-PROF SP-LINCOLN GREEN,1kg,kg,44.84,1,2026-09-01,0.90,seen only once in the captured window
Culpitt,07311313529,,SHIPPING,,,1,1,2026-06-02,0.95,seen only once in the captured window
Culpitt,21M-MBBL10,,SUGAR PASTE-M&B-BLUE,4 x 2.5kg,kg,25.04,15,2026-09-14,0.90,seen with 2 different pack sizes (2.5kg; 4x2.5kg)
Culpitt,21M-MBBR10,,SUGAR PASTE-M&B-BROWN,4 x 2.5kg,kg,28.17,15,2026-07-07,0.90,seen with 2 different pack sizes (2.5kg; 4x2.5kg)
Culpitt,21M-MBGN10,,SUGAR PASTE-M&B-GREEN,4 x 2.5kg,kg,44.58,28,2026-09-01,0.90,seen with 2 different pack sizes (2.5kg; 4x2.5kg)
Culpitt,21M-MBRE10,,SUGAR PASTE-M&B-RED,4 x 2.5kg,kg,35.67,28,2026-09-14,0.90,seen with 2 different pack sizes (2.5kg; 4x2.5kg)
Culpitt,21M-MBYE10,,SUGAR PASTE-M&B-YELLOW,4 x 2.5kg,kg,25.04,34,2026-09-14,0.90,seen with 2 different pack sizes (2.5kg; 4x2.5kg)
Culpitt,27C-109,,COLOUR-COLOUR MILL-CHOCOLATE,20ml,L,4.95,1,2026-09-01,0.90,seen only once in the captured window
Culpitt,27C-134,,COLOUR-COLOUR MILL-RED,20ml,L,3.96,1,2026-06-19,0.96,seen only once in the captured window
Culpitt,27C-145,,COLOUR-COLOUR MILL-YELLOW,20ml,L,3.96,1,2026-06-19,0.96,seen only once in the captured window
Culpitt,75056,,COLOUR-CSP-GEL-LEMON,25g,kg,6.15,1,2026-06-11,0.96,seen only once in the captured window
Culpitt,75060,,COLOUR-CSP-GEL-VIOLET,25g,kg,6.16,1,2026-06-11,0.96,seen only once in the captured window
Culpitt,75065,,COLOUR-CSP-GEL-NAVY BLUE,25g,kg,6.15,1,2026-06-11,0.96,seen only once in the captured window
Culpitt,75069,,COLOUR-CSP-GEL-RED,25g,kg,6.14,1,2026-06-11,0.96,seen only once in the captured window
Culpitt,75076,,COLOUR-CSP-GEL-DARK BROWN,25g,kg,6.14,1,2026-06-11,0.96,seen only once in the captured window
Culpitt,CES10,,"CARD-CUT EDGE-SQ-SILVER-254mm (10"")","254mm (10"")",,15.89,3,2026-07-15,0.90,seen with 2 different pack sizes (10; 254mm10)
Culpitt,SHIPPING,,SHIPPING,,,5.95,1,2026-06-15,0.95,seen only once in the captured window
JMPosner,315/22,,JMP Luxury White Chocolate 33% (Rainforest Alliance Cocoa MB),10KG,kg,123.26,1,2025-10-09,0.95,seen only once in the captured window
JMPosner,41118/C121B,,Micro Dark Chocolate Choco Chip,10 (2x6KG),kg,130.46,1,2026-01-17,0.95,seen only once in the captured window
JMPosner,41171,,JMP Luxury Dark Chocolate 62% (Rainforest Alliance Cocoa MB),10KG,kg,125.96,1,2025-10-09,0.95,seen only once in the captured window
JMPosner,BL41172C5,,Blanxart Raval Dark Chocolate 71%,5KG Bag,kg,85.46,1,2026-01-18,0.90,seen only once in the captured window
JMPosner,SKU00128,,JMP Dairy Free alternative to Dark Chocolate,2kg,kg,37.15,1,2026-03-26,0.95,seen only once in the captured window
JMPosner,SKU00378,,JMP Dairy Free alternative to Milk Chocolate,2kg,kg,37.15,1,2026-03-26,0.95,seen only once in the captured window
JMPosner,SKU00506,,Luxury Dark Chocolate,10KG,kg,111.6,1,2026-02-05,0.90,seen only once in the captured window
JMPosner,SKU00621,,JMP Belgian White Chocolate 33.5%,1X10KG Bag,kg,92.95,1,2026-06-05,0.95,seen only once in the captured window
JMPosner,SKU00627,,JMP Belgian Milk Chocolate 38.7% Bag,10KG,kg,102.3,4,2026-03-26,0.90,seen with 2 different pack sizes (10kg; 10kgbag)
JMPosner,SKU00628,,Crumb: JMP Dark Cookie Crumb Bag,1kg,kg,8.64,38,2026-09-11,0.90,seen with 2 different pack sizes (1kg; 1kgbag)
JMPosner,SV00020,,Shipping UK Pacel Network NEW,,,6.62,1,2025-11-25,0.95,seen only once in the captured window
LWC Drinks,26120023,,CORONA EXTRA,24X330ML NRB,L,26.99,7,2026-08-12,0.95,seen with 2 different pack sizes (24x330ml; 24x330mlnrb)
LWC Drinks,26680023,,Birra Moretti,24X330ML NRB,L,25.99,5,2026-08-12,0.95,seen with 2 different pack sizes (24x330ml; 24x330mlnrb)
LWC Drinks,27792322,,FEVERTREE SODA WATER,24X200ML,L,17.17,12,2026-08-24,0.90,seen with 2 different pack sizes (24x200ml; 24x200mlnrb)
LWC Drinks,28062129,,KOPPARBERG MF,15X500ML NRB,L,27.99,4,2026-07-27,0.95,seen with 2 different pack sizes (15x500ml; 15x500mlnrb)
LWC Drinks,28100748,,KOPPARBERG SL,15X500ML NRB,L,27.99,4,2026-07-27,0.95,seen with 2 different pack sizes (15x500ml; 15x500mlnrb)
LWC Drinks,30059472,,UKIYO YUZU GIN 70CL,,L,36.65,1,2026-05-31,0.95,seen only once in the captured window
LWC Drinks,30242347,,BUFFALO TRACE BOURBON,70CL,L,19.19,1,2026-07-14,0.95,seen only once in the captured window
LWC Drinks,32160047,,TANQUERAY LONDON DRY GIN,70cl NRB,L,16.99,3,2026-08-28,0.90,seen with 2 different pack sizes (70cl; 70clnrb)
LWC Drinks,35130148,,CHASE RHU N BRAM APP GIN 70CL,,L,41.07,1,2026-06-15,0.95,seen only once in the captured window
LWC Drinks,35320047,,ABSOLUT VODKA,70CL,L,15.99,1,2026-07-27,0.95,seen only once in the captured window
LWC Drinks,36030047,,AMARETTO DISARONNO,70cl NRB,L,17.99,2,2026-08-28,0.90,seen with 2 different pack sizes (70cl; 70clnrb)
LWC Drinks,36040047,,BAILEYS IRISH CREAM 70CL,,L,12.21,1,2026-06-15,0.95,seen only once in the captured window
LWC Drinks,36080047,,Cointreau l'Unique,70cl NRB,L,22,3,2026-08-28,0.90,seen with 2 different pack sizes (70cl; 70clnrb)
LWC Drinks,36150053,,Olmeca Silver Tequila,70CL,L,20.49,1,2026-08-24,0.95,seen only once in the captured window
LWC Drinks,36250560,,MONIN CHAI TEA 70CL,,L,9.42,1,2026-05-31,0.95,seen only once in the captured window
LWC Drinks,36251429,,TEISSEIRE CANE SUGAR 1L,,L,7.96,1,2026-05-31,0.95,seen only once in the captured window
LWC Drinks,36261127,,Monin Cherry,70CL,L,9.42,1,2026-07-14,0.95,seen only once in the captured window
LWC Drinks,36531651,,STROVKA VODKA SPIRIT 70CL,,L,8.65,1,2026-05-31,0.95,seen only once in the captured window
LWC Drinks,37390042,,ANGOSTURA BITTERS 20CL,,L,15.01,1,2026-05-31,0.95,seen only once in the captured window
LWC Drinks,40101350,,CHAMPAGNE CHARLES JOUBERT NV,75CL,L,22.22,1,2026-05-27,0.95,seen only once in the captured window
LWC Drinks,46125215,,CASTELLI PROSECCO SPUM DOC,75CL,L,8.36,1,2026-08-10,0.95,seen only once in the captured window
LWC Drinks,46125216,,I CASTELLI PINOT GRIGIO DOC,75cl NRB,L,6.79,10,2026-08-28,0.90,seen with 2 different pack sizes (75cl; 75clnrb)
LWC Drinks,47905001,,SEA CHANGE PINOT GRIGIO,75CL,L,9.29,1,2026-07-27,0.95,seen only once in the captured window
LWC Drinks,47905003,,Sea Change Pinot Grigio Rose,75C,L,7.99,18,2026-09-09,0.90,seen with 3 different pack sizes (75c; 75cl; 75clnrb)
LWC Drinks,49740018,,FAMIGLIA BOTTER PROSECCO EXTRA DRY,75CL,L,8.36,57,2026-09-12,0.90,seen with 2 different pack sizes (75cl; 75clnrb)
LWC Drinks,50006281,,BRISTOL SYRUP RASPBERRY 75CL,,L,8,1,2026-05-31,0.95,seen only once in the captured window
LWC Drinks,50006287,,BRISTOL GRENADINE SYRUP 75CL,,L,7,1,2026-05-31,0.95,seen only once in the captured window
LWC Drinks,51110020,,FEVERTREE LIGHT TONIC,24X200ML,L,17.81,1,2026-05-20,0.95,seen only once in the captured window
LWC Drinks,51140012,,MARLISH STILL WATER NRB,24X330ML,L,10.49,4,2026-08-12,0.95,seen with 2 different pack sizes (24x330ml; 24x330mlnrb)
LWC Drinks,51140032,,MARLISH SPARK WATER,24X330ML NRB,L,10.49,3,2026-07-27,0.95,seen with 2 different pack sizes (24x330ml; 24x330mlnrb)
LWC Drinks,51230065,,LOND ESS ROAST PINEAPPL SODA WATER NRB,24X200ML,L,18.99,27,2026-09-10,0.90,seen with 2 different pack sizes (24x200ml; 24x200mlnrb)
LWC Drinks,51424153,,KULANA APPLE JUICE,12X1LTR,L,16.22,1,2026-07-06,0.95,seen only once in the captured window
LWC Drinks,58310023,,Coca Cola,24X330ML CAN,L,14.99,3,2026-07-27,0.90,seen with 2 different pack sizes (24x330ml; 24x330mlcan)
LWC Drinks,58320023,,Diet Coke,24 x 330ml Can,L,12.49,3,2026-07-22,0.90,seen with 2 different pack sizes (24x330ml; 24x330mlcan)
LWC Drinks,58920349,,SUNPRIDE PINEAPPLE TETRA,12X1L,L,19.99,1,2026-08-24,0.95,seen only once in the captured window
LWC Drinks,59131349,,SUNPRIDE 50 50 ORANGE,12X1LTR,L,15.94,1,2026-07-06,0.95,seen only once in the captured window
LWC Drinks,59737548,,FUNKIN RASPBERRY,5X1KG,kg,83.26,1,2026-07-14,0.95,seen only once in the captured window
LWC Drinks,59737941,,FUNKIN GRENADINE SYRUP 70CL NRB,,L,6.6,1,2026-05-31,0.95,seen only once in the captured window
LWC Drinks,59805348,,EAGER CRANBERRY 8X1L,,L,22.21,1,2026-07-01,0.96,seen only once in the captured window
LWC Drinks,61002339,,BUFFALO TRACE BOURBON *FREE*,70CL,L,,1,2026-07-14,0.95,seen only once in the captured window
LWC Drinks,62000077,,BOTTLEGREEN ELDRF CORD*ONLINE P*,,,2.55,1,2026-08-05,0.94,seen only once in the captured window
LWC Drinks,62000204,,Corona Cero 0% Alcohol Free Lager NRB PROMO PRICE,24 x 330ml,L,16.9,1,2026-08-25,0.90,seen only once in the captured window
LWC Drinks,99000106,,DELIVERY CHARGE,,,5,1,2026-05-16,0.95,seen only once in the captured window
Makro,063724,,Coke Zero,24 330ml,L,11.95,1,2025-11-26,0.95,seen only once in the captured window
Makro,069558,,Silver Spoon Icing Sugar,3kg,kg,7.99,1,2026-01-05,0.95,seen only once in the captured window
Makro,083813,,Chambord Liqueur,1 70cl,L,22.19,1,2025-12-24,0.90,seen only once in the captured window
Makro,084803,,Strathmore Still Water Glass,12 750ml,L,10.15,1,2026-03-04,0.90,seen only once in the captured window
Makro,096671,,Red Bull Sugar Free,24 250ml,L,22.99,1,2026-06-17,0.95,seen only once in the captured window
Makro,125145,,Eager Cloudy Prsd Apple Jce,8 1ltr,L,17.99,1,2025-11-19,0.93,seen only once in the captured window
Makro,125147,,Eager Squeezed Orange Juice,8 1ltr,L,19.98,1,2025-11-19,0.93,seen only once in the captured window
Makro,143126,,Food Conn Astd Muffin,16 Sgl,,10.99,1,2025-10-29,0.90,seen only once in the captured window
Makro,143786,,Prosecco Spumante DOC Ex Dry,6 75cl,L,37.29,1,2026-09-09,0.95,seen only once in the captured window
Makro,162517,,CP Micro Fibre Cloths,1 5pk,each,5.99,1,2026-07-09,0.90,seen only once in the captured window
Makro,175113,,Kopparberg 0% Mixed Fruit,8 500ml,L,9.89,7,2026-07-15,0.90,seen with 2 different pack sizes (500ml; 8500ml)
Makro,178264,,F/Sht Orange Low Sugar,12 275ml,L,6.15,1,2026-02-18,0.93,seen only once in the captured window
Makro,178265,,F/Sht Apple&Blkcrt Low Sugar,12 275ml,L,6.15,1,2026-02-18,0.93,seen only once in the captured window
Makro,181392,,FF Lime,1 2kg,kg,5.49,1,2026-03-04,0.90,seen only once in the captured window
Makro,184204,,Gun End Bamboo Skewer 150mm,1 250pk,each,6.99,1,2025-10-29,0.95,seen only once in the captured window
Makro,184212,,Jena Knotted Skewers 150mm,1 200pk,each,6.99,1,2025-10-29,0.95,seen only once in the captured window
Makro,185579,,Disaronno,6 70cl,L,105.99,1,2026-01-14,0.95,seen only once in the captured window
Makro,190617,,Bacardi Carta Blanca,1 1ltr,L,19.69,5,2026-06-10,0.95,seen with 2 different pack sizes (11l; 1l)
Makro,198792,,CL Cling Dispenser,9 300m,,129.99,1,2025-12-24,0.93,seen only once in the captured window
Makro,212451,,CL Cling Film 450mm,1 305m,,9.99,1,2025-10-22,0.95,seen only once in the captured window
Makro,233125,,CP Ex Large HD Refuse Sacks,1 90pk,each,13.49,1,2025-10-22,0.95,seen only once in the captured window
Makro,238164,,Haribo Rhubarb & Custard 2p,1 300s,,4.19,1,2025-11-05,0.90,seen only once in the captured window
Makro,238194,,Kopparberg Non Alcohol S/bry,8 500ml,L,9.89,5,2026-06-10,0.90,seen with 2 different pack sizes (500ml; 8500ml)
Makro,242082,,Ice Valley Still,8 21tr,,3.69,1,2026-08-12,0.90,seen only once in the captured window
Makro,257038,,Gordons Mediterranean Orange,1 70cl,L,13.99,1,2026-06-10,0.95,seen only once in the captured window
Makro,260706,,Maltesers Box,16 110g,kg,29.59,1,2025-10-22,0.95,seen only once in the captured window
Makro,268554,,Kahlua Coffee Liqueur,6 70cl,L,79.09,1,2026-01-14,0.95,seen only once in the captured window
Makro,274528,,Silver Spoon Icing Sugar,1 25kg,kg,31.49,28,2026-09-09,0.90,seen with 2 different pack sizes (125kg; 25kg)
Makro,274833,,Corona Cero NRB,6 4x330ml,L,18.69,4,2026-07-15,0.90,seen with 2 different pack sizes (4x330ml; 64x330ml)
Makro,275297,,Cointreau,1 70cl,L,18.99,7,2026-07-29,0.90,seen with 2 different pack sizes (170cl; 70cl)
Makro,275994,,Olmeca Silver Tequila,70cl,L,19.89,7,2026-04-08,0.90,seen with 2 different pack sizes (170cl; 70cl)
Makro,279173,,Monin Grenadine Syrup,1 1ltr,L,10.49,3,2025-12-24,0.90,seen with 2 different pack sizes (11l; 1l)
Makro,279246,,Catering Rubber Gloves Med,1 6Prs,,6.99,1,2026-04-22,0.93,seen only once in the captured window
Makro,283066,,Clrly Blue Vnyl PF Glove Lrg,10 100pk,each,29.99,13,2026-07-22,0.90,seen with 2 different pack sizes (100; 10100pk)
Makro,288863,,Tanqueray Gin 41.3%,1 70cl,L,15.49,1,2025-12-24,0.93,seen only once in the captured window
Makro,289914,,Monin Grenadine Syrup,1ltr,L,4.975,2,2026-04-08,0.90,seen with 2 different pack sizes (1l; 61l)
Makro,292034,,Bacardi Carta Blanca PM1799,6 70cl,L,63.99,1,2026-05-23,0.95,seen only once in the captured window
Makro,298458,,Gordons Pink Gin 35%,1 70cl,L,13.99,1,2026-06-10,0.95,seen only once in the captured window
Makro,299476,,Clrly Blue Vnyl PF Glove Med,10 100pk,each,29.99,5,2026-01-14,0.90,seen with 2 different pack sizes (100; 10100pk)
Makro,302788,,CTS BakingParchment,50Mx450mm,,70.99,2,2026-03-25,0.93,seen with 2 different pack sizes (50mx450mm; 50mx450mm9sgl)
Makro,304713,,Duracell Plus Power Boost AA,1 24pk,each,10.99,1,2026-06-17,0.95,seen only once in the captured window
Makro,306267,,CREDIT NOTE 000000 10.00 off 100.00 Softs,1 sgl,,,1,2026-09-09,0.95,seen only once in the captured window
Makro,306564,,Blue Centrefeed 2ply,1 6pk,each,4.99,14,2026-09-09,0.90,seen with 2 different pack sizes (16pk; 6)
Makro,308022,,CTS 2Ply 8FNapkin Wht39x40cm,20 100s,,44.99,1,2026-07-15,0.90,seen only once in the captured window
Makro,317808,,Fairy Prof Plat ADW Original,113pk,each,15.99,1,2026-05-20,0.90,seen only once in the captured window
Makro,319484,,Pimms No 1 22% ABV,6 70cl,L,71.89,1,2026-08-12,0.90,seen only once in the captured window
Makro,448696,,Pimms No 1,1 70cl,L,13.29,1,2026-03-25,0.95,seen only once in the captured window
Makro,466599,,Smirnoff Red,70cl,L,12.79,1,2026-01-05,0.95,seen only once in the captured window
Makro,777359,,Cointreau,70cl,L,113.89,1,2026-04-08,0.95,seen only once in the captured window
Makro,975813,,Captain Morgans Spiced Rum,1 70cl,L,12.79,1,2025-11-26,0.90,seen only once in the captured window
Makro,BTGAM,,BEAVERTOWN GAMMA RAY APA 12 X 330ML CANS,12 X 330ML,L,23.99,1,2026-05-14,0.93,seen only once in the captured window
Makro,MOZWHIT,,MOZART CHOCOLATE WHITE CREAM LIQUEUR,50C,,16.99,1,2026-06-11,0.95,seen only once in the captured window
Sysco,A 114957,,FREEE Gluten Free Self Raising White Flour,1kg 5 x 1kg,kg,10.56,1,2026-01-06,0.90,seen only once in the captured window
Sysco,A 128306,,Oatly Barista Edition Oat Drink Long Life,6 x 1ltr,,,1,2025-11-26,0.90,seen only once in the captured window
Sysco,A 136378,,Brakes Essentials Floor Cleaner,8 x 1ltr,L,13.99,1,2025-11-26,0.90,seen only once in the captured window
Sysco,A 17408,,Hellmann's Classic Vinaigrette Dressing,1L 1 x 1ltr,L,6.36,1,2026-01-06,0.90,seen only once in the captured window
Sysco,A 5001480,,Noble 15 Dozen British Fresh Medium Eg,1 x 180,,,1,2025-11-26,0.90,seen only once in the captured window
Sysco,A 86870,,Preema Lemon Essence,1 x 500ml,L,4.89,1,2025-11-26,0.90,seen only once in the captured window
Sysco,A 88431,A88431,KETTLE® Chips Sea Salt & Balsamic Vinegar of Modena 40g,18 x 40g,kg,9.65,2,2026-01-27,0.90,seen with 2 different pack sizes (18x40g; 40g18x40g)
Sysco,A100243,,The Juice Orange Juice,12 x 1ltr,L,18.29,1,2026-01-20,0.90,seen only once in the captured window
Sysco,A100245,,The Juice Pineapple Juice,12 x 1ltr,L,19.03,1,2026-01-20,0.90,seen only once in the captured window
Sysco,A102934,,KETTLE® Chips Lightly Salted 450g,6 x 450g,kg,32.12,1,2026-01-13,0.90,seen only once in the captured window
Sysco,A105956,,Brakes Crisp Puffed Rice,8X600G,kg,22.18,1,2026-01-13,0.90,seen only once in the captured window
Sysco,A117293,A 117293,Schweppes Original Soda Water 1L,6 x 1ltr,L,10.42,3,2026-01-20,0.90,seen with 2 different pack sizes (1l6x1l; 6x1l)
Sysco,A129589,,Tate & Lyle Fairtrade Pumpkin Coffee Syrup,1 x 750ml,L,9.23,1,2025-11-18,0.80,seen only once in the captured window
Sysco,A135440,,Ramon Hygiene Grey Dustpan & Brush,1x1,,9.37,1,2026-01-27,0.90,seen only once in the captured window
Sysco,A136385,,Brakes Essentials Air Freshener,6 x 750ml,L,9.23,1,2025-11-18,0.80,seen only once in the captured window
Sysco,A148637,,MONIN Premium Hazelnut Syrup,1 x 1 ltr,,,1,2025-11-18,0.80,seen only once in the captured window
Sysco,A149492,,Ariel Professional Formula Pro Plus Powder,1 x 6.5kg,kg,22.32,1,2026-01-13,0.90,seen only once in the captured window
Sysco,A149964,,"Sysco Tomato Ketchup, 2.15L",1 x 2.15ltr,L,6.78,1,2026-01-20,0.90,seen only once in the captured window
Sysco,A150343,,Optimum Hand Towel Z Fold White 2Ply,15 x 198,,28.48,1,2026-01-13,0.90,seen only once in the captured window
Sysco,A255,,Sysco Classic Desiccated Coconut,1 x 2kg,kg,16.02,1,2026-01-13,0.90,seen only once in the captured window
Sysco,A4617,,Brakes Whole Hazelnuts,1 x 1kg,,,1,2025-11-18,0.80,seen only once in the captured window
Sysco,A5002322,,Sysco Classic Extra Virgin Olive Oil,1 x 2ltr,L,8,1,2026-01-20,0.90,seen only once in the captured window
Sysco,A5002323,,Sysco Classic Extra Virgin Olive Oil 5ltr,1 x 5ltr,L,2,1,2026-01-13,0.90,seen only once in the captured window
Sysco,A5008075,,Kettle Mature Cheddar & Red Onion Crisps 40g,18 x 40g,kg,9.65,1,2026-01-13,0.90,seen only once in the captured window
Sysco,A555010,,Diversey D10 Suma Bac Cleaner Sanitiser,2 x 5ltr,L,48.15,1,2025-11-18,0.80,seen only once in the captured window
Sysco,A5874,,Sysco Classic Flaked Almonds,1 x 1kg,kg,11.61,1,2026-01-27,0.90,seen only once in the captured window
Sysco,A591019,,Schweppes Slimline Lemonade,6 x 2ltr,L,9.09,1,2026-01-20,0.90,seen only once in the captured window
Sysco,A86647,A 86647,Wrapmaster 4500 Baking Parchment Paper Refill Rolls - 45cm x 50m x 3,1 x 3 rolls,,32.05,6,2026-01-27,0.80,seen with 2 different pack sizes (3rolls; 45cmx50mx31x3rolls)
Sysco,A89843,A 89843,Stainless Steel Scourer 40g,1 x 10,kg,4.12,5,2026-01-27,0.90,seen with 2 different pack sizes (10; 40g1x10)
Sysco,C 10265,,Green Seedless Grapes,1 x 500g,kg,2.53,1,2026-01-06,0.90,seen only once in the captured window
Sysco,C 10266,,Red / Black Seedless Grapes,1 x 500g,kg,2.57,1,2026-01-06,0.90,seen only once in the captured window
Sysco,C 103557,,Salad Mix,1 x 250g,,,1,2026-01-06,0.90,seen only once in the captured window
Sysco,C 10364,,Red Cherry Tomatoes,1 x 250g,kg,0.8,1,2026-01-06,0.90,seen only once in the captured window
Sysco,C 104628,,British Cheese Board Selection,1 x 860g,kg,17.07,1,2026-01-06,0.90,seen only once in the captured window
Sysco,C 10527,,Roquette,1 x 250g,kg,1.47,1,2026-01-06,0.90,seen only once in the captured window
Sysco,C 113654,,Alpro For Professionals Soya Long Life Drir,1 x 1ltr,,,1,2025-11-26,0.90,seen only once in the captured window
Sysco,C 135420,,Sheese Vegan Grated Mozzarella,1 x 1kg,,,1,2025-11-26,0.90,seen only once in the captured window
Sysco,C 591017,,Green Valley Dairy Full Fat Soft Cheese,1 x 2kg,kg,34.42,1,2025-11-26,0.90,seen only once in the captured window
Sysco,C 70215,,Wholesome Farms Fresh British Double Cre,1 x 2.27ltr,,,1,2025-11-26,0.90,seen only once in the captured window
Sysco,C136396,,Brakes Garlic Butter,1 x 1.75kg,kg,32.54,1,2026-01-20,0.90,seen only once in the captured window
Sysco,C151084,,Flora Plant B+tter Unsalted,24 x 200g,kg,30.2,1,2026-01-13,0.90,seen only once in the captured window
Sysco,C23178,C 23178,Stork Spread Tub 2kg,1 x 2kg,kg,6.56,6,2026-01-27,0.80,seen with 2 different pack sizes (2kg; 2kg1x2kg)
Sysco,F 114591,,Daloon Falafel,60 x 25g,kg,14.9,1,2026-01-06,0.90,seen only once in the captured window
Sysco,F 129077,,Brakes Porcini Mushroom Arancini,40 x 35g,kg,21.83,1,2026-01-06,0.90,seen only once in the captured window
Sysco,F110782,,Sysco Classic Gluten Free Carrot Cake,1 x 14 ptn,,20.22,1,2025-11-18,0.80,seen only once in the captured window
Sysco,F120087,F 120087,Lamb Weston Potato Puffs 1000g,1 x 1kg,kg,3.56,4,2026-01-27,0.80,seen with 2 different pack sizes (1000g1x1kg; 1kg)
Sysco,F130803,,Brakes Vegan Chocolate Fudge Cake,1 x 16ptns,,17.91,1,2026-01-27,0.90,seen only once in the captured window
Sysco,F136483,,Sysco Essentials Vegan Chocolate Fudge Cake,1 x 1,,9.3,1,2025-11-18,0.80,seen only once in the captured window
Sysco,F58606,,Bridor Mini Gourmandises,1 x 140,,45.99,1,2026-01-13,0.90,seen only once in the captured window
Twist Ingredients,1209-800g,,Pearls - High Shine 6mm Gold - Size: 800g,800g,kg,23.63,1,2026-04-07,0.90,seen only once in the captured window
Twist Ingredients,1271,,Strands - Matt - Green,1kg,kg,11.72,3,2026-09-11,0.90,seen with 2 different pack sizes (1kg; 5kg)
Twist Ingredients,1271-1kg,,Strands - Matt - Green,1kg,kg,11.72,1,2026-08-19,0.90,seen only once in the captured window
Twist Ingredients,1351NE,,Stars - Shimmer - Rainbow,12.5kg,kg,272.08,4,2026-09-07,0.90,seen with 2 different pack sizes (12.5kg; 4kg)
Twist Ingredients,1351NE-12.5kg,,Stars - Shimmer - Rainbow,12.5kg,kg,272.08,1,2026-08-19,0.90,seen only once in the captured window
Twist Ingredients,1352-4kg,,Shapes - Glimmer - Butterflies - Mother of Pearl - Size: 4kg,4kg,kg,93.04,1,2026-06-26,0.95,seen only once in the captured window
Twist Ingredients,1722-12.5kg,,Sprinkletti - Colours - Turquoise Size: 12.5kg,12.5kg,kg,362.11,1,2025-12-15,0.90,seen only once in the captured window
Twist Ingredients,1863,,Sugar Crunch - Berry,5kg,kg,77.3,1,2026-08-14,0.95,seen only once in the captured window
Twist Ingredients,2013-800g,,Shapes - Matt - Holly and berries - Size: 800g,800g,kg,16.98,1,2025-12-15,0.90,seen only once in the captured window
Twist Ingredients,2029,,Strands - Matt - Halloween,5kg,kg,61.9,3,2026-09-07,0.90,seen with 2 different pack sizes (1kg; 5kg)
Twist Ingredients,2029-5kg,,Strands - Matt - Halloween,5kg,kg,61.9,1,2026-08-19,0.90,seen only once in the captured window
Twist Ingredients,2042-12.5kg,,Shapes - Matt - Candy Canes - Red and White - Size: 12.5kg,12.5kg,kg,257.54,1,2025-12-10,0.90,seen only once in the captured window
Twist Ingredients,2042-800g,,Shapes - Matt - Candy Canes - Red and White - Size: 800g,800g,kg,18.09,1,2025-12-15,0.90,seen only once in the captured window
Twist Ingredients,2051-12.5kg,,"Strands - Matt - Red, Green and White - Size: 12.5kg",12.5kg,kg,150.16,1,2025-10-23,0.95,seen only once in the captured window
Twist Ingredients,2056,,Shapes - Halloween Mix,4kg,kg,93.04,3,2026-09-07,0.90,seen with 2 different pack sizes (4kg; 800g)
Twist Ingredients,2056-4kg,,Shapes - Halloween Mix,4kg,kg,93.04,1,2026-08-19,0.90,seen only once in the captured window
Twist Ingredients,2071,,Shapes - Matt - Witch Mix,4kg,kg,79.78,3,2026-09-07,0.90,seen with 2 different pack sizes (4kg; 800g)
Twist Ingredients,2071-4kg,,Shapes - Matt - Witch Mix,4kg,kg,79.78,1,2026-08-19,0.90,seen only once in the captured window
Twist Ingredients,6135-4kg,,Macaroni Rods - Matt - Sherbet - Size: 4kg,4kg,kg,67.57,1,2025-12-02,0.95,seen only once in the captured window
Twist Ingredients,6211,,Shapes - Matt - Skulls - Black and White,4kg,kg,67.71,3,2026-09-07,0.90,seen with 2 different pack sizes (4kg; 800g)
Twist Ingredients,6211-4kg,,Shapes - Matt - Skulls - Black and White,4kg,kg,67.71,1,2026-08-19,0.90,seen only once in the captured window
Twist Ingredients,6223,,Pearls - Glimmer - Autumn Mix,5kg,kg,84.88,3,2026-09-07,0.90,seen with 2 different pack sizes (1kg; 5kg)
Twist Ingredients,6223-5kg,,Pearls - Glimmer - Autumn Mix,5kg,kg,84.88,1,2026-08-19,0.90,seen only once in the captured window
Twist Ingredients,6403-5kg,,Pearls - Shimmer - Light Gold - Size: 5kg,5kg,kg,91.14,1,2026-03-28,0.95,seen only once in the captured window
Twist Ingredients,6405-12.5kg,,Confetti - Shimmer - Violet,12.5kg,kg,272.08,1,2026-08-19,0.90,seen only once in the captured window
Twist Ingredients,6462-800g,,Confetti - Glimmer - Blossom,800g,kg,19.96,1,2026-08-19,0.90,seen only once in the captured window
Twist Ingredients,6481,,Pearls - Pearls Mix - Glimmer Mother of Pearl,5kg,kg,109.42,1,2026-09-07,0.90,seen only once in the captured window
Twist Ingredients,6499-1kg,,Pearls - High Shine 2mm - Gold - Size: 1kg,1kg,kg,41.39,1,2026-04-07,0.90,seen only once in the captured window
Twist Ingredients,6513,,Pearls - Pearls Mix - Glimmer Silver,5kg,kg,111,1,2026-08-18,0.95,seen only once in the captured window
Twist Ingredients,6513-12.5kg,,Pearls - Pearls Mix - Glimmer Silver - Size: 12.5kg,12.5kg,kg,274.62,1,2025-12-15,0.90,seen only once in the captured window
Twist Ingredients,6550-12.5kg,,Sugar Shapes - Matt - Natural - Flowers - Hippy Mix - Size: 12.5kg,12.5kg,kg,298.22,1,2026-03-31,0.95,seen only once in the captured window
Twist Ingredients,6550-800g,,Sugar Shapes - Matt - Natural - Flowers - Hippy Mix,800g,kg,19.62,1,2026-08-19,0.90,seen only once in the captured window
Twist Ingredients,6581-15kg,,Chocolate Beans - Medium - Multicoloured Without Shellac - Size: 15kg,15kg,kg,231.1,1,2025-10-09,0.95,seen only once in the captured window
Twist Ingredients,6581-1kg,,Chocolate Beans - Medium - Multicoloured Without Shellac - Size: 1kg,1kg,kg,19.22,1,2026-05-24,0.95,seen only once in the captured window
Twist Ingredients,6595,,Jelly Slices - Lemon,80g,kg,3.69,1,2026-09-07,0.90,seen only once in the captured window
Twist Ingredients,6595-1kg,,Jelly Slices - Lemon Size: 1kg,1kg,kg,14.03,1,2025-10-09,0.95,seen only once in the captured window
Twist Ingredients,6595-80g,,Jelly Slices - Lemon - Size: 80g,80g,kg,3.69,1,2026-06-05,0.90,seen only once in the captured window
Twist Ingredients,6602,,Strands - Matt - Natural and Vegan - Green Sprinkles,5kg,kg,73.75,1,2026-08-14,0.95,seen only once in the captured window
Twist Ingredients,6616-15kg,,Confetti - Matt - Natural and Vegan 3mm - Green - Size: 15kg,15kg,kg,214.68,1,2026-03-31,0.95,seen only once in the captured window
Twist Ingredients,6616-800g,,Confetti - Matt - Natural and Vegan - 3mm - Green - Size: 800g,800g,kg,14.21,1,2025-12-15,0.90,seen only once in the captured window
