sku,supplier,supplier_sku,cost_gbp,pack_size,pack_size_raw,price_is_placeholder,sku_is_placeholder,invoice_name
10IN-CAKE-BRDS,Amazon,YFNVH,19.16,,,,,"50 Pcs 10 Inch Round Cake Cardboard, White Food Grade Cake Card Boards Bases for Baking, 3mm Thick Circles Grease-Proof Disposable Cake Plate Trays for Birthdays, Weddings, Desserts, Pizza, DIY"
10IN-CAKE-BRDS,Culpitt,16J-STR10,10.53,,,,,16J-STR10
10IN-CAKE-BRDS,The Vanilla Valley Limited,CUL-90406,2.54,,,,,"10"" Round Masonite 5mm Cake Board - Gloss White"
10IN-RND-CARD,Cater 4 You,P/VCE63,29.66,,Pack of 100,,,"10"" Round Silver Cake Card:"
10IN-SQR-CARD,Cater 4 You,NOSKU,0.10,,Box / Case,yes,yes,"10"" Square Silver Cake Card"
10IN-SQR-CARD,Cater 4 You,P/VCE25,29.66,,Pack of 100,,,"10"" Square Silver Cake Card"
10IN-SQR-CARD,Culpitt,CES10,16.83,,,,,"10"" (254mm) Square Cut Edge Cake Cards (1.1mm thick)"
12IN-CLER-PIPE,Amazon,B0G5W5TWFV,2.49,,,,,"50PCS Disposable Piping Bags, 12-Inch Clear Plastic Icing Bags, Dispose After Wse with No Washing Required, Crush-Resistant and Tear-Proof, Ideal for Frosting Decorating Cakes and Cookieses"
21IN-PIPE-BAGS,Amazon,B07YL17367,9.32,,x 100,,,"Bakery Direct 100% Recyclable 21"" Savoy Piping Bags"
21IN-PIPE-BAGS,Amazon,NOSKU,0.10,,x 100,yes,yes,"Bakery Direct 100% Recyclable 21"" Savoy Piping Bags"
21IN-PIPE-BAGS,Brakes,20954,18.96,,1x100,,,Blue Piping Bag 003 21inch
21IN-PIPE-BAGS,Brakes,A 20954,0.10,,1 x 100,yes,,Blue Piping Bag
21IN-PIPE-BAGS,Brakes,A20954,0.10,,1 x 100,yes,,Blue Piping Bag
21IN-PIPE-BAGS,Cater 4 You,25100021,27.06,,Box of 500,,,"21"" Stronghold Disposable Piping Bags"
21IN-PIPE-BAGS,Cater 4 You,25100021-C4U,7.00,,Roll of 100,,,"21"" Stronghold Disposable Piping Bags - Required: Roll of 100"
21IN-PIPE-BAGS,Cater 4 You,BAGS0001,41.75,,Box of 500,,,"18"" Blue High Grip Savoy Piping Bags - Required:"
21IN-PIPE-BAGS,Cater 4 You,NOSKU,27.06,,Box of 500,,yes,"21"" Stronghold Disposable Piping Bags"
3PLY-FACE-MASK,Brakes,133833,3.77,,1x50,,,3 Ply IIR Face Covering (Mask) DK01
4CUP-CARY-TRAY,Amazon,B0D3VJKSQR,4.89,,20-Pack,,,"AIBULO 20-Pack 4 Cup Tray Holders | Eco-Friendly Biodegradable Drink Carrier Trays for Hot & Cold Beverages | Takeaway Cup Holders for Cars, Prams, Parties, Events, Cafés & Catering"
4CUP-CARY-TRAY,Amazon,NOSKU,5.87,,20-Pack,,yes,"AIBULO 20-Pack 4 Cup Tray Holders | Eco-Friendly Biodegradable Drink Carrier Trays for Hot & Cold Beverages | Takeaway Cup Holders for Cars, Prams, Parties, Events, Cafés & Catering"
6IN-PARC-CIRC,Amazon,B09B4WSWGC,4.74,,,,,"200 Pcs Baking Parchment Circles, 6 Inch Cake Liner Parchment CirclesRound Parchment Paper Cake Tin Liners for Round Cake Tin Air Fryer Springform Tortilla Press"
6IN-PARC-CIRC,Culpitt,19P-GRR06,6.85,1000,1000,,,"6"" Round Plain Greaseproof Paper"
7UP-ZERO-CANS,Tesco,NOSKU,4.25,,8 X 330ml,,yes,7up Zero Sugar Lemon & Lime Cans
8IN-CAKE-CARD,Culpitt,16J-STR08,11.16,,"8""",,,100 PE Coated Cake Cards 1.5mm thick x
8IN-PARC-CIRC,Amazon,B08HVC5HBG,3.90,,Set of 100,,,"8 Inch Baking Parchment Circles, Set of 100, 7/9/10/12inch Cake Tin Liners Available, Round Parchment Papers for Springform Cake Tin, Pizza Maker, Tortilla Press and More"
8IN-PARC-CIRC,Amazon,B09B4XC389,3.95,,,,,"100 Pcs Baking Parchment Circles, 8 Inch Round Cake Liners Baking Parchment Circles Baking Paper for Round Cake Tin Air Fryer Springform Cake Tin Tortilla Press"
8IN-PARC-CIRC,Culpitt,19P-GRR08,9.40,1000,1000,,,"8"" Round Plain Greaseproof Paper"
A4COL-PAPR-LBLU,Amazon,B0FM862GKW,9.94,,,,,"50 Sheets A4 Coloured Paper, 70g Light Blue Printer Paper for Office Printing Crafts Projects ASIN:B0FM862GKW"
ALPR-FRUT-YOGH,Tesco,NOSKU,1.20,0.15,150g,,yes,Alpro Greek Style Mango Dairy Free Yoghurt Alternative
ANGO-ORNG-BITT,Booker,ANGORANGE,8.99,0.1,10CL,,,ANGOSTURA ORANGE BITTERS
ANGO-ORNG-BITT,LWC Drinks,37390043,11.62,0.1,10CL,,,ANGOSTURA ORANGE BITTERS
ANTI-HAND-WASH,Brakes,133732,10.00,5,1x5ltr,,,B&H Jasmine & Apple Blossom H/Wash
ANTI-HAND-WASH,Brakes,136380,0.10,10,2 x 5ltr,yes,,Brakes Essentials Antibacterial Hand Wash
ANTI-HAND-WASH,Brakes,146274,4.33,1.5,3x500ml,,,B&H Jas Apple Anti Bac Hand Wash 3x500ml
ANTI-HAND-WASH,Brakes,A 133732,0.10,5,1X5LTR,yes,,B&H Jasmne & Apple Blossom H/Wash
ANTI-HAND-WASH,Brakes,A 136380,0.10,10,2 x 5ltr,yes,,Brakes Essentials Antibacterial Hand Wash
ANTI-HAND-WASH,Brakes,A 146274,0.10,1.5,3 x 500ml,yes,,Baylis & Harding Jasmine & Apple Blossom Anti-Bacterial Hand Wash
ANTI-HAND-WASH,Brakes,A133732,0.10,5,1 x 5ltr,yes,,Baylis & Harding Jasmine & Apple Blossom
ANTI-HAND-WASH,Brakes,A146274,0.10,1.5,3 x 500ml,yes,,Baylis & Harding Jasmine & Apple Blossom Anti-Bacterial Hand Wash
ANTI-HAND-WASH,Sysco,A136380,10.07,10,2 x 5ltr,,,Brakes Essentials Antibacterial Hand Wash
ANTI-SPNG-SCOU,Booker,162494,4.99,,5pk,,,CP Antibac Sponge Scourer
APPL-CIDR-VINE,Amazon,NOSKU,0.10,,1 X 473MI,yes,yes,Bragg | Apple Cider Vinegar W/Mother
ARIE-LAUN-POWD,Brakes,149492,21.27,6.5,1x6.5kg,,,Ariel Prof Formula Pro Plus Pwdr
ARIE-LAUN-POWD,Brakes,A 149492,0.10,6.5,1X6.5KG,yes,,Ariel Prof Formula Pro Plus Pwdr
ARIE-LAUN-POWD,Brakes,A149492,22.32,6.5,1 x 6.5kg,,,Ariel Professional Formula Pro Plus Powder
ARIE-WASH-PODS,Brakes,A151251,48.56,,2 x 50,,,Ariel Professional All in 1 Washing Detergent Pods
BABY-PLUM-TOMA,Aldi,852170,1.35,,,,,BABY PLUM TOMATOES
BABY-PLUM-TOMA,Brakes,150628,1.04,0.25,1x250g,,,Baby Plum Tomatoes BB
BACA-CART-BLAN,Booker,190607,83.29,,6 70cl,,,Bacardi Carta Blanca
BACA-CART-BLAN,Booker,190608,13.79,,1 70cl,,,Bacardi Carta Blanca
BACA-CART-BLAN,Booker,190616,113.89,,6 1ltr,,,Bacardi Carta Blanca
BACA-CART-BLAN,Booker,190617,18.99,,1 1ltr,,,Bacardi Carta Blanca
BACA-CART-BLAN,Booker,191244,33.49,,1.5ltr,,,Bacardi Carta Blanca
BACA-CART-BLAN,Brakes,130921,18.69,,1x70cl,,,Bacardi CartaBlan Whte Rum
BACA-CART-BLAN,Brakes,A130921,0.10,,1 x 70cl,yes,,Bacardi Carta Blanca Rum 37.5% (Cuba)
BACA-CART-BLAN,LWC Drinks,33010047,17.90,,70cl,,,BACARDI RUM
BACA-CART-BLAN,LWC Drinks,NOSKU,17.90,,70CL,,yes,BACARDI RUM
BACA-CART-BLAN,Makro,292034,63.99,,6 70cl,,,Bacardi Carta Blanca PM1799
BACA-CART-BLAN,Makro,292035,12.69,,1 70cl,,,Bacardi Carta Blanca PM1799
BACA-CART-BLAN,Tesco,NOSKU,21.25,,70cl,,yes,Bacardi Carta Blanca
BACA-CART-ORO,Booker,0,20.99,,,,,Bacardi Carta Oro
BACA-CART-ORO,Booker,190602,127.67,,6 70cl,,,Bacardi Carta Oro
BACA-CART-ORO,Booker,190604,21.29,,1 70cl,,,Bacardi Carta Oro
BACA-CART-ORO,LWC Drinks,33013147,18.93,0.7,70CL,,,BACARDI GOLD ORO
BAIL-IRSH-CREM,Booker,772434,72.89,,6 70cl,,,Baileys Irish Cream
BAIL-IRSH-CREM,LWC Drinks,36040047,12.21,,,,,BAILEYS IRISH CREAM 70CL
BAIL-IRSH-CREM,Makro,772426,11.49,,1 70cl,,,Baileys Irish Cream
BAKE-AGAV-SYRP,LWC Drinks,50121110,7.43,0.36,360ML,,,AQUARIVA ORGAN AGAVE SYRUP
BAKE-ALMD-FLAV,Brakes,86876,5.03,0.5,1x500ml,,,Almond Flavouring
BAKE-BISC-CRUM,Amazon,B013TAVSA8,7.95,0.75,750g,,,Biscoff - Caramelised Biscuit Crumble - Ingredients from natural origin - Vegan - No colours or added flavours
BAKE-CAKE-DOWL,Amazon,B0938KPKBF,2.49,,250 MM(10INCH),,,"150 Pieces Natural Wooden Skewers for BBQ, Appetizer, Cocktail, Kabob, Fruit and Chocolate Fountain"
BAKE-CAKE-DOWL,Amazon,B09C195JJ4,7.07,,,,,24 PCS White Cake Dowel Rods Easy Cut Reused Cake Stand Sticks Cake Support Dowels Reused Cake Support Rods Cake Dowel Straws Cake Stacking Dowels Cake Rods For Cake Stacking
BAKE-CAKE-DOWL,Amazon,B0BFLCPHSP,13.23,,,,,"100PCS Cake Supports, 30cm/12inch Plastic Cake Dowels for Tiered Cakes, White Cake Supports, Easy Cut Cake Dowels For Cake Making and Stacking Support"
BAKE-CAKE-DOWL,Amazon,B0C7Q18TVG,5.41,,,,,"200 Pcs Square Wooden Sticks Dowels, 300 * 3 mm Unfinished Natural Wooden Sticks, Candy Floss Cotton Candy Food Grade Wood Sticks, Rods Hardwood Sticks for Crafts and DIY (Round)"
BAKE-CAKE-DOWL,Amazon,B0D6RLTKS8,6.66,,50 Pcs,,,ASelected Cake Dowels 50 Pcs Cake Support Rods 9.45 In(24 Cm) Plastic White Cake Dowel Rods For Tiered Cake Construction And Stacking Supporting (1.2 Cm Diameter)
BAKE-CAKE-DOWL,Amazon,B0GF7KQJJM,4.16,,,,,100Pcs Premium Wooden Dowel Rods 3mm x 300mm Unfinished Craft Sticks for DIY Model Making Cake Tier Support Home Decor & Handcraft Projects
BAKE-CAKE-DOWL,Amazon,SZCXDKJ,0.10,,50 Pack,yes,,50 Pack Unfinished Natural Wood Dowel Rods Hardwood Sticks for Crafts and DIY (250mm x 5mm)
BAKE-CARA-COOK,Morrisons,NOSKU,2.00,,,,yes,CARAMEL COOKIES
BAKE-CAST-SUGR,Brakes,11127,72.18,2,2kg,,,Brakes Caster Sugar
BAKE-CAST-SUGR,Brakes,135575,6.49,3,1x3kg,,,Brakes Caster Sugar
BAKE-CAST-SUGR,Brakes,23178,26.33,25,1x25kg,,,Brakes Caster Sugar
BAKE-CAST-SUGR,Brakes,301,25.96,25,1x25kg,,,Brakes Caster Sugar
BAKE-CAST-SUGR,Brakes,33568,35.99,2,2kg,,,Brakes Caster Sugar
BAKE-CAST-SUGR,Brakes,5007095,35.99,1,1kg,,,Brakes Caster Sugar
BAKE-CAST-SUGR,Brakes,555634,25.96,25,1x25kg,,,Brakes Caster Sugar
BAKE-CAST-SUGR,Brakes,70893,6.49,2,2kg,,,Brakes Caster Sugar
BAKE-CAST-SUGR,Brakes,743,0.10,25,1x25kg,yes,,Brakes Caster Sugar
BAKE-CAST-SUGR,Brakes,A 301,0.10,25,1 x 25kg,yes,,A 301 - Brakes Caster Sugar 1 x 25kg
BAKE-CAST-SUGR,Brakes,A301,0.10,25,1 x 25kg,yes,,Brakes Caster Sugar
BAKE-CAST-SUGR,Brakes,NOSKU,25.96,25,1x25kg,,yes,Brakes Caster Sugar 1x25kg
BAKE-CHOC-CAKE,Sainsbury's,TTD,0.10,,,yes,,CHOCOLATE CAKE
BAKE-CHOC-MUFF,Morrisons,NOSKU,1.80,,,,yes,CHOC CHUNK MUFFINS
BAKE-COCO-POWD,Amazon,BOCHMYMG2C,17.99,1,1kg,,,"Cacao Powder 1kg, by Yin & Yang Superfoods. Pure and Raw, Baking Grade, 100% Natural, High in Fibre and Protein, GMO and Palm Oil Free - Ethically Sourced ASIN: BOCHMYMG2C"
BAKE-COCO-POWD,Booker,101523,26.99,,1 1kg,,,CL Cocoa Powder
BAKE-COCO-POWD,Brakes,A 10678,0.10,0.5,1 x 500g,yes,,A 10678 - Freshers Fat Reduced Cocoa Powder 1 x 500g
BAKE-CORN-FLOR,Aldi,732504,1.95,,,,,CORNFLOUR
BAKE-CORN-FLOR,Brakes,5946,10.84,3.5,1x3.5kg,,,Bysco Classic Cornflour
BAKE-CORN-FLOR,Sainsbury's,NOSKU,2.50,,,,yes,CORNFLOUR
BAKE-CORN-FLOR,Tesco,NOSKU,5.00,0.5,500g,,yes,Brown & Polson Cornflour
BAKE-DEME-SUGR,Booker,069555,7.99,,1 3kg,,,Billingtons Demerera Sugar
BAKE-DESI-COCO,Brakes,A 255,0.10,2,1 x 2kg,yes,,Brakes Desiccated Coconut
BAKE-DESI-COCO,Brakes,A255,0.10,2,1 x 2kg,yes,,Brakes Desiccated Coconut
BAKE-FLAK-ALMD,Brakes,A 5874,14.13,1,1 x 1kg,,,Brakes Flaked Almonds
BAKE-FLAK-ALMD,Brakes,A5874,20.92,1,1 x 1kg,,,Brakes Flaked Almonds
BAKE-GRAN-SUGR,Brakes,A 150847,0.10,3,1 x 3kg,yes,,A 150847 - Tate & Lyle Granulated Sugar 1 x 3kg
BAKE-GRND-ALMD,Brakes,5154,13.50,1,1x1kg,,,Brakes Ground Almonds
BAKE-ICNG-SUGR,Makro,274528,31.49,,1 25kg,,,274528 Silver Spoon Icing Sugar
BAKE-ICNG-SUGR,SLR Supplies,55437,23.55,25,25 KG,,,25 KG ICING SUGAR
BAKE-MINI-MUFF,Aldi,10245,1.85,,,,,CAKE MINI MUFFINS
BAKE-PARC-ROLL,Amazon,B0FHGHB2YK,8.70,,30cm x 60m,,,"Baking Parchment Paper Roll - Silicone-Coated, Double-Sided Non-Stick & Greaseproof - 40gsm Virgin Pulp - Oven & Microwave Safe - BPA Free Halal & Kosher - Cutter Box"
BAKE-PARC-ROLL,Booker,131352,9.99,,50m,,,CL Prof Baking Parchment
BAKE-PARC-ROLL,Booker,235956,75.99,,9 50m,,,CL Prof Baking Parchment
BAKE-PARC-ROLL,Booker,302788,75.99,,9 Sgl,,,CTS BakingParchment
BAKE-PARC-ROLL,Brakes,10678,31.84,,1x3,,,Baking Parch Refill45cmx50m(cs)21C32
BAKE-PARC-ROLL,Brakes,21957,32.05,,45cmx50m(cs)21C32 1x3,,,Baking Parch Refill
BAKE-PARC-ROLL,Brakes,71123,32.05,,1x3,,,Baking Parch Refill45cmx50m(cs)21C32
BAKE-PARC-ROLL,Brakes,86647,34.50,,145cmx50m(cs) 21C32 1x3,,,Baking Parch Refil
BAKE-PARC-ROLL,Brakes,86681,32.05,,45cmx50m(cs)2 1x3,,,Baking Parch Refill
BAKE-PARC-ROLL,Brakes,NOSKU,31.84,,1x3,,yes,Baking Parch Refill45cmx50m(cs)21C32 1x3
BAKE-PLAN-FLOR,Brakes,114951,10.84,9,6x1.5kg,,,Brake Plain Flour
BAKE-PUFF-RICE,Brakes,105856,22.18,6.4,8x800g,,,Brakes Crisp Puffed Rice
BAKE-PUFF-RICE,Brakes,105956,17.77,4.8,8x600g,,,Brakes Crisp Puffed Rice
BAKE-PUFF-RICE,Brakes,109595,17.91,4,8x500g,,,Brakes Crisp Puffed Rice
BAKE-PUFF-RICE,Brakes,A 105956,66.54,4.8,8 x 600g,,,Brakes Crisp Puffed Rice
BAKE-PUFF-RICE,Brakes,A105956,22.00,4.8,8 x 600g,,,Brakes Crisp Puffed Rice
BAKE-WHIT-ICNG,B&M,NOSKU,0.40,1,1KG,,yes,BETTY W WHITEICING
BAKE-YEAS-DRY,M&S,29107094,1.10,,,,,BRWCKS YEAST
BAKE-YEAS-DRY,Sainsbury's,NOSKU,1.55,,,,yes,ALLINSON YEAST
BAKE-YEAS-DRY,Tesco,NOSKU,1.60,0.042,6x7g,,yes,Allinson Easy Bake Yeast
BAMB-COCK-STIK,Amazon,B07L63GSHL,6.28,,200 Counts,,,"AooQie Cocktail Sticks 200 Counts Food Picks Japaneses Style Bamboo Knotted Skewers Bamboo Toothpicks with Twisted Ends party supplies-4.7 inches, 12cm"
BAMB-COCK-STIK,Amazon,B0BF8XN11D,5.66,,,,,"200 Pcs Cocktail Sticks - Bamboo Toothpicks 12 cm Japaneses Style Natural Bamboo Knotted Skewers Food Sticks Tooth Picks for Drinks, Fruit, Appetizer, Cocktail Garnish Accessories, Party Supplies"
BAMB-COCK-STIK,Amazon,NOSKU,0.10,,12 cm,yes,yes,200 Pcs Cocktail Sticks - Bamboo Toothpicks
BANA-TOFF-LOAF,Brakes,F 118430,17.70,,1 x 19ptn,,,Brakes Banana & Toffee Loaf Cake
BANA-TOFF-LOAF,Brakes,F118430,0.10,,1 x 19ptn,yes,,Brakes Banana & Toffee Loaf Cake
BAR-GREN-SYRP,LWC Drinks,50006287,7.00,,,,,BRISTOL GRENADINE SYRUP 75CL
BAR-RASP-SYRP,LWC Drinks,50006281,8.00,,,,,BRISTOL SYRUP RASPBERRY 75CL
BAR-STRW-SYRP,Amazon,NOSKU,14.42,,,,yes,Bristol Syrup Company No.16 Strawberry Shrub
BAR-STRW-SYRP,LWC Drinks,50006285,7.86,0.75,75CL,,,BRISTOL SYRUP STRAWBERRY
BEAV-GAMA-RAY,Booker,292357,35.99,,6 4x330ml,,,Beavertown Gamma Ray
BEAV-GAMA-RAY,LWC Drinks,26633328,23.01,,,,,BEAVERTOWN GAMMA RAY 12X330ML
BEAV-GAMA-RAY,LWC Drinks,NOSKU,23.51,,12X330ML,,yes,Beavertown Gamma Ray
BEAV-GAMA-RAY,Makro,BTGAM,23.99,,12 X 330ML,,,BEAVERTOWN GAMMA RAY APA 12 X 330ML CANS
BEER-ALSK-CIDR,Aldi,739754,3.99,1.32,4X330ML,,,ALSKA 3.4%
BEER-BIRR-MORE,Booker,232387,23.49,,24 330ml,,,Birra Moretti NRB UK
BEER-BIRR-MORE,Brakes,115483,30.09,,1x24,,,Birra Moretti
BEER-BIRR-MORE,Brakes,A 115483,0.10,,1X24,yes,,Birra Moretti
BEER-BIRR-MORE,Brakes,A115483,0.10,,24 x 330ml,yes,,Birra Moretti Lager Beer
BEER-BIRR-MORE,LWC Drinks,26680023,32.79,,24X330ML,,,BIRRA MORETTI 24X330ML NRB
BEER-CORO-EXTR,LWC Drinks,26120023,26.99,,24X330ML NRB,,,CORONA EXTRA
BEET-LABN-NUTS,The red burn farm,NOSKU,12.00,,,,yes,"Beetroot, Labneh, Candied Nuts"
BIOD-BIN-LINR,Amazon,B0CBK5C2KL,14.99,,,,,"60 x 50 Litre Bin Lines, 13Gallon/50L large Garbage Bags Big Food Waste Bags for Kitchen Office Bathroom ASIN:B0CBK5C2KL"
BIOD-BIN-LINR,Amazon,B0CBK8GWQQ,13.67,,,,,"80 x 30 Litre Bin Bags, 8Gallon/30L Food Waste Bags 4 Roll Caddy Bin Liners for Kitchen Office Bathroom (60x65cm)"
BIOD-BIN-LINR,Amazon,RTBQJ-AT,23.01,,120 Bags,,,"100% Biodegradable Bin Liners, 60L Biodegradable Food Waste Bags, Super Sturdy Bin Bags"
BLAK-BIRO-PENS,Tesco,NOSKU,4.00,,10 Pack,,yes,Bic Stationery Cristal Pens Black
BLAK-EDIB-MARK,Amazon,B0F9W5W1T6,5.99,,3 Pack,,,"3 Pack Black Edible Ink Markers Set, Food-Grade Baking Tools for Cake Decorating, Cookies, Frosting & Fondant, Dual Tip Fine & Thick Food Coloring Pens, Safe for Home & Professional Bakers"
BLAK-EDIB-MARK,Amazon,FANWINKJ,6.99,,,,,"3pcs Black Edible Markers,Dual-ended Fondant Decorating Pen, Safe Food Drawing Tool for Creative Family Bonding, Professional Cake Design"
BLAK-FACE-MASK,Amazon,B08P7TYX46,6.32,100,100,,,"Aspect Black Disposable Face Masks, Comfortable Dust Masks for Nose, Mouth Coverings with Sturdy Elastic Ear Loops Ideal for Adults and Children"
BLAK-PAPR-STRW,Brakes,10230,13.29,,4x250,,,Black Paper Straw 6mmx200mm
BLAK-PAPR-STRW,Brakes,129916,16.51,,,,,Black Paper Cocktail Straw
BLAK-PAPR-STRW,Brakes,130698,13.36,,4x250,,,Black Paper Straw 6mmx200mm
BLAK-PAPR-STRW,Brakes,NOSKU,16.51,,4x250,,yes,Black Paper Cocktail Straw 4x250
BLAK-PEPR-SACH,Brakes,A 89408,0.10,,1 x 2000,yes,,Brakes Black pepper
BLAK-REFU-SACK,Amazon,B0CBK5C2KL,11.66,,60 x 50 Litre,,,"60 x 50 Litre Bin Lines, 13Gallon/50L large Garbage Bags Big Food Waste Bags for Kitchen Office Bathroom"
BLAK-REFU-SACK,Amazon,NOSKU,17.99,,,,yes,"60 x 50 Litre Bin Lines, 13Gallon/50L large Garbage Bags Big Food Waste Bags for Kitchen Office Bathroom"
BLAK-REFU-SACK,Brakes,10678,26.87,,100x1,,,Black Sack Compactor (P B111)
BLAK-REFU-SACK,Brakes,124230,15.67,,1x100,,,Black Compactor Sack (P B116)
BLAK-REFU-SACK,Brakes,151084,8.49,,1x200,,,Black H/Duty Refuse Sack (P/B106)
BLAK-REFU-SACK,Brakes,21357,5.19,,100x1,,,Black Back Compactor (P B111)
BLAK-REFU-SACK,Brakes,28990,11.29,,1x200,,,Black H/Duty Refuse Sack
BLAK-REFU-SACK,Brakes,301,27.01,,100x1,,,Black Sack Compactor (P B111)
BLAK-REFU-SACK,Brakes,58919,16.38,,100x1,,,Black Sack Compactor (P B111)
BLAK-REFU-SACK,Brakes,87722,21.97,,1x100,,,Black Ex Heavy Duty Sacks (PB114)
BLAK-REFU-SACK,Brakes,A 21357,0.10,,100X1EA,yes,,Black Sack Compactor (P B111)
BLAK-REFU-SACK,Brakes,A 28990,11.19,,1 x 200 Sacks,,,Black Compactor Sacks.
BLAK-REFU-SACK,Makro,233125,13.49,,1 90pk,,,CP Ex Large HD Refuse Sacks
BLUE-CENT-ROLL,Booker,247807,11.99,,1 6pk,,,CP Std Blue 2Ply C/Feed Roll
BLUE-CENT-ROLL,Booker,278992,17.99,,1 6pk,,,CP Prem Hvy Dty Blue CFeed
BLUE-CENT-ROLL,Booker,299225,6.99,,1 6pk,,,CLE 2 Ply Blue Centrefeed
BLUE-CENT-ROLL,Makro,306564,4.99,,1 6pk,,,Blue Centrefeed 2ply
BLUE-MICR-CLTH,Brakes,107568,10.28,,1x10,,,Blue Exel Microfibre Cloth
BLUE-RASP-BONB,Amazon,B00052L4UE,8.32,1,1kg,,,Blue Raspberry BonBons Bag
BLUE-STRP-STRW,Amazon,B0FBW7R8M8,4.99,,Pack of 100,,,"Blue Striped Paper Straws 7.75 Inches, Pack of 100 Biodegradable Disposable Blue White Drinking Straws for Bar Drinks Bridal Shower Birthday Party Suppliers"
BLUE-STRP-STRW,Amazon,NOSKU,0.10,,"7.75 Inches, Pack of 100",yes,yes,Blue Striped Paper Straws
BLUE-STRW-BERY,Sainsbury's,NOSKU,3.50,,,,yes,BLUEBERIE/STRAWBS
BLUE-VINY-GLVL,Brakes,29548,5.09,,1x100,,,Blue Powder-free Vinyl LARGE
BLUE-VINY-GLVL,Brakes,591184,5.39,,1x100,,,Blue Powder-free Vinyl LARGE GD13L
BLUE-VINY-GLVM,B&M,NOSKU,2.99,,30,,yes,ADDIS LATEX/FREE GLOVE
BLUE-VINY-GLVM,Brakes,135584,8.56,,1x100,,,Blue Powder-free Vinyl MED GD13M 1x100
BLUE-VINY-GLVM,Brakes,29547,4.59,,1x100,,,Blue Powder-free Vinyl MED
BLUE-VINY-GLVM,Brakes,29548,5.39,,LARGE GD13L 1x100,,,Blue Powder-free Vinyl
BOLD-LAUN-POWD,Brakes,591184,16.16,5.5,1x5.5KG,,,Bold Prof LF&WL Laundry Powder
BOLD-LAUN-POWD,Brakes,A 5001176,16.16,5.5,1 x 5.5kg,,,Bold Professional Lotus Flower & Water Lily Laundry Powder
BRIT-CHEE-SELN,Brakes,104628,17.00,,1x840g,,,British Cheese Board
BRIT-CHEE-SELN,Brakes,C104628,17.07,,1 x 860g,,,British Cheese Board Selection
BRIT-CHEE-SELN,Brakes,NOSKU,17.00,,1x840g,,yes,British Cheese Board 1x840g
BRIT-CHEE-SELN,Sysco,C 104628,0.10,,1 x 860g,yes,,British Cheese Board Selection
BROM-HAND-RDBL,Brakes,A 591186,4.19,,1 x 1,,,137cm RHP Handle Blue
BROM-HAND-RDBL,Brakes,A 591187,4.19,,1 x 1,,,137cm RHP Handle Red
BROM-HAND-YELW,Brakes,A 591188,0.10,,1 x 1,yes,,135cm RHP Handle Yellow
BROM-HAND-YELW,Brakes,A591188,0.10,,1 x 1,yes,,135cm RHP Handle Yellow
BUFF-TRAC-BURB,Booker,127085,104.29,,6 70cl,,,Buffalo Trace Bourbon 40%
BUFF-TRAC-BURB,Booker,127086,17.39,,1 70cl,,,Buffalo Trace Bourbon 40%
BUMB-CREM-LIQR,LWC Drinks,61001302,0.00,0.7,70CL,,,BUMBU CREAM LIQUEUR
BUMB-CREM-LIQR,LWC Drinks,NOSKU,0.00,0.7,70CL,,yes,BUMBU CREAM LIQUEUR *FREE*
CADB-HOT-CHOC,Booker,468991,14.99,,1 2kg,,,Cad Drinking Chocolate
CADB-HOT-CHOC,Brakes,508,38.14,5,1x5kg,,,Cadbury Drinking Chocolate
CADB-HOT-CHOC,Brakes,509,15.67,2,1x2kg,,,Cad Drink Choc Add Milk
CADB-HOT-CHOC,Brakes,510,5.17,0.5,1x500g,,,Cadbury Drinking Chocolate Drum
CADB-HOT-CHOC,Brakes,5596,19.80,2,1x2kg,,,Cad Hot Choc Inst Add Water
CADB-HOT-CHOC,Brakes,A 508,0.10,5,1 x 5kg,yes,,Cadbury Drinking Hot Chocolate
CADB-HOT-CHOC,Brakes,A 509,0.10,,2kg 1 x 2kg,yes,,Cadbury Original Drinking Hot Chocolate Large Tub
CADB-HOT-CHOC,Brakes,A 5596,0.10,2,1 x 2kg,yes,,Cadbury Instant Hot Chocolate
CADB-HOT-CHOC,Brakes,A508,0.10,5,1 x 5kg,yes,,Cadbury Drinking Hot Chocolate
CADB-HOT-CHOC,Brakes,A509,0.10,2,1 x 2kg,yes,,Cadbury Original Drinking Hot Chocolate Large Tub
CADB-HOT-CHOC,Brakes,A510,0.10,0.5,1 x 500g,yes,,Cadbury Drinking Hot Chocolate 500g
CADB-HOT-CHOC,Brakes,A5596,19.80,2,1 x 2kg,,,Cadbury Instant Hot Chocolate
CADB-HOT-CHOC,Sainsbury's,NOSKU,5.00,,,,yes,CADBURY COCOA TIN
CADB-HOT-CHOC,Sysco,A5596,0.10,2,1 x 2kg,yes,,Cadbury Instant Hot Chocolate 2kg
CADB-HOT-CHOC,Tesco,NOSKU,4.50,0.5,500g,,yes,Cadbury Hot Chocolate Cocoa Powder
CADB-MINI-EGGS,Brakes,A5020338,0.10,1.776,24 x 74g,yes,,Cadbury Mini Eggs Chocolate Bag
CADB-MINI-EGGS,Tesco,NOSKU,2.00,0.074,74g,,yes,CADBURY MINI EGGS
CADB-MINI-ROLL,Tesco,NOSKU,4.00,,10 Pack,,yes,Cadbury milk chocolate Mini Roll cakes
CAKE-BROW-NIES,Aldi,744348,1.59,,,,,CAKE TOA BROWNIES
CAPT-MORG-GOLD,Booker,306996,12.49,,1 70cl,,,Capt Morgan Spcd Gold PM1759
CAPT-MORG-SPIC,LWC Drinks,33070047,14.14,,70CL,,,CAPTAIN MORGAN SPICED
CAPT-MORG-SPIC,Makro,975813,12.79,,1 70cl,,,Captain Morgans Spiced Rum
CARA-ONIO-CHUT,Brakes,A 129497,0.10,2.35,1 x 2.35kg,yes,,Arran Fine Foods Caramelised Onion Chut
CARA-ONIO-CHUT,Brakes,A129497,12.52,2.35,1 x 2.35kg,,,Arran Fine Foods Caramelised Onion Chutney
CARE-HAND-WASH,Tooting Mini Market,PM149,1.49,,,,,CAREX HANDWASH ORIG
CARP-SPOT-CLNR,Amazon,B0CV114QCJ,41.66,,,,,"Akitas X6 Spot Cleaner Carpet Washer Remove Spills and Stains from Carpets, Stairs, Upholstery Portable and Compact"
CARP-SPOT-CLNR,Amazon,BOCV114QCJ,41.66,,,,,"Akitas X6 Spot Cleaner Carpet Washer Remove Spills and Stains from Carpets, Stairs, Upholstery Portable and Compact"
CAZC-HONY-TEQU,Be at one Liverpool,NOSKU,5.25,,,,yes,CAZCABEL HONEY
CHAS-RHUB-GIN,Booker,CHASEAPP,29.99,,,,,CHASE RHUBARB AND APPLE GIN 40% 70CL
CHAS-RHUB-GIN,LWC Drinks,35130148,22.25,0.7,70CL,,,CHASE RHU N BRAM APP GIN
CHEE-BLUE-STIL,Aldi,470032,0.10,,,yes,,CHEESE BLUE STILT
CHEE-BRIE-SOFT,Aldi,552214,0.10,0.22,220G,yes,,CHEESE SS BRI
CHEE-BUFF-MOZZ,Brakes,134331,16.51,1,8x125g,,,Buffalo Mozzarella
CHEE-BUFF-MOZZ,Brakes,C 134331,0.10,1,8 x 125g,yes,,Buffalo Mozzarella
CHEE-BUFF-MOZZ,Brakes,C134331,0.10,1,8 x 125g,yes,,Buffalo Mozzarella
CHEE-CAME-BERT,Brakes,117804,18.05,1.44,6x240g,,,Camembert
CHEE-CAME-BERT,Brakes,C 117804,17.98,1.44,6 x 240g,,,Camembert
CHEE-CAME-BERT,Brakes,C117804,0.10,1.44,6 x 240g,yes,,Camembert
CHEE-CAME-BERT,M&S,29098521,2.90,,250,,,Camembert
CHEE-MOZZ-BALL,Brakes,C 75350,0.10,1.5,12 x 125g,yes,,C 75350 - Cow's Milk Mozzarella Balls 12 x 125g
CHEE-STIL-TON,M&S,29120147,4.25,,,,,CB STILTON
CHEE-UNSP-ONE,ASDA,4653,0.10,,,yes,,CHEESE
CHEE-UNSP-ONE,Tesco,NOSKU,0.10,,,yes,yes,CHEESE
CHEE-UNSP-TWO,ASDA,NOSKU,4.50,,,,yes,CHEESE 2 F
CHOC-UNSP-ONE,ASDA,NOSKU,1.00,,,,yes,CHOCOLATE
CLEN-AIR-FRSH,Brakes,136385,9.16,,6x750ml,,,Brake Essentials Air Freshener
CLEN-AIR-FRSH,Brakes,A 136385,9.44,,6 x 750ml,,,Brakes Essentials Air Freshener
CLEN-AIR-FRSH,Sysco,A136385,9.23,,6 x 750ml,,,Brakes Essentials Air Freshener
CLEN-DISH-DETG,Brakes,136708,11.75,10,2x5ltr,,,Brake Essent Dishwasher Detergent
CLEN-DISH-DETG,Brakes,A 136708,0.10,10,2 x 5ltr,yes,,Brakes Essentials Dishwasher Detergent
CLEN-DISH-DETG,Brakes,A136708,0.10,10,2 x 5ltr,yes,,Brakes Essentials Dishwasher Detergent
CLEN-DISH-SALT,Brakes,151047,13.64,25,1x25Kg,,,BUT Granular Dishwasher Salt
CLEN-DISH-SALT,Brakes,A 151047,13.71,25,1 x 25kg,,,BWT Granular Salt
CLEN-DISH-SALT,Brakes,A151047,0.10,25,1 x 25kg,yes,,BWT Granular Salt
CLEN-DUST-MOP,Amazon,NOSKU,19.99,,,,yes,"36"" Large Wrestling mat mop Commercial Dust Mops for Floor Cleaning Push mop with Adjustable Handle for Company Hotel Household Cleaning Supplies"
CLEN-EXTN-DUST,Amazon,B0C96NDG3C,5.82,,,,,"ASelected Extendable Microfiber Duster Duster with 108"" Telescoping Extension Pole No Scratch to Ceiling Washable Hand Duster for Cleaning High Ceiling Fans Blinds Cobweb Cars"
CLEN-FLOR-CLNR,Booker,282792,13.49,,1 5ltr,,,CP+ Floor Cleaner
CLEN-FLOR-CLNR,Booker,286983,10.99,,1 5ltr,,,CP+ Lemon Floor Gel
CLEN-FLOR-CLNR,Brakes,136378,13.92,8,8x1ltr,,,Brake Essentials Floor Cleaner
CLEN-FLOR-CLNR,Brakes,301,13.92,8,8x1ltr,,,Brake Essentials Floor Cleaner
CLEN-FLOR-CLNR,Brakes,86647,13.99,8,8x1ltr,,,Brake Essentials Floor Cleaner
CLEN-FLOR-CLNR,Brakes,A 136378,0.10,8,8X1LTR,yes,,Brake Essentials Floor Cleaner
CLEN-FLOR-CLNR,Brakes,A136378,0.10,8,8 x 1ltr,yes,,Brakes Essentials Floor Cleaner
CLEN-FLOR-CLNR,Sysco,A 136378,13.99,8,8 x 1ltr,,,Brakes Essentials Floor Cleaner
CLEN-KITC-DEGR,Brakes,136376,10.00,,6x750ml,,,Brake Essentials Degreaser
CLEN-KITC-DEGR,Brakes,A 136376,0.10,,6X750ML,yes,,Brake Essentials Degreaser
CLEN-KITC-DEGR,Brakes,A136376,10.07,,6 x 750ml,,,Brakes Essentials Kitchen Degreaser
CLEN-LAUN-SOFT,Brakes,136389,10.98,10,2x5l,,,Brake Essentials Laundry Softener
CLEN-MICR-CLTH,Amazon,BOBWY76MWD,15.82,,Pack of 50,,,"AIDEA Microfibre Cloth, Lint Free Reusable Cleaning Cloths, Highly Absorbent Streak Free Washable Cleaning Towels Rags Dish Cloth for House, Kitchen, Car, Motorbike, Windows 30 X 30 CM, Blue"
CLEN-MICR-CLTH,Makro,162517,5.99,,1 5pk,,,CP Micro Fibre Cloths
CLEN-OVEN-CLNR,Brakes,A 136377,0.10,4.5,6 x 750ml,yes,,Brakes Essentials Oven Cleaner
CLEN-PINE-DISF,Brakes,136387,6.71,10,2x5l,,,Brake Essentials Pine Disinfectant
CLEN-PINE-DISF,Brakes,A 136387,0.10,10,2 x 5ltr,yes,,Brakes Essentials Pine Disinfectant
CLEN-PINE-DISF,Brakes,A136387,0.10,10,2 x 5ltr,yes,,Brakes Essentials Pine Disinfectant
CLEN-PROB-WIPE,Booker,289409,5.49,,1 150pk,,,CP Plus Probe Wipe
CLEN-RINS-AID,Brakes,136706,8.88,10,2x5ltr,,,Brake Essentials Rinse Aid
CLEN-RINS-AID,Brakes,A 136706,0.10,10,2 x 5ltr,yes,,Brakes Essentials Rinse Aid
CLEN-SOFT-BROM,Brakes,591182,4.40,,1x1ea,,,Broom Soft Yellow
CLEN-THIK-BLCH,Brakes,136383,8.18,10,2x5l,,,Brake Essentials Bleach
CLEN-THIK-BLCH,Brakes,136384,12.80,6,6x1ltr,,,Brake Essentials Bleach
CLEN-THIK-BLCH,Brakes,A 136384,0.10,6,6 x 1ltr,yes,,Brakes Essentials Thick Bleach
CLEN-THIK-BLCH,Brakes,A136384,0.10,6,6 x 1ltr,yes,,Brakes Essentials Thick Bleach
CLEN-TOIL-CLNR,Brakes,A136391,0.10,6,6 x 1ltr,yes,,Brakes Essentials Toilet Cleaner
CLEN-TOIL-ROLL,Booker,259488,12.99,,1 24pk,,,Blossomsoft White Toilet Tis
CLEN-TOIL-ROLL,Brakes,151574,25.54,,1x40,,,2ply Whisper Eco 4pk Toilet Roll
CLEN-WASH-LIQD,Brakes,135192,8.39,10,2x5l,,,Brake Essentials Washing Up Liquid
CLEN-WASH-LIQD,Brakes,135573,4.12,10,2x5l,,,Brake Essentials Washing Up Liquid
CLEN-WASH-LIQD,Brakes,136373,8.32,10,2x5l,,,Brake Essentials Washing Up Liquid
CLEN-WASH-LIQD,Brakes,136388,8.39,10,2x5l,,,Brake Essentials Washing Up Liquid
CLEN-WASH-LIQD,Brakes,58919,8.32,10,2x5l,,,Brake Essentials Washing Up Liquid
CLEN-WASH-LIQD,Brakes,A 136373,0.10,10,2X5LTR,yes,,Brake Essentials Washing Up Liquid
CLEN-WASH-LIQD,Brakes,A136373,16.78,10,2 x 5ltr,,,Brakes Essentials Washing Up Liquid
CLEN-WASH-LIQD,Sysco,A 136373,16.78,10,2 x 5ltr,,,Brakes Essentials Washing Up Liquid
COCK-CANS-VAR1,Aldi,742287,0.89,,,,,COCKTAIL CAN
COCK-CANS-VAR2,Aldi,742285,0.89,,,,,COCKTAIL CANS
COKE-DIET-CANS,Brakes,A 743,0.10,7.92,24 x 330ml,yes,,A 743 - Diet Coke 330ml Can 24 x 330ml
COKE-DIET-CANS,Makro,282673,10.79,,24 330ml,,,282673 Diet Coke Can
COKE-ZERO-CANS,LWC Drinks,58310323,13.26,7.92,24X330ML,,,COCA COLA ZERO 24X330ML CAN
COLR-MILL-RED,Culpitt,27C-134,3.96,0.02,20ml,,,COLOUR-COLOUR MILL-RED
COLR-MILL-YELL,Culpitt,27C-145,3.96,0.02,20ml,,,COLOUR-COLOUR MILL-YELLOW
COND-BALS-GLAZ,Brakes,88386,6.29,0.4,1x400ml,,,Brakes Balsamic Glaze
COND-BALS-GLAZ,Brakes,A 88386,0.10,0.4,1 x 400ml,yes,,Brakes Glaze with Balsamic Vinegar of Mod
COND-BALS-GLAZ,Brakes,A88386,0.10,0.4,1 x 400ml,yes,,Brakes Glaze with Balsamic Vinegar of Modena
COND-BISC-SPRD,Brakes,152061,16.72,3,1x3kg,,,Biscoff Spread
COND-CHIL-JAM,Brakes,126918,9.09,,1x1.25kg,,,Brakes Chilli Jam
COND-CHIL-JAM,Brakes,A 126918,9.09,,1 x 1.25kg,,,Brakes Chilli Jam
COND-CHIL-JAM,Brakes,A126918,0.10,,1 x 1.25kg,yes,,Brakes Chilli Jam
COND-GARL-SPRD,Brakes,136395,7.06,1.5,1x1.5kg,,,Brake Garlic Spread
COND-GARL-SPRD,Brakes,NOSKU,7.06,1.5,1x1.5kg,,yes,Brake Garlic Spread 1x1.5kg
COND-PIZA-SAUC,Brakes,119649,8.02,3,1x3Kg,,,Brakes Pizza Sauce Pouch
COND-PIZA-SAUC,Brakes,32783,7.62,3,1x3Kg,,,Brakes Pizza Sauce Pouch
COND-PIZA-SAUC,Brakes,84497,0.10,3,1 x 3kg,yes,,Brakes Pizza Topping Sauce
COND-PIZA-SAUC,Brakes,A 84497,8.02,3,1 x 3kg,,,Brakes Pizza Topping Sauce
COND-PIZA-SAUC,Brakes,A84497,0.10,3,1 x 3kg,yes,,Brakes Pizza Topping Sauce
COND-PIZA-SAUC,Brakes,NOSKU,8.02,3,1x3Kg,,yes,Brakes Pizza Sauce Pouch 1x3Kg
COND-SALT-SACH,Brakes,A 89409,5.03,,1 x 2000,,,Brakes Salt Sachets
COPE-APPL-JUIC,Sainsbury's,NOSKU,1.95,0.3,300ML,,yes,COPELLA APPLE
CORN-VANL-ICEC,M&S,29221240,0.10,,,yes,,CORNISH VANILLA
CORO-CERO-NALC,LWC Drinks,26120026,26.84,,6X4X330ML,,,CORONA CERO
CORO-CERO-NALC,LWC Drinks,62000204,13.99,,,,,CORONA CERO *ONLINE P*
CUST-MADE-APRN,Supreme Creations,APRONS SPEC MAKE,5.50,,,,,APRONS SPEC MAKE
D10-SANI-KIT,Brakes,101750,36.46,,6x0.751,,,Btl Kit Suma Bac D10 W731
DAIR-AERO-CREM,Booker,263374,3.85,,1 500g,,,Arla Pro Aerosol Cream
DAIR-AERO-CREM,Brakes,10478,3.49,0.5,1x500g,,,Brakes UHT Aerosol Crm Sweetnd
DAIR-AERO-CREM,Brakes,18502,3.49,0.5,1x500g,,,Brakes UHT Aerosol Crm Sweetnd
DAIR-AERO-CREM,Brakes,21357,27.01,0.5,1x500g,,,Arla Pro Aerosol Cream
DAIR-AERO-CREM,Brakes,70893,4.19,0.5,1x500g,,,Arla Pro Aerosol Cream
DAIR-AERO-CREM,Brakes,71123,4.19,0.5,1x500g,,,Arla Aerosol Cream
DAIR-AERO-CREM,Brakes,C 71123,0.10,0.5,1 x 500g,yes,,Arla Pro Instant Whipped UHT Aerosol Cream
DAIR-AERO-CREM,Brakes,C18502,0.10,0.5,1 x 500g,yes,,Brakes UHT Aerosol Cream Sweetened
DAIR-AERO-CREM,Brakes,C71123,0.10,0.5,1 x 500g,yes,,Arla Pro Instant Whipped UHT Aerosol Cream
DAIR-AERO-CREM,Sysco,C 18502,3.49,0.5,1 x 500g,,,Brakes UHT Aerosol Cream Sweetened
DAIR-GARL-BUTR,Brakes,136396,32.54,1.75,1x1.75kg,,,Brake Garlic Butter
DAIR-GARL-BUTR,Brakes,C 136396,0.10,1.75,1 x 1.75kg,yes,,Brakes Garlic Butter
DAIR-GARL-BUTR,Sysco,C136396,0.10,1.75,1 x 1.75kg,yes,,Brakes Garlic Butter
DAIR-MEDM-EGGS,Booker,168776,31.99,,1 180,,,CL Medium Eggs
DAIR-MEDM-EGGS,Booker,273856,34.99,,1 180,,,CL Medium Barn Eggs 180
DAIR-MEDM-EGGS,Brakes,135575,39.85,,1X180,,,Brakes Med Eggs (Shell On)
DAIR-MEDM-EGGS,Brakes,152412,11.40,,,,,Ballygarvey 60 British Barn Eggs Med
DAIR-MEDM-EGGS,Brakes,26089,40.05,,1X180,,,Brakes Med Eggs (Shell On) 15Dozen
DAIR-MEDM-EGGS,Brakes,4111,39.85,,1X180,,,Brakes Med Eggs (Shell On) 15Dozen
DAIR-MEDM-EGGS,Brakes,70893,0.10,,1 x 180,yes,,15 Dozen British Fresh Medium Eggs
DAIR-MEDM-EGGS,Brakes,A 152412,11.40,,1 x 60,,,Ballygarvey 60 British Barn Eggs Med
DAIR-MEDM-EGGS,Brakes,A 70327,0.10,,1 x 180,yes,,Brakes 15 Dozen British Fresh Free Range Medium Eggs
DAIR-MEDM-EGGS,Brakes,A 70893,39.85,,1 x 180,,,Brakes 15 Dozen British Fresh Medium Eggs
DAIR-MEDM-EGGS,Brakes,A70327,0.10,,1 x 180,yes,,Brakes 15 Dozen British Fresh Free Medium Eggs
DAIR-MEDM-EGGS,Brakes,A70893,0.10,,1 x 180,yes,,Brakes 15 Dozen British Fresh Medium Eggs
DAIR-MEDM-EGGS,Sysco,A 70893,0.10,,1 x 180,yes,,15 Dozen British Fresh Medium Eggs
DAIR-MEDM-EGGS,Sysco,A70893,78.50,,1 x 180,,,15 Dozen British Fresh Medium Eggs
DAIR-OAT-MILK,Booker,226268,11.45,,8 1ltr,,,Alpro Oat Original UHT
DAIR-OAT-MILK,Brakes,118560,1.88,,1 litr,,,Alpro Oat Drink
DAIR-OAT-MILK,Brakes,C118560,0.10,1,1 x 1ltr,yes,,"Alpro Oat Plant-Based Long Life Drink, Vegan & Dairy Free, 1L"
DAIR-OAT-MILK,Brakes,NOSKU,1.88,,1 litr,,yes,Alpro Oat Drink 1 litr
DAIR-SALT-BUTR,Tesco,NOSKU,2.80,0.2,200g,,yes,Anchor Salted Butter
DAIR-SOUR-CREM,Brakes,C 526841,7.55,1,1 x 1kg,,,BV Dairy Set Soured Cream
DAIR-SOYA-MILK,Brakes,109618,11.40,8,8x1L,,,Alpro Original Soya Sweetened
DAIR-SOYA-MILK,Brakes,113654,1.67,1,1x1ltr,,,ALPRO Soya For Professionals
DAIR-SOYA-MILK,Brakes,128154,12.80,8,8x1Ltr,,,Alpro Soya Wholebean Unsweetened
DAIR-SOYA-MILK,Brakes,135584,1.67,1,1x1ltr,,,ALPRO Soya For Professionals
DAIR-SOYA-MILK,Brakes,C 113654,0.10,1,1 x 1ltr,yes,,Alpro For Professionals Soya Long Life Drink
DAIR-SOYA-MILK,Brakes,C 128154,0.10,8,8 x 1ltr,yes,,"Alpro Soya No Sugars Plant-Based Long Life Drink, Vegan & Dairy Free"
DAIR-SOYA-MILK,Brakes,C109618,0.10,8,8 x 1ltr,yes,,"Alpro Soya Plant-Based Long Life Drink, Vegan & Dairy Free, 1L"
DAIR-SOYA-MILK,Brakes,C113654,1.67,1,1 x 1ltr,,,Alpro For Professionals Soya Long Life Drink
DAIR-SOYA-MILK,Brakes,C128154,0.10,8,8 x 1ltr,yes,,"Alpro Soya No Sugars Plant-Based Long Life Drink, Vegan & Dairy Free"
DAIR-SOYA-MILK,Sainsbury's,NOSKU,2.00,,,,yes,ALPRO FRESH SOYA MLK
DAIR-SOYA-MILK,Sysco,C 113654,0.10,1,1 x 1ltr,yes,,Alpro For Professionals Soya Long Life Drir
DAIR-SOYA-MILK,Tesco,NOSKU,2.30,1,1l,,yes,Alpro Soya No Sugar Chilled Dairy Free Drink
DAIR-UNSL-BUTR,Booker,305935,73.45,,40 250g,,,Arla Pro Unsalted Butter
DAIR-UNSL-BUTR,Brakes,11127,74.31,10,40x250g,,,Brake Unsaled Butter
DAIR-UNSL-BUTR,Brakes,178,60.95,10,40x250g,,,Brake Unsalted Butter
DAIR-UNSL-BUTR,Brakes,74826,0.10,0.25,1x250g,yes,,Brake Unsalted Butter
DAIR-UNSL-BUTR,Brakes,C 11127,0.10,10,40 x 250g,yes,,C 11127 - Sysco Classic Unsalted Butter 40 x 250g
DAIR-UNSL-BUTR,Brakes,C11127,0.10,10,40 x 250g,yes,,Brakes Unsalted Butter
DAIR-UNSL-BUTR,Brakes,C74088,277.14,5,20 x 250g,,,Brakes Unsalted Butter
DAIR-UNSL-BUTR,Brakes,C74826,0.10,0.25,1 x 250g,yes,,Brakes Unsalted Butter
DAIR-UNSL-BUTR,Sainsbury's,JS,1.99,,,,,BRIT UNSLTED BTR
DAIR-WHOL-MILK,Brakes,123027,17.42,12,12x1ltr,,,Arla UHT Whole Milk
DAIR-WHOL-MILK,Brakes,C 123027,0.10,,1L 12 x 1ltr,yes,,Arla Long life UHT Whole Milk
DAIR-WHOL-MILK,Brakes,C123027,0.10,12,12 x 1ltr,yes,,Arla Long life UHT Whole Milk
DAIR-WHOL-MILK,Sainsbury's,NOSKU,0.10,,,yes,yes,CRAVENDALE WHOLE
DARK-CHOC-COUV,Booker,205004,43.99,,1 2.5kg,,,Callebaut D Choc Drops
DARK-CHOC-COUV,Booker,285779,119.99,10,10kg,,,Callebaut Dark Chocolate
DARK-CHOC-COUV,Brakes,A 152602,0.10,2.5,2.5kg,yes,,A 152602 - Sephra Belgian Dark Couverture Chocolate 2.5kg 1 x 2.5kg
DARK-CHOC-COUV,JMPosner,BL41172C5,85.46,,5KG Bag,,,Blanxart Raval Dark Chocolate 71%
DARY-FREE-CHAI,Brakes,120016,12.94,,1x1,,,Artisan Dairy Free Chai Latte
DEME-SUGR-STIK,Brakes,34031,9.02,,1x1000,,,Brakes Demerara Sugar Stick
DEME-SUGR-STIK,Brakes,A 34031,8.95,,1 x 1000,,,Brakes Demerara Sugar Sticks
EMME-CHEE-SLIC,Brakes,C 71917,26.02,,1 x 500g (25 slices),,,Brakes Emmental Cheese Slices
EMME-CHEE-SLIC,Brakes,C71917,0.10,,1 x 500g (25 slices),yes,,Brakes Emmental Cheese Slices
FIZZ-PRTY-SWET,Booker,317018,1.39,,1 400g,,,Bebeto Fizzy Party Mix Tub
FOOD-CHEE-SELN,Brakes,134490,12.03,0.65,650g,,,Butlers of Lanc Cheese Selection
FOOD-CHEE-SELN,Brakes,C 134490,0.10,0.65,1 x 650g,yes,,Butlers Cheese Selection
FOOD-CHEE-SELN,Brakes,C134490,0.10,0.65,1 x 650g,yes,,Butlers Cheese Selection
FOOD-FREN-CHEE,Aldi,283099,0.10,,,yes,,CHEESE FRENCH
FOOD-GUAC-MOLE,Brakes,5026322,5.45,1,1x1kg,,,Avogrande Classic Guacamole
FOOD-GUAC-MOLE,Brakes,F5026322,0.10,1,1 x 1kg,yes,,Avogrande Guacamole
FOOD-QUIC-LORR,Brakes,133638,21.90,,4x1kg,,,Brakes Essentials Quiche Lorraine
FOOD-QUIC-LORR,Brakes,450610,3.03,,4x1kg,,,Brakes Essentials Quiche Lorraine
FOOD-QUIC-LORR,Brakes,89703,21.34,,4x1kg,,,Brakes Essentials Quiche Lorraine
FOOD-QUIC-LORR,Brakes,F 133638,0.10,,4 x 1kg,yes,,Brakes Essentials Fully Baked Quiche Lorraine Slabs
FOOD-QUIC-LORR,Brakes,F133638,0.10,,4 x 1kg,yes,,Brakes Essentials Fully Baked Quiche Lorraine Slabs
FOOD-QUIC-LORR,Brakes,NOSKU,20.74,,4x1kg,,yes,Brakes Essentials Quiche Lorraine 4x1kg
FOUR-CHEE-QUIC,Brakes,NOSKU,21.76,4,4x1kg,,yes,Brake Essential Four Cheese Quiche 4x1kg
FRUT-FORE-MIX,Booker,255066,7.99,,1 1kg,,,CL Frozen Summer Fruits Mix
FRUT-FORE-MIX,Brakes,10292,6.49,1,1kg,,,Brake Fruits Of The Forest Mix
FRUT-FORE-MIX,Brakes,135575,8.21,1,1kg,,,Brake Fruits Of The Forest Mix
FRUT-FORE-MIX,Brakes,23178,6.49,2,2kg,,,Brake Fruits Of The Forest Mix
FRUT-FORE-MIX,Brakes,350101,8.21,1,1kg,,,Brake Fruits Of The Forest Mix
FRUT-FORE-MIX,Brakes,4111,8.21,1,1kg,,,Brake Fruits Of The Forest Mix
FRUT-FORE-MIX,Brakes,450610,9.45,1,1kg,,,Brake Fruits Of The Forest Mix
FRUT-FORE-MIX,Brakes,F 4111,0.10,1,1KG,yes,,Brake Fruits Of The Forest Mix
FRUT-FORE-MIX,Brakes,F4111,9.45,1,1KG,,,Brake Fruits Of The Forest Mix
FRUT-FORE-MIX,Brakes,NOSKU,8.21,1,1kg,,yes,Brake Fruits Of The Forest Mix 1kg
FRUT-FORE-MIX,Makro,255065,79.89,,10 1kg,,,CL Frozen Summer Fruits Mix
FRUT-FORE-MIX,Sysco,F 4111,115.29,1,1 x 1kg,,,Brakes Fruits of the Forest
GEL-FOOD-COLR,Culpitt,75056,6.15,0.025,25g,,,COLOUR-CSP-GEL-LEMON
GEL-FOOD-COLR,Culpitt,75060,6.16,0.025,25g,,,COLOUR-CSP-GEL-VIOLET
GEL-FOOD-COLR,Culpitt,75065,6.15,0.025,25g,,,COLOUR-CSP-GEL-NAVY BLUE
GEL-FOOD-COLR,Culpitt,75069,6.14,0.025,25g,,,COLOUR-CSP-GEL-RED
GEL-FOOD-COLR,Culpitt,75076,6.14,0.025,25g,,,COLOUR-CSP-GEL-DARK BROWN
GLAS-STEL-CLNR,Brakes,136707,9.23,,6x750ml,,,Brake Essent Glass & S/S Cleaner
GLAS-STEL-CLNR,Brakes,A136707,9.23,,6x750ml,,,Brakes Essentials Glass & Stainless Steel Cl
GLUT-FREE-PITA,Tesco,NOSKU,3.15,0.22,220g,,yes,Bfree Gluten Free Stone Baked Pitta Bread
GRAT-MILD-CHEE,Booker,153117,12.49,,1 2kg,,,CE Mild White Grated
HALA-BEEF-PEPP,Brakes,134730,10.49,1,1Kg,,,Aminah Halal Slicd Beef Pepperoni
HENR-HOOV-BAGS,Amazon,NOSKU,15.99,,Pack of 10 + 5 Freshener Sticks,,yes,Avern Genuine Numatic Hepa-Flo Hoover Bags Henry Hetty NRV Vacuum Cleaner Dust Bags
INDR-BROM-LONG,Amazon,B0B3HF6PTN,10.52,,,,,"Broom Indoor Sweeping Broom Brush with Long Handle, UMAYCOOL Kitchen Indoor Floor Brush with Dense Soft Bristles Perfect for Sweeping Room Office Kitchen"
INDR-BROM-LONG,Amazon,NOSKU,12.62,,,,yes,"Broom Indoor Sweeping Broom Brush with Long Handle, UMAYCOOL Kitchen Indoor Floor Brush with Dense Soft Bristles Perfect for Sweeping Room Office Kitchen"
JUIC-APPL-RASP,Tesco,NOSKU,0.10,0.25,250ml,yes,yes,Apple & Raspberry
JUIC-FRUT-APP,Brakes,100244,13.88,12,12x1ltr,,,Brakes The Juice Apple
JUIC-FRUT-APP,Brakes,89657,9.99,5.4,27x200ml,,,Brakes The Juice Apple
JUIC-FRUT-ORG,Brakes,100243,19.99,12,12x1ltr,,,Brakes The Juice Orange
JUIC-FRUT-ORG,Brakes,NOSKU,19.99,12,12x1ltr,,yes,Brakes The Juice Orange 12x1ltr
JUIC-FRUT-PIN,Brakes,100245,18.89,12,12x1ltr,,,Brakes The Juice Pineapple
KETL-CHIP-SALT,Brakes,A 88433,0.10,0.72,18 x 40g,yes,,A 88433 - KETTLE® Lightly Salted 18x40g Crisps 18 x 40g
KETL-CHIP-SWCH,Brakes,A 25412,0.10,0.72,18 x 40g,yes,,A 25412 - KETTLE® Chips Sweet Chilli & Sour Cream 40g 18 x 40g
KIND-BUEN-3PK,Sainsbury's,KINDER,0.10,,,yes,,BUENO MLK3PK
LACT-FREE-CHED,Tesco,NOSKU,0.10,0.2,200g,yes,yes,Arla Lactofree Mature Cheddar Cheese
LEEK-EMME-QUIC,Brakes,129433,21.90,4,4x1kg,,,Brake Essen Leek & Emmental Slab
LEEK-EMME-QUIC,Brakes,133562,22.04,4,4x1kg,,,Brakes Emmental Slab
LEEK-EMME-QUIC,Brakes,F 133562,0.10,4,4 x 1kg,yes,,Brakes Essentials Fully Baked Leek & Emmental Cheese Quiche Slab
LEEK-EMME-QUIC,Brakes,F133562,0.10,4,4 x 1kg,yes,,Brakes Essentials Fully Baked Leek & Emmental Cheese Quiche Slab
LEEK-EMME-QUIC,Brakes,NOSKU,21.29,4,4x1kg,,yes,Brake Essen Leek & Emmental Slab 4x1kg
LEMN-POPY-LOAF,Brakes,F 118429,17.70,,1 x 19ptn,,,Brakes Lemon & Poppy Seed Loaf Cake
LEMN-POPY-LOAF,Brakes,F118429,0.10,,1 x 19ptn,yes,,Brakes Lemon & Poppy Seed Loaf Cake
LGHT-BROW-SUGR,Tesco,NOSKU,2.60,0.5,500g,,yes,Billingtons Light Brown Sugar
LIQD-EGG-2CHK,Sainsbury's,TWO,3.50,,,,,CHICKS EGG WHITE
LIQD-EGG-WHIT,Brakes,C 135575,0.10,1,1 x 1kg,yes,,C 135575 - Noble Free Range Liquid Egg White 1 x 1kg
LIQR-APER-APRT,Booker,118657,68.89,,6 70cl,,,Aperol
LIQR-APER-APRT,Booker,118658,11.49,,1 70cl,,,Aperol
LIQR-APER-APRT,Brakes,131395,13.49,,1x70cl,,,Aperol Aperitivo
LIQR-APER-APRT,Brakes,A 131395,0.10,,1 x 70cl,yes,,Aperol Aperitivo
LIQR-APER-APRT,Brakes,A131395,0.10,,1 x 70cl,yes,,Aperol Aperitivo 70cl 11% (Italy)
LIQR-APER-APRT,LWC Drinks,48040247,16.77,,70CL,,,APEROL 70CL
LIQR-CAMP-ARI,Booker,532119,101.89,,6 70cl,,,Campari
LIQR-CAMP-ARI,Booker,951327,16.99,,1 70cl,,,Campari
LIQR-CHAM-BORD,LWC Drinks,36291047,22.62,,,,,CHAMBORD RASPBERRY 70CL
LIQR-COIN-TREA,LWC Drinks,36080047,24.19,,,,,COINTREAU 70CL
LIQR-DISA-AMAR,LWC Drinks,36030047,20.09,,70CL,,,AMARETTO DISARONNO
MILK-CHOC-COUV,Booker,205018,43.99,,1 2.5kg,,,Callebaut Milk Choc Drops
MILK-CHOC-COUV,Booker,266084,119.99,10,10kg,,,Callebaut Milk Choc Calleta
MILK-CHOC-COUV,Brakes,152601,36.95,2.5,1x2.5kg,,,Belgian Couverture Choc
MINI-CAKE-BITE,Aldi,732361,1.99,,,,,CAKE: MINI BITES
MINI-PKWH-MARS,Brakes,136227,5.31,0.35,1x350g,,,Brake Pnk White Mini Mrshmlow Tub
MINI-PKWH-MARS,Brakes,A 136227,0.10,0.35,1 x 350g,yes,,Brakes Mini Pink and White Marshmallows
MINI-PKWH-MARS,Brakes,A136227,0.10,0.35,1x350g,yes,,Brakes Mini Pink and White Marshmallows
MINI-PSTY-SELN,Brakes,58606,51.51,,1x140,,,Bridor Mini Gourmandises RTB
MINI-PSTY-SELN,Brakes,F 58606,0.10,,1 x 140,yes,,Bridor Mini Gourmandises
MINI-PSTY-SELN,Sysco,F58606,0.10,,1 x 140,yes,,Bridor Mini Gourmandises
MINI-VEG-SPRL,Brakes,3928,9.37,,1x90,,,Brake Mini Vegetable Spring Rolls
MINI-VIEN-MIX,Booker,283102,21.49,,1 90s,,,Bridor Mini Mix Vien Pastrie
MULT-PAPR-STRW,Amazon,B0B88BMCN8,5.82,,,,,"250 Pcs Paper Straws Multicolors Stripped Straw - Alternative to Plastic Straws Disposable, Biodegradable and Compostable Perfect for Drinking, can be use for Cocktail, Milk, Ocassions and Parties."
MULT-PAPR-STRW,Amazon,NOSKU,6.99,,,,yes,"250 Pcs Paper Straws Multicolors Stripped Straw - Alternative to Plastic Straws Disposable, Biodegradable and Compostable Perfect for Drinking, can be use for Cocktail, Milk, Ocassions and Parties."
NBIO-LAUN-DETG,Brakes,135192,18.40,10,2x5l,,,Brake Essentials Laundry Detergent
NBIO-LAUN-DETG,Brakes,136388,18.26,10,2x5l,,,Brake Essentials Laundry Detergent
NBIO-LAUN-DETG,Brakes,138388,18.40,10,2x5l,,,Brake Essentials Laundry Detergent
NBIO-LAUN-DETG,Brakes,21357,18.26,10,2x5l,,,Brake Essentials Laundry Detergent
NBIO-LAUN-DETG,Brakes,23178,18.26,10,2x5l,,,Brake Essentials Laundry Detergent
NBIO-LAUN-DETG,Brakes,A 136388,18.40,10,2 x 5ltr,,,Brakes Essentials Non-Biological Laundry Detergent
NBIO-LAUN-DETG,Brakes,A136388,0.10,10,2 x 5ltr,yes,,Brakes Essentials Non-Biological Laundry
NBIO-LAUN-DETG,Brakes,NOSKU,18.40,,2x51,,yes,Brake Essentials Laundry Detergent
NUTS-PIST-KERN,Brakes,10678,25.25,1,1x1kg,,,Brakes Pistachio Kernels
NUTS-PIST-KERN,Brakes,4617,25.25,1,1x1kg,,,Brakes Pistachio Kernels
NUTS-PIST-KERN,Brakes,5874,37.09,1,1x1kg,,,Brakes Pistachio Kernels
NUTS-PIST-KERN,Brakes,8623,37.09,1,1x1kg,,,Brakes Pistachio Kernels
NUTS-PIST-KERN,Brakes,8823,25.25,1,1x1kg,,,Brakes Pistachio Kernels
NUTS-PIST-KERN,Brakes,A8823,0.10,1,1 x 1kg,yes,,Brakes Pistachio Kernels
NUTS-PIST-KERN,Brakes,NOSKU,25.25,1,1x1kg,,yes,Brakes Pistachio Kernels 1x1kg
NUTS-PIST-KERN,Sysco,A 8823,37.09,1,1 x 1kg,,,Brakes Pistachio Kernels
NUTS-WALN-PIEC,Brakes,2925,9.16,1,1x1kg,,,Brakes Walnut Pieces
NUTS-WALN-PIEC,Brakes,2926,11.96,1,1x1kg,,,Brakes Walnut Pieces
NUTS-WALN-PIEC,Brakes,86647,17.14,1,1x1kg,,,Brakes Walnut Pieces
NUTS-WALN-PIEC,Brakes,A100256,37.64,1,1 x 1kg,,,Brakes Walnut Halves
NUTS-WALN-PIEC,Brakes,A2926,0.10,1,1kg,yes,,Brakes Walnut Pieces
NUTS-WALN-PIEC,Brakes,NOSKU,11.96,1,1x1kg,,yes,Brakes Walnut Pieces 1x1kg
NUTS-WHOL-HAZL,Brakes,4617,13.76,1,1x1kg,,,Brakes Whole Hazelnuts
NUTS-WHOL-HAZL,Brakes,86874,13.76,1,1x1kg,,,Brakes Whole Hazelnuts
NUTS-WHOL-HAZL,Brakes,A 4617,19.17,1,1 x 1kg,,,Brakes Whole Hazelnuts
NUTS-WHOL-HAZL,Sysco,A4617,0.10,1,1 x 1kg,yes,,Brakes Whole Hazelnuts
PACK-ALUM-FOIL,Brakes,15515,7.49,,50cmx75m,,,Brakes Essentials Foil
PACK-ALUM-FOIL,Deniz London,NOSKU,1.99,,,,yes,ALUMINIUM FOIL
PACK-CLNG-FILM,Booker,129644,69.99,,9 305m,,,CL Cling Film 450mm
PACK-CLNG-FILM,Booker,212491,0.10,,305m,yes,,CL Cling Film
PACK-CLNG-FILM,Booker,302784,9.25,,1 Sgl,,,CTS PVC ClingFilm
PACK-CLNG-FILM,Makro,212451,9.99,,1 305m,,,CL Cling Film 450mm
PACK-WHIT-NAPK,Brakes,135584,9.02,,2x300,,,Brakes White 2ply Napkin 33cm
PACK-WHIT-NAPK,Brakes,5021212,8.53,,3x200,,,Brakes 2Ply 32cm White Napkin
PACK-WHIT-NAPK,Brakes,88289,9.02,,33cm 2x300,,,Brakes White 2ply Napkin
PACK-WHIT-NAPK,Brakes,88315,26.10,,2x2500s,,,Brks 3Ply 40cm White Napkin
PACK-WHIT-NAPK,Brakes,A 5021212,0.10,,3 x 200,yes,,Brakes 2Ply 32cm White Napkin
PACK-WHIT-NAPK,Brakes,A 88289,0.10,,2 x 300,yes,,Brakes White 2ply Napkin
PACK-WHIT-NAPK,Brakes,A88315,0.10,,2 x 250,yes,,Brakes White 3 Ply Napkin 40cm
PAPR-PORT-POTS,Cater 4 You,75000,34.52,,"Box Of 5,000",,,1oz Paper Portion Pot
PAPR-PORT-POTS,Cater 4 You,75001,90.18,,Box / Case,,,2fl.oz Paper Sauce Pot
PAPR-PORT-POTS,Cater 4 You,GEPAPPW50000,54.95,,"Box Of 5,000",,,2oz Paper Portion Pot:
PEAC-BRID-APRN,Supreme Creations,NOSKU,5.70,,,,yes,Bride tribe peach apron
PITT-MIXD-OLIV,Brakes,119649,9.30,1,1x1kg,,,Bar Mix Olives (Pitted)
PITT-MIXD-OLIV,Brakes,119849,2.51,1,1x1kg,,,Bar Mix Olives (Pitted)
PITT-MIXD-OLIV,Brakes,150624,9.31,1,1x1kg,,,Bar Mix Olives (Pitted)
PITT-MIXD-OLIV,Brakes,27544,9.30,1,1x1kg,,,Bar Mix Olives (Pitted)
PITT-MIXD-OLIV,Brakes,742,9.37,1,1x1kg,,,Bar Mix Olives (Pitted)
PITT-MIXD-OLIV,Brakes,C119649,0.10,1,1X1KG,yes,,Bar Mix Olives (Pitted)
PKWH-2PLY-ROLL,Amazon,B0762HG4TR,19.71,,20 Rolls in A Box,,,76 x 76 2 ply White and Pink Rolls
PKWH-2PLY-ROLL,Amazon,NOSKU,23.65,,20 Rolls in A Box,,yes,76 x 76 2 ply White and Pink Rolls
PORC-MUSH-ARAN,Brakes,10364,21.69,1.4,40x35g,,,Brake Porcini Mushroom Arancini
PORC-MUSH-ARAN,Brakes,129077,18.11,1.4,40x35g,,,Brake Porcini Mushroom Arancini
PORC-MUSH-ARAN,Brakes,133562,22.04,1.4,40x35g,,,Brake Porcini Mushroom Arancini
PORC-MUSH-ARAN,Brakes,F 129077,0.10,1.4,40 x 35g,yes,,Brakes Porcini Mushroom Arancini
PORC-MUSH-ARAN,Brakes,F129077,0.10,1.4,40 x 35g,yes,,Brakes Porcini Mushroom Arancini
PORC-MUSH-ARAN,Brakes,NOSKU,18.11,1.4,40x35g,,yes,Brake Porcini Mushroom Arancini 40x35g
PPE-DISH-APRN,Alibaba,NOSKU,1.35,,,,yes,Adjustable Dishwasher Apron Custom Logo Cotton Polyester Pure Color Black Cooking Food Aprons Kitchen Man Women Garden Bib Chef
PPE-HAIR-BAND,Amazon,B08NXK3C48,2.49,,,,,"120 PCS Elastic Hair Bands, 2mm Hair Ties Elastic Bobbles Hairbands Ponytail Holders No Metal Gentle Hair Bands for Women Girls Kids"
PPE-HAIR-BAND,Amazon,B0B9C58KT1,3.32,,,,,"300Pcs Elastic Hair Bands, 2mm Hair Ties Ponytail Holders for Women, No Metal Gentle Hair Bands for Women Girls (Multicolor)"
PPE-HAIR-BAND,Amazon,B0FZ8J5NK2,2.41,,,,,"300 PCS Hair Bands, 2mm Elastic Hair Ties Hair Bobbles Stretch Ponytail Holders for Women Girls"
PPE-HAIR-BAND,Amazon,B0FZ8PSV1B,2.91,,,,,"500 PCS Hair Bands, Elastic Hair Ties Seamless Small Hair Bobbles Stretch Ponytail Holders for Girls Women"
PPE-HAIR-BAND,Amazon,BODTHS69T9,3.82,,,,,200 PCS Hair Bobbles 2mm Hair Bands for All Hair Durable Hair Ties Hair Elastics Strong Elasticity Hair Accessories for Long Term Use No Damage Hair Bands for Girls Women and Men (Black)
PPE-HAIR-BAND,Amazon,KTHZI,3.89,,,,,"100 PCS Elastic Hair Bobbles - Black Elastic Hair Ties Ponytail Holders for Women, Girls, Kids, Men"
PPE-HAIR-NETS,Amazon,NOSKU,5.99,,,,yes,"100 Disposable Hair Nets - 21"" Blue Mob Caps Non-Woven Double Elastic Hair Caps for Catering, Hairnets for Kitchen & Food Prep - Lightweight Breathable Disposable Shower Caps & Hair Net for catering"
PPE-WATR-APRN,Amazon,B0CKHY72GH,8.07,,,,,"2 Set Waterproof Apron, 45.27"" Heavy Duty Work Apron, Chemical Acid Stain Oil Resistant Aprons, Butcher Aprons with Adjustable Strap for Men, Women Professional Kitchen Apron for Pet Shop Car Wash BBQ"
PREP-FOOD-LABL,Amazon,B0954WTR8M,5.92,,1 Roll of 500 Labels,,,49x74mm Prepped Food Labels - Red Text Removable - Use by Food Labels - Food Rotation Roll - Supplied in Rolls of 500. Label Size: 49 x 75mm (1 Roll of 500 Labels)
PREP-FOOD-LABL,Amazon,NOSKU,0.10,,,yes,yes,49x74mm Prepped Food Labels - Red Text Removable - Use by Food Labels - Food Rotation Roll - Supplied in Rolls of 500. Label Size: 49 x 75mm (1 Roll of 500 Labels)
PRNT-RIBN-SP700,Amazon,3157BR,14.16,,12-Pack,,,"Bigger 12-Pack Compatible SP700 Printer Ribbon B/R Replacement for Star SP-700BR, RC-700BR, SP-712, SP-712R, SP-742, SP-742R Ink Ribbon (Black and Red)"
PROD-BEEF-TOMA,Brakes,450671,4.36,,1x5 Pack,,,Beef Tomatoes
PROD-BEEF-TOMA,Brakes,C 450671,0.10,,1 x 5,yes,,Beef Tomatoes
PROD-BEEF-TOMA,Brakes,C450671,0.10,,1 x 5,yes,,Beef Tomatoes
PROD-BLAK-BERY,Aldi,80913,0.10,,,yes,,BLACKBERRIES
PROD-BLUE-BERY,Brakes,33325,5.99,1,1x1kg,,,Blueberries
PROD-BLUE-BERY,Brakes,5001527,5.24,0.3,1x300g,,,Blueberries OC 149605 BB
PROD-BLUE-BERY,Brakes,591248,4.68,0.3,1x300g,,,Blueberries
PROD-BLUE-BERY,Brakes,C 5028744,0.10,1,1 x 1kg,yes,,Blueberries
PROD-BLUE-BERY,Brakes,C 591248,0.10,0.3,1 x 300g,yes,,Blueberries
PROD-BLUE-BERY,Brakes,C591248,0.10,0.3,1 x 300g,yes,,Blueberries
PROD-BLUE-BERY,Sainsbury's,JS,3.30,0.4,400G,,,Blueberries
PROD-BLUE-BERY,Tesco,NOSKU,0.10,0.25,250g,yes,yes,Blueberries
PROD-CARR-HOUM,Sainsbury's,NOSKU,1.35,,,,yes,CARROT & HOUMOUS
PROD-CHER-TOMA,Brakes,146257,1.50,0.25,1x250g,,,British Red Cherry Tomatoes BB
PROD-CHER-TOMA,Brakes,C 146257,1.50,0.25,1 x 250g,,,British Isle of Wight Cherry Tomatoes
PROD-CUCU-MBER,Sainsbury's,JS,0.99,,,,,CUCUMBER WHOLE
PROD-CUCU-MBER,Sainsbury's,NOSKU,0.99,,,,yes,CUCUMBER WHOLE
PROD-FRSH-BASL,Brakes,C 113879,0.10,0.1,1 x 100g,yes,,C 113879 - Herb Bunched Basil 1 x 100g
PROD-FRSH-MINT,Brakes,C 113882,0.10,0.1,1 x 100g,yes,,C 113882 - Large Mint Bunch 1 x 100g
PROD-GREN-GRAP,Nisa,NOSKU,0.10,0.5,500G,yes,yes,CO OP GREEN GRAPES*
PROD-RASP-BERY,Brakes,F4116,0.10,,1 x 500g,yes,,Brakes Raspberries
PROD-ROCK-LEAF,Brakes,5001984,2.44,0.15,1x150g,,,British Rocket BB
PROD-ROCK-LEAF,Brakes,C 5001984,0.10,0.15,1 x 150g,yes,,British Rocket
PSTY-ALMD-CROI,Coffee House,NOSKU,0.10,,,yes,yes,Almond Croissant
PSTY-BUTR-CROI,Tesco,NOSKU,2.60,,8 Pack,,yes,All Butter Croissants
PSTY-CHEE-TWST,Brakes,62730,49.06,,1x50,,,BH Cheese Twist
PSTY-PAIN-CHOC,Booker,080763,10.99,,1 20x75g,,,Bridor Pain au Chocolat RTB
RANB-BELT-CABL,Booker,317016,1.39,,1 400g,,,Bebeto Rainbow Belts Tub
RANB-BELT-CABL,Booker,317017,1.39,,1 400g,,,Bebeto Rainbow Cables Tub
SAUC-POTS-4OZ,Amazon,B0F2SPY1GK,5.74,,4oz-100 ml,,,"50 Packs Round Container, Sauces Cups Stackable Food Small Containers with Lids, Clear Round Leakproof Plastic Takeaway Sauce Pots for Small Dips Chutney Ketchup Salads"
SAVR-CAUL-WING,Brakes,131051,8.81,1,1x1kg,,,Brakes Cauliflower Wings
SAVR-CAUL-WING,Brakes,F 131051,0.10,1,1 x 1kg,yes,,Brakes Cauliflower Wings
SAVR-CAUL-WING,Brakes,F131051,0.10,1,1 x 1kg,yes,,Brakes Cauliflower Wings
SAVR-ROST-BITE,Brakes,149766,6.29,2.5,1x2.5kg,,,Aviko Rosti Bites
SEA-SALT-CRYS,Booker,156598,3.29,,1 1.1kg,,,CL Sea Salt Crystals
SELF-RASG-FLOR,Booker,483860,11.55,,4 3kg,,,CL Self Raising Flour
SELF-RASG-FLOR,Booker,483870,2.99,,1 3kg,,,CL Self Raising Flour
SEMI-SKIM-MILK,Brakes,19665,0.10,12,12 x 1ltr,yes,,Arla Long Life UHT Semi Skimmed Milk
SEMI-SKIM-MILK,Brakes,C 19665,0.10,12,12 x 1ltr,yes,,Arla Long Life UHT Semi Skimmed Milk 1L
SEMI-SKIM-MILK,Brakes,C19665,12.31,12,12 x 1ltr,,,Arla Long Life UHT Semi Skimmed Milk
SEMI-SKIM-MILK,Lidl,NOSKU,1.65,,,,yes,British Semi Skimmed
SEMI-SKIM-MILK,Nisa,2,0.10,,4PT,yes,,CO OP SEMI SKIMM MILK
SEMI-SKIM-MILK,Nisa,NOSKU,1.60,,2PT,,yes,CO OP 2PT FRESH SEMI SKIMM
SEMI-SKIM-MILK,Sysco,C 19665,0.10,12,12 x 1ltr,yes,,Arla Long Life UHT Semi Skimmed Milk
SEMI-SKIM-MILK,Sysco,C19665,0.10,12,12 x 1ltr,yes,,Arla Long Life UHT Semi Skimmed Milk 1L
SKYR-NATL-YOGH,Tesco,NOSKU,0.10,0.45,450g,yes,yes,Arla Skyr Natural Icelandic Style Yogurt
SLIC-GAMM-HAM,Brakes,C 70008,0.10,0.454,1 x 454g,yes,,C 70008 - Sysco Classic Cooked Sliced Gammon Ham 1 x 454g (av. 12 slices)
SLIC-JALA-PEPP,Brakes,106727,2.98,1,1x1kg,,,Brakes Sliced Jalapeno Peppers
SLIC-JALA-PEPP,Brakes,32783,17.19,1,1x1kg,,,Brakes Sliced Jalapeno Peppers
SLIC-JALA-PEPP,Brakes,A 106727,0.10,1,1 x 1kg,yes,,Brakes Sliced Green Jalapeno Peppers in Brine
SLIC-JALA-PEPP,Brakes,A106727,9.51,1,1kg,,,Brakes Sliced Green Jalapeno Peppers in B
SMOK-CHED-SLIC,Brakes,C 110817,0.10,,1 x 1kg (50 slices),yes,,Brakes Smoked Cheddar Cheese Slices
SMOK-CHED-SLIC,Brakes,C110817,0.10,,1 x 1kg (50 slices),yes,,Brakes Smoked Cheddar Cheese Slices
SNAC-CRAC-KERS,ASDA,NOSKU,0.10,,,yes,yes,CRACKERS
SNAC-HAND-CRSP,Aldi,78936,1.09,,,,,CRINKLE CRISPS
SNAC-HAND-CRSP,Aldi,82021,1.09,,,,,CRISPS HAND COOKED
SOFT-BOTL-WATR,Sainsbury's,NOSKU,0.95,2,2L,,yes,BRTWATER
SOFT-BUXT-WATR,Sainsbury's,NOSKU,1.60,1,1L,,yes,BUXTON
SOFT-COCO-BAY,Aldi,741667,0.95,,,,,COCOBAY CAN
SOFT-COKE-BOTL,Poundland,NOSKU,1.00,0.5,500ML,,yes,COKE BOTTLE
SOFT-COKE-CANS,Brakes,A 742,0.10,,24 x 330ml,yes,,A 742 - Coca-Cola Original Taste 330ml Can 24 x 330ml
SOFT-COKE-CANS,LWC Drinks,58310023,15.31,,,,,COCA COLA 24X330ML CAN
SOFT-COKE-CANS,Makro,282574,14.79,,24 330ml,,,282574 Coca Cola Can
SOFT-COKE-CANS,Sainsbury's,NOSKU,1.45,,,,yes,CCA COLA ORGNL TSTE
SOFT-ELDR-CORD,Booker,135823,16.89,,6 500ml,,,Bottlgrn Elderflower Cordial
SOFT-ELDR-CORD,Booker,194205,2.99,,1 500ml,,,Bottlgrn Elderflower Cordial
SOFT-ELDR-CORD,Brakes,135124,28.27,3,6x500ml,,,Bottlegreen Elderflower Cordial
SOFT-ELDR-CORD,Brakes,87800,16.72,3,6x500ml,,,Bottlegreen Elderflower Cordial
SOFT-ELDR-CORD,Brakes,A 87800,0.10,3,6 x 500ml,yes,,Bottlegreen Elderflower Cordial
SOFT-ELDR-CORD,Brakes,A87800,0.10,3,6 x 500ml,yes,,Bottlegreen Elderflower Cordial
SOFT-ELDR-CORD,LWC Drinks,51301149,3.99,0.5,50CL,,,BOTTLE GREEN ELDERF CORDIAL
SOFT-RWHT-LEMN,Makro,533927,9.29,,24 330ml,,,533927 R Whites Lemonade
SOYA-VANL-YOGH,Tesco,NOSKU,2.75,0.5,500g,,yes,Alpro Vanilla Dairy Free Soya Yoghurt Alternative
SPIR-ABSL-VODK,Booker,318639,13.99,,1 70cl,,,Absolut Vodka PM1999
SPIR-ABSL-VODK,Booker,503510,14.49,,1 70cl,,,Absolut Vodka Blue
SPIR-ABSL-VODK,LWC Drinks,35320047,17.31,,70CL,,,ABSOLUT VODKA
SPIR-ABSL-VODK,LWC Drinks,NOSKU,17.31,,70CL,,yes,ABSOLUT VODKA
SPIR-ABSL-VODK,Makro,503500,89.89,,6 70cl,,,503500 Absolut Vodka Blue
SPIR-ANGO-BITT,Booker,148700,9.79,,1 200ml,,,Angostura Bitters 44.7%
SPIR-ANGO-BITT,LWC Drinks,37390042,15.01,,,,,ANGOSTURA BITTERS 20CL
SPIR-BELV-VODK,LWC Drinks,35252847,89.69,,,,,BELVEDERE VODKA 1.75L
SPRK-4CEL-SET,B&M,NOSKU,0.10,0.068,68G,yes,yes,BETTY W 4 CELL/SPRINK
SQZY-CLER-HONY,Brakes,A 350157,0.10,0.68,1 x 680g,yes,,Brakes Squeezy Clear Blossom Honey
STAT-A4LAM-POUC,Amazon,B0170BUOCA,8.29,,,,,"120 Sheets Deskit Laminating Pouches A4, Gloss, 150 Microns - Clear and Durable Presentations - Ideal Rigidity for Everyday Use"
STAT-A4LAM-POUC,Amazon,NOSKU,9.79,,120 Sheets,,yes,"120 Sheets Deskit Laminating Pouches A4, Gloss, 150 Microns - Clear and Durable Presentations - Ideal Rigidity for Everyday Use"
STAT-A4PLA-WALL,Amazon,NOSKU,4.99,,7PCS,,yes,A4 Plastic Wallets 7PCS Folders Waterproof Plastic Wallet Transparent Colours with Button Storage and Organization Office Supplies
STAT-A4PRN-PAPR,Amazon,B01FSGVN4M,17.91,,Pack of 5,,,"Amazon Basics Multi-Purpose Copy Printer Paper, A4 80 GSM, 2500 Count (Pack of 5), White"
STAT-A4PRN-PAPR,Amazon,B0FQNP9YTN,15.55,,Pack of 5,,,"Amazon Basics Multi-Purpose Copy Printer Paper, A4 75 GSM, 2,500 Count (Pack of 5), White"
STAT-A4PRN-PAPR,Amazon,NOSKU,20.84,,Pack of 5,,yes,"Amazon Basics Multi-Purpose Copy Printer Paper, A4 80 GSM, 2500 Count"
STAT-STIK-NOTE,Amazon,B0D7BS6P5G,4.66,,,,,"500Pcs Sticky Notes, 100mm x 150mm 10 Colors Post It Notes, Post It Notes Pack, Sticky Notes Set for Notebook Office School Home, 50 Sheets/Pad"
STAT-STIK-NOTE,Amazon,B0F6CZ4RGQ,6.66,,,,,"(18 Pads) Sticky Notes 76 mm x 76 mm Post, Self-Stick Pads Bright Colors Sticky Note, Recyclable, Easy to Post for Home, Office, Notebook, 56 Sheets/Pad, 1008 Sheets Total"
STAT-STIK-NOTE,Amazon,BOBDRJSZYB,6.57,,,,,"800pcs Coloured Sticky Notes, 75 x 75mm, 8 Pads of 100 Sheets Self-Stick Notes, Sticky Notes Set for Marking and Highlighting Pages"
STAT-TILL-ROLL,Amazon,NOSKU,25.90,,20 Rolls,,yes,"20 Rolls of Premium 80 x 80mm Thermal Paper Till Rolls, Receipt for EPOS POS, Cash Register, Credit Card Machine PDQ, for Epson Citizen Printer TH243 CBM232 CBM233 CBM253"
STAT-TILL-ROLL,Amazon,TH243 CBM232 CBM233 CBM253,21.58,,20 Rolls,,,"20 Rolls of Premium 80 x 80mm Thermal Paper Till Rolls, Receipt for EPOS POS, Cash Register, Credit Card Machine PDQ, for Epson Citizen Printer"
STIL-BOTL-WATR,Makro,189805,2.99,,24 500ml,,,189805 Ice Valley Still Sprng Water
STOR-BUTR-ALTN,Brakes,C 23178,0.10,2,1 x 2kg,yes,,"C 23178 - Stork Professional Butter Alternative 70% Fat, 2kg 1 x 2kg"
STRP-SWET-BAGS,Amazon,B0BPPQFWMZ,3.99,,,,,"5x7"" Pack of 100 Assorted Striped Paper Sweet Bags Ideal for Any Occasion & can be used as Party, Candy, Sweet, Gift, Popcorn, Small Paper bags (Mixed, 5x7-100 Bags)"
STRP-SWET-BAGS,Amazon,B0CCWSQ51Z,3.74,,,,,"AMD Nexus 100 5"" x 7"" Striped Candy Sweet Paper Bags | Wedding Buffet Favour Cake Gift Pick n Mix Shop | Premium Quality UK Made (Mixed)"
SURG-FACE-MASK,Amazon,NOSKU,4.91,,Pack of 50,,yes,"British Brand | Omnitex 3ply Premium Type IIR Disposable Surgical Face Mask | EN14683:2019 | 98% Filtration, Fluid Resistant, Medical Face Mask 2R with Ear Loops"
SWET-CADB-TWRL,Tesco,NOSKU,1.00,,Single 43g,,yes,Cadbury Twirl Chocolate Bar
SWET-JELY-BEAN,Amazon,B0GQJVRVWM,16.11,3,3kg,,,"Barratt Jelly Beans 3kg Bulk Bag, Classic Fruity Flavoured Chewy Sweets | Large Sharing Bag for Parties, Events and Sweet Tables | Professionally Packed for Freshness"
SWET-JELY-BEAN,Amazon,NOSKU,14.37,3,3kg,,yes,"Barratt Jelly Beans Bulk Bag, Classic Fruity Flavoured Chewy Sweets | Large Sharing Bag for Parties, Events and Sweet Tables | Professionally Packed for Freshness"
SWET-JELY-BEAN,Wholesale Sweets,301018,13.33,,1 x 3kg Bag,,,Barratt Jelly Beans
TOMA-CHEE-QUIC,Brakes,133561,22.18,4,4x1kg,,,Brake Esse Tom & Cheese Quiche
TOMA-CHEE-SLAB,Brakes,F 133561,0.10,4,4 x 1kg,yes,,Brakes Essentials Fully Baked Tomato & Cheese Quiche Slabs
TOMA-CHEE-SLAB,Brakes,F133561,0.10,4,4 x 1kg,yes,,Brakes Essentials Fully Baked Tomato & Cheese Quiche Slabs
TRIO-CHEE-BORD,Brakes,134489,20.71,0.93,6x155g,,,Butlers Brit Trio Cheeseboard
TRIO-CHEE-BORD,Brakes,C 134489,0.10,0.93,6 x 155g,yes,,Butlers British Trio Cheeseboard
TRIO-CHEE-BORD,Brakes,C134489,0.10,0.93,6 x 155g,yes,,Butlers British Trio Cheeseboard
UHT-SKIM-MILK,Brakes,C 123028,0.10,12,12 x 1ltr,yes,,Arla Long Life UHT Skimmed Milk 1L
UHT-SKIM-MILK,Brakes,C123028,0.10,12,12 x 1ltr,yes,,Arla Long Life UHT Skimmed Milk
VEGN-CARA-BISC,Brakes,130801,18.25,,1x14,,,Brake Vegan Caramelised Biscuit Cake
VEGN-CARA-BISC,Brakes,F 130801,0.10,,1 x 14ptn,yes,,Brakes Vegan Caramelised Biscuit Cake
VEGN-CHIK-TEND,Brakes,F5027450,0.10,4,4 x 1kg,yes,,Beyond Meat Chicken Tenders
VEGN-CHOC-FUDG,Brakes,130803,0.10,,1 x 16ptns,yes,,Brakes Vegan Chocolate Fudge Cake
VEGN-CHOC-FUDG,Brakes,5874,17.91,,1x16,,,Brake Vegan Choc Fudge Cake Pre-Cut
VEGN-CHOC-FUDG,Brakes,F 130803,20.29,,1 x 16ptns,,,Brakes Vegan Chocolate Fudge Cake
VEGN-CHOC-FUDG,Brakes,F130803,0.10,,1 x 16ptns,yes,,Brakes Vegan Chocolate Fudge Cake
VEGN-CHOC-FUDG,Brakes,NOSKU,20.36,,1x16,,yes,Brake Vegan Choc Fudge Cake Pre-Cut 1x16
VEGN-SAUS-ROLL,Brakes,129445,26.66,,50x120g,,,Brake 6in Unbkd Vegan Saus Roll
WHIT-BRID-APRN,Supreme Creations,NOSKU,5.70,,,,yes,Bride white apron
WHIT-NAPK-16IN,Sainsbury's,NOSKU,1.90,,,,yes,50 white Inch napkin
WHIT-SUGR-STIK,Brakes,34030,8.67,,1x1000,,,Brakes White Sugar Sticks
WHIT-SUGR-STIK,Brakes,A 34030,8.88,,2.5g x 1000,,,Brakes White Sugar Sticks
WHIT-WINE-VINE,Tesco,NOSKU,2.30,0.35,350ml,,yes,Aspall White Wine Vinegar
WINE-ALMA-MERL,Culpitt,49224858,9.33,,,,,Alma de Chile Merlot Reserva 75cl
WINE-ALMA-MERL,LWC Drinks,4922058,9.33,,,,,ALUNA DE CHILE MERLOT RES 75CL
WINE-ALMA-MERL,LWC Drinks,49224858,9.98,,75CL,,,ALMA DE CHILE MERLOT RES
WINE-CHAM-PAGN,LWC Drinks,40101350,20.87,,NV75CL,,,CHAMPAGNE CHARLES JOUBERT
WINE-PINO-NOIR,LWC Drinks,46183139,8.57,,75CL,,,CRAMELE RECAS PINOT NOIR
WINE-PINO-NOIR,LWC Drinks,NOSKU,8.57,,75CL,,yes,CRAMELE RECAS PINOT NOIR
